District,organisationunitid,organisationunitname,id_Shp_file,Remarks
Agra,iqYgALY5y5A,Akola,140,
Agra,NWLheaE7Ac4,Khandauli,137,
Agra,TNFp3ouQZzy,Bah,150,
Agra,PskcWzXXxHt,Barauli Ahir,141,
Agra,RjTiJ3wL4Ir,Bichpuri,139,
Agra,eV15qufBx79,Achhnera,143,
Agra,xiUPA06ix22,Etmadpur,138,
Agra,vKblzOJTuGM,Fatehabad,148,
Agra,tZd8rrGLhlU,Fatehpur Sikri,142,
Agra,JGBdoOZp18V,Jagner,144,
Agra,PlRYdgqkTLD,Jaitpur Kalan,151,
Agra,hO5EeDRnO8S,Kheragarh,145,
Agra,sGuuKBoA9Rh,Pinahat,149,
Agra,mqJOhnNW2ce,Saiyan,146,
Agra,CSr734nIeVU,Shamsabad,147,
Firozabad,njhb7CY73zh,Araon,159,
Firozabad,rgR8kKaylIH,Shikohabad,158,
Agra,CUTzCqh1nRn,Agra (Urban),#N/A,
Firozabad,v4LM2W1q50L,Eka,155,
Firozabad,C4DRedrM3Pb,Jasrana,157,
Firozabad,GcLGdTGiU8M,Kotla (Narkhi),153,
Firozabad,ipancoUtUKq,Kheragarh (Hathwant),156,
Firozabad,TEd7x916bEz,Madanpur,160,
Firozabad,TJrLeyFzLWY,Tundla,152,
Mainpuri,GdimZzDSdCV,Ghiror,161,
Mainpuri,EeFlmvJs36p,Barnahal,164,
Mainpuri,Dn4n2S6qEWw,Bewar,167,
Mainpuri,Ri9nZlNp7vJ,Sultanganj,166,
Mainpuri,BkcbTCyupP9,Jagir,168,
Mainpuri,HNZwOODMyul,Karhal,165,
Mainpuri,yWnYeaWXCE1,Kishni,169,
Aligarh,fDgjRPtNpqt,Lodha,112,
Mainpuri,PZAj1qhZHhE,Kuraoli,162,
Mathura,j3WnhnsAIht,Baldeo,133,
Mathura,RiVugbfNzS2,Nandgaon,127,
Mathura,sbVBq9HPEgp,Chaumuha,129,
Mathura,BEiGzI07UOM,Chhata,128,
Mathura,txI2jZXppyQ,Farah,136,
Mathura,bztOHPUBTjU,Govardhan,134,
Mathura,EWInJymroFJ,Mat,131,
Mathura,r2eMDAoHzuI,Nohjhil,130,
Aligarh,ARlYpTrc811,Tappal,#N/A,
Mathura,CGmxoB5JV9G,Raya,132,
Aligarh,WFVLpMb2xKo,Akrabad,114,
Aligarh,O5BIieG3GQR,Atrauli,115,
Aligarh,XYBTVZE0LeN,Iglas,119,
Aligarh,Pf9sH55x9lG,Bijauli,116,
Aligarh,oV5iZQFUzGo,Chandaus,110,
Aligarh,S842tHqLUI1,Gangiri,117,
Aligarh,jkV9lhxAuuK,Gonda,118,
Aligarh,DeIlv8osqJa,Dhanipur,113,
Aligarh,nYlhMfttxtb,Jawan Sikanderpur,111,
Aligarh,AN2dWDiHkBb,Khair,109,
Aligarh,Ae6KfBl84FW,Aligarh (Urban),#N/A,
Ambedkar Nagar,HHlxYUknESU,Akbarpur,512,
Etah,uHgTlwfqKI8,Aliganj,808,
Etah,vXfCZfdMkdf,Awagarh,814,
Etah,mK3aOsGURLr,Jaithara,807,
Etah,MGuYssW76Oy,Jalesar,813,
Etah,PS1fneX0UVV,Marehra,809,
Etah,w3fNposwL8t,Nidhauli Kalan,810,
Etah,H5UJopTvZPy,Sakit,812,
Ambedkar Nagar,dgOT0Nq7Zja,Ambedkar Nagar  (Urban),#N/A,
Hathras,nGMlBiXPa8W,Sadabad,125,
Hathras,TY8SzPsUCPQ,Hasayan,122,
Amroha,ouPBHlLzBAu,Joya,58,
Hathras,NHwhqnwjZ0d,Mursan,124,
Hathras,AcznJJtvLKq,Sahpau,126,
Hathras,Sy6tfTi18KA,Sasni,120,
Hathras,ws066anR0wR,Sikandra Rao,121,
Kasganj,rhv6cneiTR1,Ganj Dundwara,819,
Amroha,Ygt5E2MGGWd,Amroha (Urban),#N/A,
Kasganj,at47ZXktqxv,Patiyali,820,
Kasganj,KjLfuqjRVec,Sahawar,818,
Kasganj,lBW2OFwomV0,Soron,815,
Kasganj,ayWFJQ6ulBH,Amanpur,817,
Kasganj,DCamfBCJMSi,Sidhpura,821,
Auraiya,baHOn9wfzJ1,Auraiya,352,
Ambedkar Nagar,M1F33pLSfxi,Ramnagar,506,
Ambedkar Nagar,ABuWCL4zW6t,Baskhari,505,
Ambedkar Nagar,RiDtZZsck6S,Bhiti,510,
Ambedkar Nagar,KZ9A7NuGOta,Bhiyaon,509,
Ambedkar Nagar,oB6hTaKvzgv,Jahangirganj,507,
Ambedkar Nagar,zvRpdDBNAj1,Jalalpur,508,
Ambedkar Nagar,UKkd5HV5vPT,Katehari,511,
Ambedkar Nagar,c228prMIirC,Tanda,504,
Amethi,myKgoGwviVc,Amethi,520,
Amethi,HZYH9FeKSbz,Shukul Bazar,513,
Amethi,l02BWTHnGkg,Bhadar,523,
Amethi,J7htJUPglZb,Bhetua,522,
Amethi,WM5EPg47DVT,Gauriganj,519,
Amethi,j4mknIwFS2j,Bahadurpur,307,
Amethi,btuo0MWP5ET,Jagdishpur,514,
Amethi,R35oHPkysFc,Jamo,517,
Amethi,rpRvuw2Iiug,Musafir Khana,515,
Amethi,KwM7Z0rplba,Sangrampur,521,
Amethi,scpjZUfh7zI,Shahgarh,518,
Amethi,vlnVnG5JxVJ,Singhpur,305,
Amethi,vRgViyJ0IS6,Tiloi,306,
Ayodhya,pw5oJhc8fpc,Bikapur,500,
Ayodhya,QSXk2hR3eYG,Mavai,493,
Auraiya,lMDCwvmApOX,Auraiya (Urban),#N/A,
Ayodhya,t25KkXmkJth,Tarun,501,
Ayodhya,XEfvLa6Zzxn,Harringtonganj,499,
Ayodhya,pYWjwOoijbJ,Amaniganj,497,
Ayodhya,aAl7bU1AYg2,Masodha,496,
Ayodhya,qQSBi5m4QpM,Milkipur,498,
Ayodhya,JOYvKXzcb8E,Pura Bazar,502,
Ayodhya,AAOPzLEjW4T,Rudauli,494,
Ayodhya,CUsMlPeoyMI,Sohawal,495,
Barabanki,YsCQwRlNGrw,Masauli,485,
Barabanki,rFyFe7T2XXz,Haidargarh,492,
Barabanki,LsCBHm1wj5S,Dewa,482,
Barabanki,iRCOLiyhze6,Fatehpur,479,
Barabanki,QvnprpIbIJp,Nindaura,478,
Ayodhya,a2rjHSkns9X,Maya Bazar,503,
Barabanki,zM7L5Up3Rp4,Harakh,484,
Barabanki,IdkC83lgdBj,Siddhaur,490,
Barabanki,Rf7c1xtIt4m,Dariyabad,487,
Barabanki,sCFJS0l4C5z,Bani Kodar,489,
Barabanki,KNS89BltpLw,Ramnagar,481,
Barabanki,ZfE3mnPPu5Y,Sirauli Gauspur,486,
Barabanki,HLaiapcp8KF,Suratganj,480,
Barabanki,ctD8xxTsymJ,Puredalai,488,
Barabanki,gDpxx6NrC99,Trivediganj,491,
Sultanpur,bUb6dbgNp7o,Akhand Nagar,535,
Sultanpur,VPN370bubCz,Waldi Rai,516,
Sultanpur,vXwJYqDZIzf,Bhadayeea,530,
Sultanpur,LNiRZH5vfaY,Dhanpatganj,524,
Sultanpur,AGFzimgfzIo,Dostpur,533,
Ayodhya,bMK9VNDswXt,Ayodhya (Urban),#N/A,
Sultanpur,BKeRkKcuOgW,Jai Singh Pur,528,
Sultanpur,f8FnEAgiGOz,Kadipur,534,
Azamgarh,hjSHCmJGFAP,Sathiyaon,688,
Sultanpur,wzWcav8jSNr,Kurebhar,525,
Sultanpur,Sz7oQppp6s9,Kurwar,526,
Sultanpur,O0G9BMkbU7f,Lambhua,531,
Sultanpur,hcBv6xoPmri,Motigarpur,529,
Sultanpur,wDcv6om3WT1,Pratap Pur Kamaicha,532,
Azamgarh,bqyQpybBJt7,Ahiraula,681,
Azamgarh,wCrGRYFB5Qo,Atraulia,679,
Azamgarh,QeJhMnDGzrC,Thekma,696,
Azamgarh,YpJFFqOo3Eh,Bilariyaganj,684,
Azamgarh,QlDZDhfK4iZ,Azmatgarh,685,
Azamgarh,Wyo5sWkkK3V,Mahrajganj,682,
Azamgarh,sODyhiqy8iZ,Haraiya,683,
Azamgarh,KjTOOkkFXwn,Mehnagar,699,
Azamgarh,S32hqFqb1zY,Koilsa,680,
Azamgarh,O2VQy7yy72b,Jahanaganj,689,
Azamgarh,CqNwKYL7iqH,Lalganj,697,
Azamgarh,UqPfQ9syNvH,Tarwa,698,
Azamgarh,MVd5w4juglR,Azamgarh (Urban),#N/A,
Azamgarh,dIVl43wpljo,Palhani,686,
Azamgarh,lcnwkO2gp49,Pawai,693,
Azamgarh,qzyZ63I1bIh,Phulpur,694,
Azamgarh,DYvPZYv80ET,Rani Ki Sarai,687,
Azamgarh,cbIIWsiZRDy,Tahbarpur,690,
Ballia,G4HRu37srJN,Bansdih,723,
Ballia,cu4HLxXXRm1,Hanumanganj,719,
Ballia,jh6PK3SOcHL,Garwar,717,
Ballia,eFwNuT9zZod,Maniyar,714,
Ballia,MTIyIVsTiFD,Beruarwari,722,
Badaun,QdKW8E0HxRg,Salarpur,#N/A,
Ballia,wn2e7ufbuPd,Murli Chhapra,726,
Ballia,F6ojCWU9pCH,Pandah,713,
Ballia,L91X7r5wkfW,Nagra,711,
Ballia,aNOBGjwlNho,Sohaon,718,
Ballia,tws6xITzNhV,Rasra,715,
Ballia,ZEh2syBgHks,Revati,724,
Ballia,mH7MZIxUv1s,Siar,710,
Ballia,kepTOn7He9W,Navanagar,712,
Ballia,WZYAC5DYYJk,Bairia,725,
Ballia,s2dEYvDCkAZ,Belhari,721,
Maunathbhanjan,DlJoJFtt9AE,Badraon,703,
Maunathbhanjan,y2tYqTLUS24,Dohari Ghat,701,
Badaun,EjPcZNiYzP2,Ujhani,182,
Maunathbhanjan,s9bnhPCNlnj,Ranipur,709,
Maunathbhanjan,YXOk9K2OqNI,Fatehpur Madaun,704,
Maunathbhanjan,d3k76C0y5y9,Ghosi,702,
Maunathbhanjan,tGyBIzhjmij,Kopaganj,705,
Maunathbhanjan,rLdutISw29n,Mohammadabad Gohana,708,
Maunathbhanjan,u9ZAWcpGHu9,Ratanpura,707,
Badaun,A8jhC64rvlS,Asafpur,173,
Badaun,FBjTmOT2uLU,Ambiapur,178,
Badaun,i8KzqsutvXl,Budaun (Urban),#N/A,
Badaun,MWJyDwqvBqS,Bisauli,175,
Badaun,BU3H8j3vtpl,Islamnagar,174,
Badaun,xct9yyij86y,Wazirganj,176,
Badaun,YbOAqVBdm86,Dataganj,185,
Badaun,wQ2zvEh08Xs,Jagat,181,
Badaun,n0U0QMMNJZe,Mion,186,
Badaun,aDSCuqsggsN,Qadar Chowk,183,
Badaun,QsfJqnMcwds,Sahaswan,177,
Badaun,Wa8qn4d8H22,Samrer,184,
Baghpat,JIEAUI17z3o,Baraut,75,
Badaun,HJ6IPhQigva,Usawan,187,
Bareilly,svsS1G8o1pm,Ramnagar,196,
Bareilly,fO0hzktt79F,Baheri,188,
Bareilly,HZQTgHfOykd,Aalampur Jafarabad,198,
Bareilly,m5Tn9LTc2Dy,Bhojipura,191,
Bareilly,xIm2KLhn48h,Bithrichainpur,192,
Bareilly,Hi4F69xrBS5,Faridpur,202,
Bareilly,KRQvi7JBiuf,Fatehganj Pashchim,195,
Bareilly,fpNl2OeBSp3,Bhuta,201,
Baghpat,kaWQCx3sgxl,Bagpat (Urban),#N/A,
Bareilly,G7D5lGOMxxz,Bhadpura,200,
Bareilly,XmU9noLyhIA,Majhgawan,197,
Bareilly,gfXniA8E2yB,Mirganj,194,
Bareilly,BWxu1bDp2ht,Nawabganj,199,
Bareilly,pzDsoCMcPwD,Richha,190,
Bareilly,FjccMEGL0Hr,Shergarh,189,
Pilibhit,uIkxxtBPd1K,Amariya,203,
Pilibhit,aP18Pdo2sLv,Barkhera,206,
Pilibhit,GHjV9QTEXyn,Bilsanda,207,
Pilibhit,cCWLrzUi4yN,Bisalpur,208,
Pilibhit,WQzG2MmpgAg,Puranpur,209,
Bahraich,jNYEM4EP98K,Chitaura,542,
Pilibhit,B6BzDe4ryaa,Marori,204,
Shahjahanpur,CJnQGhWTHo0,Jalalabad,224,
Shahjahanpur,tjhsboDAHva,Banda,210,
Bahraich,sGS6zRDhdsB,Bahraich (Urban),#N/A,
Shahjahanpur,ROeKhlePe7w,Khutar,211,
Shahjahanpur,CzrcP2SLElb,Dadrol,220,
Shahjahanpur,l14UZLO07Q9,Jaitipur,215,
Shahjahanpur,Gj3mY1laAQs,Mirzapur,223,
Shahjahanpur,eRgWsRn98MG,Kanth,219,
Shahjahanpur,Siyf9v1S9St,Madnapur,216,
Shahjahanpur,Y5b8fuW0nqo,Katra (Khudaganj),214,
Shahjahanpur,oSPqI1SUnmV,Nigohi,218,
Shahjahanpur,FJZd1VoPnSp,Powayan,212,
Shahjahanpur,RWbJEn9kMN0,Sindhauli,213,
Shahjahanpur,o9TtE34iDMB,Tilhar,217,
Basti,Rhej6WFZaSI,Bahadurpur,607,
Basti,jiDSxIFBh1G,Ramnagar,595,
Basti,tLE0KpRqOMk,Saltaua Gopal Pur,596,
Basti,I6SfaoTpBWQ,Dubaulia,602,
Basti,omXlDQQZhm0,Gaur,598,
Basti,QB1bWVUZvNY,Harraiya,599,
Basti,XyOAuYi23Qw,Kaptanganj,601,
Ballia,bmh3vNuN7xM,Dubhad,720,
Basti,zshpWWwvLd3,Basti,605,
Basti,Ek8aj4Sjo0n,Bankati,606,
Basti,nE41ZrKaU9G,Paras Rampur,597,
Basti,X4NDrvDmL4p,Rudhauli,603,
Basti,knCO4emeZY1,Sau Ghat,604,
Basti,r1D91q65KwQ,Vikram Jot,600,
Sant Kabir Nagar,K98xeQTVavi,Haisar Bazar,617,
Sant Kabir Nagar,Go3zUv1lOWw,Khalilabad,614,
Sant Kabir Nagar,qEXJSGxJGJX,Mehdawal,610,
Sant Kabir Nagar,rOs2X9fLu4i,Nath Nagar,615,
Sant Kabir Nagar,nS9UOwtscu1,Sotha,609,
Sant Kabir Nagar,T2yKNxqQdgI,Semariyawan,613,
Siddharth Nagar,dMZKc4fIqCl,Bansi,588,
Siddharth Nagar,nH12F0E43cT,Domariyaganj,594,
Siddharth Nagar,N5oPV77d3Vf,Birdpur,584,
Siddharth Nagar,B0QTEnRTAZg,Itwa,592,
Siddharth Nagar,SCLwreLwByy,Jogia Khas,583,
Siddharth Nagar,RtFh5dTx40I,Khesraha,590,
Siddharth Nagar,WhN8Tp15uxY,Khuniyaon,593,
Ballia,RHjnoE1DdVp,Ballia (Urban),#N/A,
Siddharth Nagar,pWd385fXS6s,Bhanwapur,591,
Balrampur,HkZSq61JwqL,Balrampur,557,
Siddharth Nagar,OHdFJxcZU3t,Mithwal,589,
Siddharth Nagar,WvXTe5mm0Jg,Uska Bazar,586,
Banda,PPxFR8laHqe,Naraini,414,
Banda,QAfsawYvIW0,Baberu,410,
Banda,emjMgvubuGe,Bisanda,412,
Banda,iD2sVe31G90,Jaspura,407,
Banda,FhvPjqLG12y,Kamasin,411,
Balrampur,G7snWO0Hmy7,Balrampur (Urban),#N/A,
Chitrakoot,QRMxe3qUWkI,Ramnagar,418,
Chitrakoot,RMNCveuyYds,Mau,419,
Chitrakoot,Xj8oMwQWDUl,Pahari,415,
Chitrakoot,csfXDnN3Xo3,Karvi (Chitrakoot Dham),416,
Banda,QIufPcB6Kr6,Banda (Urban) ,#N/A,
Hamirpur,SEb6dTDNGdm,Gohand,399,
Hamirpur,Ye7mS631ryY,Muskara,401,
Hamirpur,JcfBKD9Fdaw,Kurara,396,
Hamirpur,dDqSL7Hp2TV,Maudaha,402,
Hamirpur,F4fL0v4ObFM,Rath,400,
Hamirpur,X8nyWuBobaz,Sarila,398,
Mahoba,voVPLJSfahW,Charkhari,405,
Mahoba,HuW3JM0nGTz,Jaitpur,404,
Banda,EFUeXhmIy8J,Badokhar Khurd,409,
Mahoba,ESC202G5t07,Panwari,403,
Bahraich,axbfDth7CE1,Shivpur,540,
Bahraich,F2HjseXcv3G,Nawabganj,538,
Barabanki,zrtAHVhGVAe,Banki,483,
Bahraich,jo7VYHdzhDi,Mihinpurwa,537,
Bahraich,m1nYwKqPcyp,Payagpur,549,
Bahraich,CjshmDK5t8E,Huzoorpur,546,
Bahraich,RXv1GaQ6IyV,Kaisarganj,547,
Bahraich,EdjW9d0OX1h,Mahasi,543,
Bahraich,PK0wuMfp3LE,Jarwal,548,
Bahraich,ww1Qb6eAFFD,Balaha,539,
Bahraich,C9qOAPWGoUS,Phakharpur,545,
Bahraich,QTCGfCQMXd3,Tejwapur,544,
Bahraich,wgoGe5KFMCX,Risia,541,
Bahraich,NGqtRmZHnOm,Visheshwarganj,550,
Balrampur,fOvbWnMTlvE,Gainsari,559,
Balrampur,bwQadqgE3oJ,Gaindas Buzurg,563,
Barabanki,jqG1GfySEy7,Barabanki (Urban),#N/A,
Balrampur,XAFh3sUMv2B,Pachperwa,560,
Balrampur,ow9RguNdOD4,Rehra Bazar,564,
Balrampur,q6Maei9E55U,Tulsipur,558,
Balrampur,H1Z5zG9mjfG,Harriya Satgharwa,556,
Balrampur,n9AVoLqOsfk,Sriduttganj,561,
Balrampur,uReShtGh7bZ,Utraula,562,
Gonda,eeLkdiQv8Ex,Babhanjot,579,
Gonda,KTP3RqHdGlM,Belsar,574,
Gonda,SiNGqVJoMtb,Katra Bazar,570,
Gonda,QW8N7nXhELz,Tarabganj,575,
Gonda,GtDp6Qz9pSx,Pandri Krapal,567,
Gonda,JLjbfCaudqg,Chhapia,580,
Gonda,SxFTKbP1SXZ,Colonelganj,572,
Gonda,tob7bPRXBV3,Haldharmau,571,
Gonda,Zkst7ZD9ogq,Itia Thok,566,
Gonda,l9TKc1gE8KO,Rupaidih,565,
Gonda,yRVebIQF3pX,Mankapur,578,
Gonda,pgmL8MQQwKP,Mujhana,569,
Gonda,FMAaW4X6ueM,Nawabganj,577,
Gonda,Ae5sVkqEY53,Paraspur,573,
Bareilly,ukz0TmnwKtW,Kyara,193,
Gonda,Yzv8XKcvFMn,Wazirganj,576,
Bareilly,fRl1gRWCXvz,Bareily (Urban),#N/A,
Shravasti,rUTBm0fGdMX,Sirsiya,553,
Shravasti,LNX0N5jnA5h,Gilaula,554,
Shravasti,a5QF4ok7kUq,Ekona,555,
Shravasti,lbYsetq7442,Jamunaha,551,
Deoria,E5A2kSTc3PM,Barhaj,672,
Basti,gwFahuoicRH,Kudaraha,608,
Deoria,AzV6zQXaRba,Bhatni,674,
Deoria,EmKRIMSIXim,Bankata,677,
Deoria,rMbW2gza9HD,Bhaluani,671,
Deoria,x6V2gbPDLjh,Gauri Bazar,663,
Deoria,rY5nGyzGedU,Bhatpar Rani,678,
Deoria,NVFxlXHdSmv,Lar,676,
Deoria,LPTjBQ9rRWx,Baitalpur,664,
Deoria,ULhLz5tR5rr,Bhagalpur,673,
Deoria,uwDViZiXmha,Pathar Dewa,667,
Deoria,KsXL0whELQG,Desai Deoria,665,
Deoria,tbaPfFzYkRT,Rudrapur,670,
Deoria,YRYbXgGEgwG,Salempur,675,
Deoria,S0dqgoK82zn,Rampur Karkhana,668,
Deoria,rz3th45E7Sa,Tarkulwa,666,
Gorakhpur,Mohx3LmGLM5,Uruwa,642,
Gorakhpur,oqobaBlkco3,Bansgaon,644,
Gorakhpur,h0bQr9x9gzJ,Barhalganj,648,
Gorakhpur,P39P0iQKIWH,Brahmpur,640,
Gorakhpur,l4r3ouFQPZS,Belghat,643,
Gorakhpur,kzpItiarBRF,Bhathat,636,
Gorakhpur,noXyISQsTiJ,Campierganj,630,
Gorakhpur,X2K6bByVLd2,Chirgawan,635,
Gorakhpur,plaloKJOZO2,Sardarnagar,639,
Gorakhpur,aJ8DEEvimsM,Gaugaha,646,
Gorakhpur,KV5wZ2pPQe1,Gola,647,
Gorakhpur,i8SnEC5fIxD,Khajani,641,
Gorakhpur,ewq9OZKKqta,Jangal Kodia,631,
Gorakhpur,nxstNxWEDHb,Pali,632,
Gorakhpur,X9URGLOiulW,Pipraich,638,
Gorakhpur,cDxHC5dDWRe,Piprauli,634,
Gorakhpur,NEdgkoHIHTS,Sahjanwa,633,
Basti,hIlEZsYKlhK,Basti (Urban),#N/A,
Kushinagar,JTRnaTY9yhN,Kasiya,658,
Kushinagar,SgYEydzGGbJ,Sukrauli,656,
Kushinagar,xm14yPwUttg,Dudhahi,661,
Kushinagar,B3CnhXWWije,Fazilnagar,659,
Kushinagar,BYiQDRJhWWk,Hata,657,
Kushinagar,YIfO8FmqA6j,Kaptanganj,653,
Kushinagar,OHnlTAIgKxY,Khadda,649,
Bhadohi,LA0OjaZZFYz,Bhadohi,783,
Kushinagar,BhMAwU8XZey,Motichak,655,
Kushinagar,vgRr0JIJR7M,Nebua Naurangiya,650,
Kushinagar,XZ4UCP8boX8,Ramkola,654,
Kushinagar,p7wG9B3Zqol,Sevarhi,662,
Kushinagar,CApqqM6FvRV,Tamkuhi Raj,660,
Kushinagar,lgWV1VzPmhE,Vishunpura,651,
Bhadohi,iFwP6fSzMVI,Abholi,#N/A,
Maharajganj,arETnjnVPdJ,Brijmanganj,623,
Maharajganj,fnVx6XeAGvW,Lakshmipur,619,
Maharajganj,hm9hIxLNVN8,Siswa,622,
Maharajganj,m89LQqFOgTd,Dhani,624,
Maharajganj,PgG4CRGzrlZ,Pharenda,625,
Bhadohi,Yn3eQ5gagvS,Sant Ravidas Nagar (Urban),#N/A,
Maharajganj,k0SXa6DYHlU,Paniwara,628,
Maharajganj,YhzzNFiy1cg,Mithaura,621,
Maharajganj,pK8QXOdmwvY,Nautanawa,618,
Maharajganj,WFDYOeK31Ef,Nichlaul,620,
Maharajganj,pNfKKA9YCVD,Ghughuli,627,
Maharajganj,rslNb3Z3IB9,Partawal,629,
Bijnor,c6v4wYwFFOK,Najibabad,26,
Jalaun,SmB8HLGFIyw,Jalaun,377,
Jalaun,aoQgD2b6JtI,Kadaura,379,
Jalaun,IG6BUMkoNfw,Maheva,378,
Jalaun,vMmgCa5r21L,Konch,381,
Jalaun,GGmtoqpI9Je,Madhogarh,375,
Jalaun,S5qj59ohege,Nadigaon,376,
Jalaun,iQBAMBoxYul,Rampura,373,
Jhansi,jtzi71zh7X8,Babina,389,
Bijnor,pE27TXbzXZ5,Bijnor  (Urban)  ,#N/A,
Jhansi,yfN8RlEk6Eo,Bamaur,384,
Jhansi,W9mkfkYcPh8,Bangra,386,
Jhansi,CNdl7yi4n8S,Chirgaon,383,
Jhansi,h9b0ymhftGb,Gursarai,385,
Jhansi,cmHMhMayFWq,Mauranipur,387,
Jhansi,cvjZcBpUtSR,Moth,382,
Lalitpur,qMddUgnDzYX,Bar,392,
Lalitpur,ilEX3iUSCkP,Birdha,393,
Bulandshahar,mQeabczYlwZ,Agoto,#N/A,
Lalitpur,DQg8KWOYf9m,Mandawara,395,
Lalitpur,hSxXTcaWSE8,Mahrauni,394,
Lalitpur,hByPwhy4hFw,Talbehat,390,
Auraiya,guhyL5WpMTF,Ajit Mal,350,
Auraiya,iT6mwbFSnli,Achhalda,348,
Auraiya,JUDfktiXVjn,Erwa Katra,346,
Bulandshahar,JZJD7vQ6YIE,Bulandshahar (Urban),#N/A,
Auraiya,Uqr9pGSBzRf,Bidhuna,347,
Auraiya,ogSTp4HnpXK,Sahar,349,
Auraiya,UqkEQavyage,Bhagyanagar,351,
Etawah,JBG7yZn3ZhD,Basrehar,341,
Etawah,xraYmPK0pc5,Bharthana,343,
Etawah,vVEYFNLCthf,Takha,342,
Etawah,L3tm8ZCQ4VU,Jaswantnagar,338,
Etawah,g6QRDUGvU6j,Mahewa,344,
Etawah,eLIy5rJdmIo,Chakarnagar,345,
Etawah,kxTyOTd53rb,Sefai,339,
Bulandshahar,bMszXRRjCCv,Bulandshahr,96,
Chandauli,FyHWyWYiq51,Niyamatabad,767,
Chandauli,kqqVceYxMn2,Chandauli (Urban),#N/A,
Farrukhabad,vJadmkIZlfo,Kaimganj,323,
Farrukhabad,xmoNxfjNe2l,Kamalganj,329,
Farrukhabad,grxxI8LtNsw,Mohammadabad,328,
Farrukhabad,s5vWj2I9NyF,Nawabganj,324,
Farrukhabad,nU3oS2SGD3b,Rajepur,326,
Farrukhabad,istRPh0AKbM,Shamsabad,325,
Kannauj,QlnYDSaHYHx,Umarda,337,
Kannauj,lqFb50V1HFl,Chhibramau,330,
Kannauj,ZawkcSeJU8n,Gugrapur,333,
Kannauj,zFNrX1gsn6L,Talgram,331,
Kannauj,wjAvKvlMzv0,Haseran,336,
Kannauj,OWrTCTjWjzI,Jalalabad,334,
Chitrakoot,lNpqSHtjFu3,Manikpur,417,
Kannauj,wOa6hyubQ9S,Saurikh,332,
Kanpur Dehat,XyAwdfjaKov,Akbarpur,357,
Kanpur Dehat,Dt0dgcTvEpm,Derapur,356,
Kanpur Dehat,OnFJhLr5Af4,Sarbankhera,358,
Kanpur Dehat,jc9CoHdLFLu,Rasulabad,353,
Kanpur Dehat,RCZZTOaqXrm,Rajpur,362,
Kanpur Dehat,qt0Ra0vMorS,Maitha,354,
Kanpur Dehat,QavHaYYE31I,Malasa,359,
Kanpur Dehat,HddGvNsPs8y,Jhinjhak,355,
Kanpur Dehat,cIW3SsdBXzj,Amrodha,360,
Kanpur Dehat,Bc5VrfyFJO4,Sandalpur,361,
Kanpur Nagar,ZjM4my40rTY,Ghatampur,372,
Kanpur Nagar,prVsNzGqemV,Bhitargaon,371,
Chitrakoot,kuE3K1lT4Ik,Chitrakoot (Urban),#N/A,
Kanpur Nagar,oiZGLrWMq7u,Bilhaur,364,
Kanpur Nagar,EbQXwXsACBg,Chaubepur,366,
Kanpur Nagar,fPJnAq2xoTU,Kakwan,363,
Kanpur Nagar,laYVNN7jnnN,Kalyanpur,367,
Kanpur Nagar,u5oq1jMz6Kb,Patara,370,
Kanpur Nagar,o9odKTTIYVk,Sarsol,369,
Kanpur Nagar,krPd5gR8BjY,Shivrajpur,365,
Hardoi,JNhW47eyrRv,Ahrori,272,
Hardoi,tbi6Bsb6jlU,Bawan,263,
Hardoi,VoR9CT9z1Rx,Behadar,275,
Hardoi,wPymOYKUUFI,Bharawan,277,
Hardoi,TqhQTNCu0rW,Bilgram,266,
Hardoi,ruw57rtPpxr,Hariyawan,269,
Hardoi,TY7glMGf9aG,Harpalpur,264,
Hardoi,zOlFDV0qaZN,Kachhauna,274,
Hardoi,zR4FjrKQweN,Kothwan,273,
Hardoi,iBHysCEYPjb,Madhoganj,267,
Hardoi,L7LEJCs3NnM,Mallawan,268,
Hardoi,lr3CfswaZMq,Pihani,261,
Hardoi,OG07uORb7i2,Sandi,265,
Hardoi,tZXCzgn6lut,Sandila,276,
Hardoi,pkRX2naWpN3,Bharkhani,262,
Hardoi,NvR1ROHQCYV,Shahabad,259,
Hardoi,dBCX7zX8Feb,Sursa,271,
Hardoi,DSmdrNpxWTp,Tadiyawan,270,
Hardoi,jvwEe3kpMPg,Tondarpur,260,
Lakhimpur Kheri,dCxTVCyf17s,Bankeyganj,229,
Lakhimpur Kheri,qoqWCWNVx1j,Behjam,234,
Lakhimpur Kheri,Jmwf6ICjPJQ,Bijua,230,
Lakhimpur Kheri,dQnnkXYAcff,Palia,225,
Lakhimpur Kheri,gEphd9O9pPr,Dhaurehra,238,
Lakhimpur Kheri,lbRa62r2r1d,Kumbhigola,228,
Lakhimpur Kheri,qbwnjNH34Cw,Isanagar,239,
Lakhimpur Kheri,Owih8es2MY7,Mitauli,232,
Lakhimpur Kheri,SiLZVlguB9v,Mohammadi,231,
Lakhimpur Kheri,UbmM3fTe8D0,Nakaha,237,
Lakhimpur Kheri,K3Wk4SSTOVC,Nighasan,226,
Lakhimpur Kheri,el8CoMxhsji,Pasgawan,233,
Lakhimpur Kheri,PDw9OZ2oKqK,Lakhimpur,235,
Lakhimpur Kheri,kKTBu6UpSYl,Phoolbehar,236,
Lakhimpur Kheri,yl4FsPXJXvw,Ramia Behar,227,
Lucknow,ApSm0CuGVfL,Bakshi-Ka-Talab,296,
Lucknow,aKYlZcPC3HU,Chinhat,297,
Lucknow,qnglbY5alFS,Gosaiganj,300,
Lucknow,iK1PfQ9wLbz,Kakori,298,
Lucknow,c8dGu0p6B0M,Malihabad,295,
Lucknow,ksTeBOfYw9L,Mal,294,
Lucknow,VKvevXLweem,Mohanlalganj,301,
Deoria,MJ1dhXmXROA,Deoria Sadar,669,
Deoria,Kr0p5SNoG3J,Deoria (Urban),#N/A,
Rae Bareli,pvZgEadkY59,Amawan,309,
Rae Bareli,Y3jGyfeDYe1,Bachhrawan,302,
Etah,PUVxtkWZlNI,Shitalpur,811,
Rae Bareli,lruABl36XZQ,Dih,320,
Rae Bareli,KtYM7svxHgY,Dalmau,315,
Etah,MoUVR7OhsJp,Etah (Urban),#N/A,
Rae Bareli,jQRhw2yoQk2,Harchandpur,308,
Rae Bareli,yFYFE5vVAAA,Jagatpur,317,
Rae Bareli,E6hdzl0I5tt,Sataon,310,
Rae Bareli,sd2I8M3xhLQ,Lalganj,314,
Rae Bareli,Q889SJwv9Ok,Khiron,312,
Rae Bareli,NbdKCUBY7yL,Mahrajganj,304,
Rae Bareli,mbfOsRukNYs,Chhatoh,321,
Etawah,DQKs9hxWhSr,Barhpura,340,
Rae Bareli,Gr3MErPlauk,Salon,322,
Rae Bareli,H1W08wOkXWC,Sareni,313,
Rae Bareli,BYGgaeM7fof,Shivgarh,303,
Rae Bareli,tv4Qque6scf,Unchahar,319,
Sitapur,DPIQ2VWtvGl,Ailiya,245,
Sitapur,gSwqRR5qMEE,Biswan,253,
Sitapur,HWAP9AgN3Ym,Gondlamau,244,
Sitapur,nwuxQQpdi7D,Hargaon,246,
Sitapur,E8Ds6nIiHXM,Kasmanda,257,
Etawah,H82DYZCKRwR,Etawah (Urban),#N/A,
Sitapur,tIk5hphkbm1,Laharpur,249,
Sitapur,eiVpF4VfZGS,Machhrehta,243,
Sitapur,gCv411YjGXv,Mahmudabad,255,
Sitapur,KEc8Ha9MyTJ,Maholi,241,
Sitapur,Gfmfuy8CQrI,Misrikh,242,
Sitapur,I2ZGoBUtTtO,Pahala,254,
Sitapur,qyrJ0VLceRJ,Parsendi,247,
Sitapur,yubhT8MSy2O,Pisawan,240,
Sitapur,tvZfs4DYlev,Rampur Mathura,256,
Sitapur,W91p7yS5r9P,Reusa,251,
Sitapur,zghTOXwIiKT,Sakran,252,
Sitapur,NAhNn2JVtnF,Sidhauli,258,
Sitapur,nKJmMxPaEZ9,Behta,250,
Unnao,miCbY8KENnd,Sikandarpur Karan,288,
Unnao,CpShKssApxk,Asoha,289,
Unnao,wk2JVEOAFPl,Auras,282,
Unnao,BGRBILNZiPW,Bangarmau,279,
Unnao,EVsunDfk1Xx,Bichhiya,287,
Unnao,uhbQ7To0pN9,Fatehpur Chaurasi,280,
Unnao,odvvm2fnyz9,Mianganj,283,
Unnao,Fy5oqtT0JAR,Sumerpur,293,
Farrukhabad,XIqs5K6oAlM,Barhpura,327,
Unnao,RzW4W8GzuhH,Ganj Moradabad,278,
Unnao,g9AzjVVJKJh,Hasanganj,284,
Unnao,SvNkFaLvfio,Bighapur,292,
Unnao,oeicJPH2lIq,Hilauli,291,
Unnao,ziD9Ib1XELX,Nawabganj,285,
Unnao,RLKVIOQ3q6x,Purwa,290,
Unnao,iudStsVG8zs,Safipur,281,
Baghpat,q2bkBgTq2b1,Baghpat,77,
Farrukhabad,pAJMw6V9F29,Farrukhabad  (Urban),#N/A,
Baghpat,h3yrIIH1cGT,Binauli,76,
Baghpat,koZRGrwQvrl,Chhaprauli,74,
Baghpat,FXgVpTS1KKY,Pilana,78,
Baghpat,Ga0Whh9BsGr,Khekra,79,
Fatehpur,niYGeZzm6Zu,Asothar,428,
Bulandshahar,rBDpTYpQ340,Anupshahr,101,
Bulandshahar,cp2Je1Z1Zo6,Bhawan Bahadur Nagar,97,
Bulandshahar,YDOGtOLeFg1,Dibai,103,
Bulandshahar,BWEaFP6tBWO,Araniya,107,
Bulandshahar,RyFHMa78ezE,Danpur,102,
Bulandshahar,FXjd8I3tis1,Gulaothi,93,
Bulandshahar,VhF9wHMOsI2,Jahangirabad,100,
Bulandshahar,u7AfLScMrQL,Lakhaothi,95,
Bulandshahar,BFS0IOjIJM6,Pahasu,105,
Bulandshahar,a3X4KgFjlsz,Shikarpur,104,
Bulandshahar,jJP9OWvYMuH,Syana,98,
Bulandshahar,vlW7Ky7ubGA,Unchagaon,99,
Fatehpur,HHTQ2caXrBL,Fatehpur (Urban),#N/A,
Gautam Buddha Nagar,FGqvmr1orP5,Dankaur,90,
Gautam Buddha Nagar,kRWfFb08HmE,Dadri,89,
Gautam Buddha Nagar,dnrD7zqEOQ2,Jewar,91,
Firozabad,R0tPbvDqGLH,Firozabad,154,
Ghaziabad,isevBbVYacc,Loni,83,
Ghaziabad,r0L9AlrGA7C,Bhojpur,81,
Ghaziabad,qpjXx2KEA28,Muradnagar,80,
Hapur,lY8m4U7kmq2,Garh Mukteshwar,87,
Hapur,mSef7qX2gGM,Simbhawali,86,
Hapur,IywKKXqWKqi,Dhaulana,84,
Firozabad,fAXjUK5F5Xr,Firozabad (Urban),#N/A,
Meerut,Vqeqm6XaBle,Rajpura,72,
Meerut,FX5OPO64IaR,Meerut,71,
Meerut,zoMU7oDZFvZ,Mawana Kalan,65,
Meerut,adk9clLdGC3,Daurala,64,
Meerut,MK6uVgXBbvK,Hastinapur,66,
Meerut,KHpYLDYW8Pp,Kharkhoda,73,
Meerut,qeUdKRqslg0,Machra,68,
Meerut,oNOcph5dm8a,Parikshitgarh,67,
Gautam Buddha Nagar,y9wSctfMKAu,Bisrakh,88,
Meerut,zpWs8PEVrYv,Sardhana,63,
Meerut,cRH5g6dZ1xf,Sarurpur Khurd,62,
Meerut,Sl9Xsytpbd8,Janikhurd,70,
Bhadohi,h1MfXB88qMN,Aurai,784,
Gautam Buddha Nagar,H3RUhD0AAjW,Gautam Buddha Nagar (Urban),#N/A,
Ghaziabad,Ne0VFmnLotb,Razapur,82,
Bhadohi,RT2WzsnRZJi,Digh,786,
Bhadohi,I13T5ZdIFEi,Gyanpur,785,
Bhadohi,oZ8M2HNNfYK,Suriyawan,782,
Mirzapur,Dga9ieikVr5,Jamalpur,798,
Mirzapur,zBM33fSxbqN,Kon,788,
Mirzapur,cGCEhMelufW,Narainpur,797,
Mirzapur,dzvrdlSVdNw,Hallia,793,
Mirzapur,BLgq44ZJkKh,Majhawa,789,
Mirzapur,udEnBPS78Sf,Lalganj,792,
Mirzapur,sh5GrKleZLD,Marihan,794,
Mirzapur,y74T9TfUPuz,Pahari,791,
Mirzapur,fi3XI1IhyQO,Rajgarh,795,
Mirzapur,moqnzHZCfQg,Sikhar,796,
Mirzapur,T5YmZQx2cme,Chhanvey,787,
Ghaziabad,HYVom1xMtdc,Ghaziabad (Urban),#N/A,
Sonbhadra,dOCMMkuHb5N,Babhani,806,
Sonbhadra,Cea63kQpiOw,Ghorawal,799,
Sonbhadra,rqYozNDUgyg,Chopan,800,
Sonbhadra,Hz4rBdA4kWR,Robertsganj,801,
Sonbhadra,vqGMYi6W3ep,Duddhi,805,
Ghazipur,VivEa0lrJEt,Ghazipur,755,
Sonbhadra,YPsEnS75cQ8,Nagwa,803,
Amroha,o9uEgq78lMK,Amroha,57,
Amroha,bkkdTIrC9mc,Gangeshwari,61,
Amroha,KocU1z4MS42,Dhanaura,56,
Amroha,F4PpXNqeUpP,Gajraula,59,
Amroha,rWNzTUgiIT6,Hasanpur,60,
Ghazipur,PEDIETmpZdA,Ghazipur (Urban),#N/A,
Bijnor,wwaYoRwSd1k,Afzalgarh,31,
Bijnor,hFYPDvQ1x7I,Allahpur,33,
Bijnor,R2Jott0TJjX,Haldaur(Khari Jhalu),29,
Bijnor,rzAzyO3UWpL,Kiratpur,27,
Bijnor,shhTmT0DeTX,Mohammedpur Deomal,28,
Bijnor,j5nQ6oNNVnX,Kotwali,30,
Gonda,i9BEhkE3w1b,Jhanjhari,568,
Bijnor,rAeHXnn5JSw,Nehtaur,32,
Bijnor,aHuzZgGIslk,Noorpur,36,
Bijnor,X5WeRBwPtNl,Budhanpur Seohara,34,
Bijnor,EdO6OYkMy4n,Jalilpur,35,
Moradabad,f4VnN0yydmT,Bhagatpur Tanda,40,
Moradabad,yslHqhvvXn0,Dilari,38,
Moradabad,MIhBWjsHb4j,Chhajlet,39,
Moradabad,gmAXrJ45VMf,Kundarki Dingpur,43,
Moradabad,B1rNgGH3FaM,Bilari,44,
Moradabad,FPqrFlrWiLm,Munda Pandey,42,
Moradabad,aO4ZhXYOBeK,Thakurdwara,37,
Rampur,DNtrijn28qb,Bilaspur,51,
Rampur,TLMPAZhmOLv,Milak,54,
Rampur,Bgu9MPGC8NW,Shahabad,55,
Rampur,nwSfqFHkPxa,Suar,50,
Sambhal,uqiwsVkCjJB,Bahjoi,49,
Gonda,dbHdyWgjMbk,Gonda (Urban),#N/A,
Sambhal,WtDIWivefft,Gunnaur,171,
Sambhal,gspBjXC9nc5,Janawai,172,
Sambhal,f6vmbanfxRo,Panwasa,48,
Sambhal,Xkw9hBGJS6I,Asmauli,46,
Sambhal,YxWlmBfIHmq,Rajpura,170,
Sambhal,XW2FOqHQemu,Sambhal,47,
Fatehpur,janjc2a7UuX,Amauli,422,
Fatehpur,O3U9QEmpjTV,Khajuha,423,
Fatehpur,w0PTR0Qc2H7,Dhata,432,
Fatehpur,gAuwshptXMU,Bahua,427,
Fatehpur,sGcpaNGqN8u,Telyani,424,
Fatehpur,OA8wf7skznm,Hathgaon,429,
Fatehpur,w25YwsZC9ZT,Bhitaura,425,
Fatehpur,Cge552Satby,Devmai,420,
Fatehpur,uEEKeL3UnB2,Airaya,430,
Gorakhpur,Yz8M2ESnoFT,Khorabar,637,
Fatehpur,LWEb9Onpgzi,Haswa,426,
Fatehpur,X3gyut5H2FR,Vijayipur,431,
Kaushambi,gO0bpL7Tygs,Muratganj,455,
Gorakhpur,oER6x75izaS,Gorakhpur (Urban),#N/A,
Kaushambi,ppVmu0WT8Jb,Manjhanpur,453,
Kaushambi,UBoDZuuvpRs,Kara,450,
Kaushambi,JyfWW9uiTL5,Kaushambi,454,
Kaushambi,CUfl7clOb3K,Newada,457,
Kaushambi,EXoRpuAixOF,Sarsawan,452,
Kaushambi,HtBQrKnRi8A,Sirathu,451,
Pratapgarh,loZ8Meaktfa,Lakshamanpur,435,
Pratapgarh,iobObmzVNqo,Aspur Deosara,446,
Pratapgarh,QGFqwtIZDnf,Patti,445,
Pratapgarh,klR8OoJpYaw,Vihar,440,
Pratapgarh,VmevjLb8Eme,Baba Belkharnath,449,
Pratapgarh,ZFpgvZ5wO0j,Sandwa Chandrika,441,
Pratapgarh,b29DRuniQju,Gaura,448,
Pratapgarh,qmMPEkTsow1,Kalakankar,437,
Pratapgarh,es3YNWUdqOh,Magraura,444,
Pratapgarh,XnEGHve0wKr,Kunda,439,
Pratapgarh,lZg8HzmVg9D,Lalganj Ajhara,434,
Pratapgarh,yepP1LEwWeE,Babaganj,438,
Pratapgarh,ZjQLMtbMM7E,Mandhata,443,
Pratapgarh,GMBAMYjK1nv,Shivgarh,447,
Pratapgarh,EgafD8LSM5T,Sangipur,433,
Pratapgarh,dRG9GGcp4gQ,Rampur Sangramgarh,436,
Prayagraj,TcWp3YBgjTX,Bahria,462,
Prayagraj,hty8pfH1ySe,Chaka,467,
Prayagraj,ooMZMhdhlnd,Dhanupur,471,
Prayagraj,Qk15i4lxQ0C,Handia,473,
Prayagraj,dawiYinsnkV,Mauaima,460,
Prayagraj,SkcYjFliQxI,Holagarh,459,
Prayagraj,vAlop9evcWY,Jasra,465,
Prayagraj,INQHpWL0ZBk,Karchhana,469,
Prayagraj,UBw5aJTPmZ3,Kaudhiyara,468,
Hamirpur,q73Py9jt80A,Sumerpur,397,
Prayagraj,snr8f1gc8vd,Koraon,477,
Prayagraj,tqyaSDfRN87,Bahadurpur,464,
Prayagraj,CGzm91g5LUD,Manda,476,
Prayagraj,En85jBKx0aq,Meja,474,
Prayagraj,rnqodqKeG71,Pratappur,470,
Prayagraj,uiUVlKvhhxF,Phulpur,463,
Prayagraj,ZYDAjKxE7WN,Uruwan,475,
Prayagraj,UtcpvEmyolV,Saidabad,472,
Prayagraj,omKjHTDECWY,Shankargarh,466,
Prayagraj,Gs9FnVq3FME,Soraon,461,
Muzaffarnagar,hiCT4rPYCVr,Baghara,20,
Muzaffarnagar,gh2z6ozRHvl,Budhana,21,
Muzaffarnagar,c0nWxLrugon,Charthawal,17,
Muzaffarnagar,RAawnADvz9B,Morna,23,
Muzaffarnagar,kE3pd8aET6C,Purkazi,18,
Muzaffarnagar,XuOunfUuyUX,Shahpur,22,
Muzaffarnagar,IClJwvvGCfX,Jansath,24,
Muzaffarnagar,e6v2BeJjdF0,Khatauli,25,
Hamirpur,KZozTRTvHgU,Hamirpur (Urban),#N/A,
Saharanpur,obGw4WWLMlw,Rampur Maniharan,8,
Saharanpur,Il5dY2TsnrT,Nakur,6,
Saharanpur,y5bGR23eUwH,Sadauli Qadeem,1,
Saharanpur,qxErDQBKuLE,Ballia Kheri,4,
Saharanpur,BHNN3R3Nfyk,Gangoh,7,
Saharanpur,J4lOM1HGEln,Sarsawan,5,
Saharanpur,oNfXWvtDaWv,Deoband,11,
Saharanpur,dTPUQF80iDV,Muzaffarabad,2,
Hapur,MoftawJk2Oh,Hapur,85,
Saharanpur,ZUTLEFlviBI,Nanauta,9,
Saharanpur,TkRtB84gkNd,Nagal,10,
Shamli,bJF2UI9uVXK,Kandhla,16,
Shamli,hYGI5A3Mq94,UN,12,
Shamli,y1VjuyuoJ29,Kairana,13,
Hardoi,kBVkJI1qaWb,Hardoi (Urban),#N/A,
Shamli,PrrfSkPnkmn,Thana Bhawan,14,
Hathras,tisCSlmEcvz,Hathras,123,
Chandauli,QglkJx8TDdn,Chandauli,768,
Chandauli,F1Ddi7jawvX,Dhanapur,765,
Chandauli,UuA1Z7kFP5w,Naugarh,772,
Chandauli,J2ufTjaikuE,Sakaldiha,766,
Ghazipur,SQuL6ZdC6LY,Varachakwar,758,
Ghazipur,KkUxdrYeeXC,Bhadaura,763,
Ghazipur,zv6Gc6aGnXd,Virno,753,
Ghazipur,mhI69xut9he,Bhanwarkol,760,
Ghazipur,hepZfdzFqgL,Zamania,761,
Ghazipur,OFvD8TPE8bU,Saidpur,751,
Ghazipur,kcQKXLIXWNj,Deokali,752,
Ghazipur,NbXqavwiDug,Jakhania,748,
Ghazipur,J01CgvckM2C,Karanda,756,
Ghazipur,oJK3Sqdic6n,Kasimabad,757,
Ghazipur,APE5J6eTM3s,Manihari,749,
Ghazipur,ISeQXIbXref,Mohammadabad,759,
Ghazipur,y8eD89Cg95c,Revatipur,762,
Ghazipur,w2mC1IzGqJO,Sadat,750,
Hathras,NZZfSO3tDC5,Hathras (Urban),#N/A,
Ghazipur,iMSgdsfQfK3,Mardah,754,
Jalaun,V41lCBcSsRJ,Dakor,380,
Jaunpur,HU9Fxw66kJA,Badlapur,730,
Jaunpur,UUtQaeoOtV1,Baksha,732,
Jaunpur,CqlV6Koe6vJ,Barsathi,738,
Jaunpur,K2hjVgS0LFm,Dharampur,742,
Jaunpur,pb5hWAn45Rk,Sikrara,740,
Jaunpur,EcaeGqA47MY,Shahganj,743,
Jaunpur,OTeT1SgY1F7,Dobhi,747,
Jaunpur,OmRJBPDSih0,Jalalpur,745,
Jalaun,L75X9VvSfGc,Jalaun  (Urban),#N/A,
Jaunpur,joT95cJHrTQ,Kerakat,746,
Jaunpur,yQrRCA2ngHE,Khuthan,729,
Jaunpur,p6cTEKZv0Bb,Machhlishahr,735,
Jaunpur,FBVobg8QhyC,Mahrajganj,731,
Jaunpur,B9itA8m0ytx,Mariahu,736,
Jaunpur,sfvcD32u4kK,Muftiganj,744,
Jaunpur,Y1OSp1Ck66B,Mogra Badshahpur,734,
Jaunpur,SiApLfkyuVz,Ramnagar,737,
Jaunpur,MENKSvmhb6i,Rampur,739,
Jaunpur,bU9RuaPWXkH,Karanjakala,741,
Jaunpur,qyXPcuW4JMr,Suithakala,727,
Jaunpur,dQvMLUi5rMw,Sujanganj,733,
Varanasi,IyYYBHo9msY,Arajiline,778,
Varanasi,pzUMM4ITvbI,Chirai Gaon,780,
Varanasi,HonPmXiTJw7,Cholapur,775,
Varanasi,Cr1PwYBuSs1,Pindra,774,
Varanasi,NJxCMa3k532,Sevapuri,777,
Jaunpur,nftiI8Ch1nw,Sirkoni,#N/A,
Varanasi,YAHDIDrUMwP,Harhua,776,
Jaunpur,i81wO4m0rn2,Jaunpur (Urban),#N/A,
Varanasi,J2vP2MAp32p,Baragaon,773,
Jhansi,l7op2G8Asvm,Badagaon,388,
Jhansi,o2TR0og834Q,Jhansi (Urban),#N/A,
Kannauj,w5PW1t5ovb8,Kannauj,335,
Kannauj,pxVGfZhiG9T,Kannauj (Urban),#N/A,
Kanpur Nagar,dbmh0v75n2G,Vidhunu,368,
Kanpur Nagar,NeyEJQ4zV6i,Kanpur Nagar (Urban),#N/A,
Kasganj,jvUzHuel9I6,Kasganj,816,
Kasganj,UuNK1H4MurF,Kasganj (Urban),#N/A,
Kaushambi,QGh6NT0LgVl,Chail,456,
Kaushambi,qaNCPibFPR2,Kaushambi (Urban),#N/A,
Kushinagar,vvIR3mOcYGz,Padrauna,652,
Kushinagar,IiY5fP1UuFV,Kushinagar (Urban),#N/A,
Lalitpur,cBlMjL2O6oW,Jakhaura,391,
Lalitpur,OlW82qQAtpe,Lalitpur  (Urban),#N/A,
Lucknow,ciUK1Y4Eaxf,Sarojaninagar,299,
Lucknow,NyYp5W4XZfR,Lucknow (Urban),#N/A,
Maharajganj,d5GGshi37vh,Mahrajganj,626,
Maharajganj,entrhoaBv1i,Maharajganj (Urban),#N/A,
Mahoba,GfFQEUX1ZYy,Kabrai (Mahoba),406,
Mahoba,k7nZry9XTd5,Mahoba (Urban),#N/A,
Mainpuri,covI1BtEX12,Mainpuri,163,
Mainpuri,O8puBy9wDpN,Mainpuri (Urban),#N/A,
Mathura,gucZ0cBoa0r,Mathura,135,
Mathura,K2r1bjs4mb5,Mathura (Urban),#N/A,
Maunathbhanjan,la9bHITzK55,Pardaha,706,
Maunathbhanjan,Obe6UPmf0LR,Maunathbhanjan (Urban),#N/A,
Meerut,nSWcYd5JkhS,Rohta,69,
Meerut,yzzRWFcfXzt,Meerut (Urban),#N/A,
Mirzapur,qFq9YH9cPE2,Nagar (City),790,
Mirzapur,WxMksp7j6w7,Mirzapur (Urban),#N/A,
Moradabad,WHjh3bRw6D7,Moradabad (Urban),#N/A,
Moradabad,ETOgxiqqzTT,Moradabad,41,
Muzaffarnagar,xInsVC065RU,Muzaffarnagar,19,
Muzaffarnagar,LwbNBvrbL9f,Muzaffarnagar (Urban),#N/A,
Pilibhit,BwBmhT0ClWR,Lalaurikhera,205,
Pilibhit,Ez4mS8TGHyp,Pilibhit (Urban),#N/A,
Bulandshahar,a5WBFfhetVT,Khurja,106,
Pratapgarh,dlErcN5wTNz,Pratapgarh (Sadar),442,
Pratapgarh,l7DJJezKzTw,Pratapgarh (Urban),#N/A,
Prayagraj,V9DOCawlsCk,Kaurihar,458,
Prayagraj,xDTc9JFJJPU,BHAGWATPUR,#N/A,
Prayagraj,engUwg3VX3b,Prayagraj (Urban),#N/A,
Rae Bareli,smTNQ0RRpOL,Rahi,311,
Rae Bareli,Sk3orHKxNQG,Deenshah Gaura,#N/A,
Rae Bareli,c89kPtwHW5H,Rohniya,#N/A,
Rae Bareli,qXzAAhlpnux,Rae Bareli (Urban),#N/A,
Rampur,TfKrN4hWv8C,Rampur (Urban),#N/A,
Rampur,Afucmep9Fdq,Saidnagar,52,
Saharanpur,PqdYyxvXbjJ,Puwarka,3,
Saharanpur,oJLTrPrhs93,Saharanpur (Urban),#N/A,
Sambhal,SedCcdeSesp,Baniyakhera,45,
Sambhal,E3NqDNq6JJg,Sambhal (Urban),#N/A,
Chandauli,VpPC8KPVwrC,Chakia,770,
Shahjahanpur,FHp906GIA29,Bhawal Khera,221,
Shahjahanpur,jc5MqfKVzRH,Shahjahanpur (Urban),#N/A,
Shamli,QgLrwudkb0M,Shamli,15,
Shamli,qVXCL4F9Nfc,Shamli (Urban),#N/A,
Shravasti,miFaxMESSJ2,Hariharpur Rani,552,
Azamgarh,q7hwjHjsWmD,Martinganj,695,
Azamgarh,Yj3IUe7pBJn,Mohammadpur,692,
Azamgarh,bYn0jt3AvMQ,Mirzapur,691,
Ballia,lLzGu8T43H8,Chilkahar,716,
Badaun,yxi8x9cQDKH,Dahgavan,179,
Shravasti,GK26msJSJoZ,Shrawasti (Urban),#N/A,
Shahjahanpur,gGoFUoVcUmI,Kalan,222,
Siddharth Nagar,rvgyhTDiBPh,Lotan,#N/A,
Sant Kabir Nagar,kvn8lGZHRgM,Baghauli,612,
Sant Kabir Nagar,IFHbGZd8LVv,Pauli,616,
Siddharth Nagar,VQaZwzfLvV1,Naugarh,585,
Siddharth Nagar,fvt1qfVGM3G,Barhni Bazar,581,
Banda,kKjIKi66mY2,Mahuva,413,
Siddharth Nagar,fhrJdvxaNc3,Shoharatgarh,582,
Banda,UVNiCb7ffry,Tindwari,408,
Siddharth Nagar,EE0yO6YSNwL,Siddharth Nagar (Urban),#N/A,
Gorakhpur,W4M075uGpIs,Kauri Ram,645,
Jalaun,V1ktVWnBTTW,Kuthaund,374,
Sitapur,ch0hBYu0VuS,Khairabad,248,
Sitapur,ql65TcOIaDt,Sitapur (Urban),#N/A,
Sonbhadra,Gbo5ncDmsIv,Myorpur,804,
Bulandshahar,IjocfjQxUOy,Sikandrabad,92,
Sonbhadra,NBKbLavdozm,Sonbhadra (Urban),#N/A,
Sultanpur,C2FFe2TBScZ,Dubey Pur,527,
Sonbhadra,I0SrxhvmkHK,Chatra,802,
Sultanpur,Tt3G0qCamwa,Karaundi Kala,#N/A,
Sultanpur,L7J6pfX9JCH,Sultanpur (Urban),#N/A,
Rampur,zph89qUJBah,Chamraua,53,
Fatehpur,QiCjYBLbYGE,Malwan,421,
Unnao,OC6qHC6pCm8,Sikandarpur Sarausi,286,
Unnao,CYb7f3DOpb0,Unnao (Urban),#N/A,
Varanasi,tJRXhxV3GJh,Kashi Vidya Peeth,779,
Chandauli,kneJKc3fNtp,Barhani,769,
Chandauli,P0KHYXl7qFF,Chahniya,764,
Chandauli,Aq89pvDpWBA,Shahabganj,771,
Sant Kabir Nagar,Orx7pmg4L68,Belhar Kala,611,
Varanasi,cFRa7gJ9JI1,Varanasi (Urban),#N/A,
Lakhimpur Kheri,LDw1OZ2okqK,Lakhimpur Kheri (Urban),#N/A,
