District,organisationunitid,organisationunitname,id_Shp_file
Banda,QIufPcB6Kr6,DHQ Banda,#N/A
Pratapgarh,iobObmzVNqo,Aaspurdavsra,446
Sitapur,DPIQ2VWtvGl,Aeliya,245
Agra,eV15qufBx79,Agra Achnera,143
Agra,iqYgALY5y5A,Agra Akola,140
Agra,TNFp3ouQZzy,Agra Bah,150
Agra,PskcWzXXxHt,Agra Barauli Ahir,141
Agra,RjTiJ3wL4Ir,Agra Bichpuri,139
Agra,CUTzCqh1nRn,Agra DHQ,#N/A
Agra,xiUPA06ix22,Agra Etmadpur,138
Agra,tZd8rrGLhlU,Agra Fatehpur District Sikhri,142
Agra,vKblzOJTuGM,Agra Fathehabad,148
Agra,JGBdoOZp18V,Agra Jagner,144
Agra,PlRYdgqkTLD,Agra Jaitpur Kala,151
Agra,hO5EeDRnO8S,Agra Kahiragarh,145
Agra,NWLheaE7Ac4,Agra Khaundali,137
Agra,sGuuKBoA9Rh,Agra Pinhat,149
Agra,mqJOhnNW2ce,Agra Sainya,146
Agra,CSr734nIeVU,Agra Shashambad,147
Hardoi,JNhW47eyrRv,Ahirori,272
Ambedkar Nagar,HHlxYUknESU,Akaberpur,512
Sultanpur,bUb6dbgNp7o,Akhandnagar,535
Aligarh,WFVLpMb2xKo,Akrabad,114
Etah,uHgTlwfqKI8,Aliganj,808
Aligarh,qSjbxzH099H,Aligarh,#N/A
Ayodhya,pYWjwOoijbJ,Amaniganj,497
Kasganj,ayWFJQ6ulBH,Amapur,817
Pilibhit,uIkxxtBPd1K,Amaria,203
Budaun,A8jhC64rvlS,Asafpur,173
Sambhal,Xkw9hBGJS6I,Asmoli,46
Aligarh,O5BIieG3GQR,Atrauli,115
Auraiya,iT6mwbFSnli,Auraiya Achhalda,348
Auraiya,JUDfktiXVjn,Auraiya Airwa Katra,346
Auraiya,guhyL5WpMTF,Auraiya Ajitmal,350
Auraiya,baHOn9wfzJ1,Auraiya Auriya,352
Auraiya,UqkEQavyage,Auraiya Bhagyanagar,351
Auraiya,Uqr9pGSBzRf,Auraiya Bidhuna,347
Auraiya,lMDCwvmApOX,Auraiya DHQ,#N/A
Auraiya,ogSTp4HnpXK,Auraiya Sahar,349
Etah,vXfCZfdMkdf,Awagarh,814
Azamgarh,bqyQpybBJt7,Azamgarh Ahiraulla,#N/A
Azamgarh,wCrGRYFB5Qo,Azamgarh Atraullia,679
Azamgarh,QlDZDhfK4iZ,Azamgarh Azmatgarh,685
Azamgarh,YpJFFqOo3Eh,Azamgarh Biliria Ganj,684
Azamgarh,MVd5w4juglR,Azamgarh D H Q,#N/A
Azamgarh,qzyZ63I1bIh,Azamgarh Fhoolpur,694
Azamgarh,sODyhiqy8iZ,Azamgarh Harriya,683
Azamgarh,O2VQy7yy72b,Azamgarh Jahanaganj,689
Azamgarh,S32hqFqb1zY,Azamgarh Koilsa,680
Azamgarh,CqNwKYL7iqH,Azamgarh Lalganj,697
Azamgarh,Wyo5sWkkK3V,Azamgarh Maharajganj,682
Azamgarh,q7hwjHjsWmD,Azamgarh Martinganj,695
Azamgarh,KjTOOkkFXwn,Azamgarh Mehnagar,699
Azamgarh,bYn0jt3AvMQ,Azamgarh Mirzapur,691
Azamgarh,Yj3IUe7pBJn,Azamgarh Momadpur,692
Azamgarh,dIVl43wpljo,Azamgarh Palhani,686
Azamgarh,lcnwkO2gp49,Azamgarh Pawai,693
Azamgarh,DYvPZYv80ET,Azamgarh Rani Ki Sarai,687
Azamgarh,hjSHCmJGFAP,Azamgarh Sathiyaon,688
Azamgarh,cbIIWsiZRDy,Azamgarh Tahebpur,690
Azamgarh,UqPfQ9syNvH,Azamgarh Tarwa,698
Azamgarh,QeJhMnDGzrC,Azamgarh Thekma,696
Pratapgarh,yepP1LEwWeE,Babaganj,438
Banda,QAfsawYvIW0,Baberu,410
Jhansi,jtzi71zh7X8,Babina,389
Jhansi,l7op2G8Asvm,Bada Gaon,388
Siddharth Nagar,fvt1qfVGM3G,Badani,581
Jaunpur,HU9Fxw66kJA,Badlapur,730
Banda,EFUeXhmIy8J,Badoukher Khurd,409
Bagpat,q2bkBgTq2b1,Baghpat,77
Prayagraj,tqyaSDfRN87,Bahadurpur,464
Prayagraj,TcWp3YBgjTX,Baharia,462
Sambhal,uqiwsVkCjJB,Bahjoi,49
Lakhimpur Kheri,dCxTVCyf17s,Bakeganj,229
Jaunpur,UUtQaeoOtV1,Baksha,732
Sultanpur,VPN370bubCz,Baldirai,516
Bahraich,ww1Qb6eAFFD,Balha,539
Ballia,WZYAC5DYYJk,Ballia Bairiya,725
Ballia,og5bU7elwf9,Ballia Ballia Sadar,#N/A
Ballia,G4HRu37srJN,Ballia Bansdih,723
Ballia,s2dEYvDCkAZ,Ballia Bellhri,721
Ballia,MTIyIVsTiFD,Ballia Beruarbari,722
Ballia,lLzGu8T43H8,Ballia Chilkahar,716
Ballia,RHjnoE1DdVp,Ballia DHQ,#N/A
Ballia,bmh3vNuN7xM,Ballia Dubhar,720
Ballia,jh6PK3SOcHL,Ballia Garwar,717
Ballia,cu4HLxXXRm1,Ballia Hanumanganj,719
Ballia,eFwNuT9zZod,Ballia Maniyar,714
Ballia,wn2e7ufbuPd,Ballia Murli Chhapra,726
Ballia,L91X7r5wkfW,Ballia Nagra,711
Ballia,kepTOn7He9W,Ballia Navanagar,712
Ballia,F6ojCWU9pCH,Ballia Pandah,713
Ballia,tws6xITzNhV,Ballia Rasra,715
Ballia,ZEh2syBgHks,Ballia Reoti,724
Ballia,mH7MZIxUv1s,Ballia Siar,710
Ballia,aNOBGjwlNho,Ballia Sohaw,718
Balrampur ,HkZSq61JwqL,Balrampur,557
Gonda,eeLkdiQv8Ex,Bamanjeet,579
Jhansi,yfN8RlEk6Eo,Bamaur,384
Shahjahanpur,tjhsboDAHva,Banda,210
Jhansi,W9mkfkYcPh8,Bangra,386
Barabanki,sCFJS0l4C5z,Banikoder,489
Barabanki,zrtAHVhGVAe,Banki,483
Basti,Ek8aj4Sjo0n,Bankuti,606
Gorakhpur,oqobaBlkco3,Bansgaon,644
Siddharth Nagar,dMZKc4fIqCl,Bansi,588
Farrukhabad,XIqs5K6oAlM,Baraun,327
Bagpat,JIEAUI17z3o,Baraut,75
Gorakhpur,h0bQr9x9gzJ,Barhalganj,648
Chandauli,kneJKc3fNtp,Barhani,769
Hardoi,pkRX2naWpN3,Barkhani,262
Pilibhit,aP18Pdo2sLv,Barkhera,206
Jaunpur,CqlV6Koe6vJ,Barsathi,738
Maharajganj,arETnjnVPdJ,Barzmanganj,623
Ambedkar Nagar,ABuWCL4zW6t,Baskhari,505
Basti,zshpWWwvLd3,Basti Sader,605
Hardoi,tbi6Bsb6jlU,Bawan,263
Hardoi,VoR9CT9z1Rx,Behander,275
Bareilly,fO0hzktt79F,Behedi,188
Lakhimpur Kheri,qoqWCWNVx1j,Behjam,234
Sitapur,nKJmMxPaEZ9,Behta,250
Sant Kabir Nagar,Orx7pmg4L68,Belahar Kala,611
Gorakhpur,l4r3ouFQPZS,Belghat,643
Pratapgarh,VmevjLb8Eme,Belkharnath,449
Gonda,KTP3RqHdGlM,Belsar,574
Sant Kabir Nagar,kvn8lGZHRgM,Bghouli,612
Sonbhadra,dOCMMkuHb5N,Bhabni,806
Sultanpur,vXwJYqDZIzf,Bhadaiyan,530
Basti,Rhej6WFZaSI,Bhadurpur,607
Moradabad,f4VnN0yydmT,Bhagtepurtanda,40
Bareilly,HZQTgHfOykd,Bhamora,198
Siddharth Nagar,pWd385fXS6s,Bhanwapur,591
Hardoi,wPymOYKUUFI,Bharawan,277
Gorakhpur,kzpItiarBRF,Bhathat,636
Shahjahanpur,FHp906GIA29,Bhawalkheda,221
Kanpur Nagar ,prVsNzGqemV,Bheetargaon,371
Ambedkar Nagar,RiDtZZsck6S,Bhiti,510
Ambedkar Nagar,KZ9A7NuGOta,Bhiyaon,509
Bareilly,m5Tn9LTc2Dy,Bhojipura,191
Kanpur Nagar ,dbmh0v75n2G,Bidhuna,368
Bijnor,wwaYoRwSd1k,Bijnor Afjialgarh,31
Bijnor,shhTmT0DeTX,Bijnor Chandok,#N/A
Bijnor,hFYPDvQ1x7I,Bijnor Dhampur,#N/A
Bijnor,pE27TXbzXZ5,Bijnor dhq,#N/A
Bijnor,R2Jott0TJjX,Bijnor Haldaur,29
Bijnor,EdO6OYkMy4n,Bijnor Jalilpur,35
Bijnor,rzAzyO3UWpL,Bijnor Kiratpur,27
Bijnor,j5nQ6oNNVnX,Bijnor Kotwali,30
Bijnor,c6v4wYwFFOK,Bijnor Najibabad,26
Bijnor,rAeHXnn5JSw,Bijnor Nehtaur,32
Bijnor,aHuzZgGIslk,Bijnor Noorpur,36
Bijnor,X5WeRBwPtNl,Bijnor Seohara,34
Aligarh,Pf9sH55x9lG,Bijoli,116
Lakhimpur Kheri,Jmwf6ICjPJQ,Bijua,230
Ayodhya,pw5oJhc8fpc,Bikapur,500
Rampur,DNtrijn28qb,Bilaspur,51
Hardoi,TqhQTNCu0rW,Bilgram,266
Moradabad,B1rNgGH3FaM,Bilhari,44
Kanpur Nagar ,oiZGLrWMq7u,Billahaur,364
Pilibhit,GHjV9QTEXyn,Bilsanda,207
Budaun,FBjTmOT2uLU,Bilsi,178
Bagpat,h3yrIIH1cGT,Binauli,76
Budaun,QdKW8E0HxRg,Binawar,#N/A
Siddharth Nagar,N5oPV77d3Vf,Birdpur,584
Pilibhit,cCWLrzUi4yN,Bisalpur,208
Banda,emjMgvubuGe,Bisanda,412
Budaun,MWJyDwqvBqS,Bisauli,175
Sitapur,gSwqRR5qMEE,Biswan,253
Bareilly,xIm2KLhn48h,Bithrichainpur,192
Lucknow,ApSm0CuGVfL,BKTalabe,296
Amroha,o9uEgq78lMK,Block Amroha,57
Gorakhpur,P39P0iQKIWH,Brahmpur,640
Bulandshahar,rBDpTYpQ340,Bulandshahar Anoopshahr,101
Bulandshahar,BWEaFP6tBWO,Bulandshahar Arniya,107
Bulandshahar,cp2Je1Z1Zo6,Bulandshahar B.B.Nagar,97
Bulandshahar,bMszXRRjCCv,Bulandshahar Bulandshahr,96
Bulandshahar,RyFHMa78ezE,Bulandshahar Danpur,102
Bulandshahar,JZJD7vQ6YIE,Bulandshahar DHQ,#N/A
Bulandshahar,YDOGtOLeFg1,Bulandshahar Dibai,103
Bulandshahar,FXjd8I3tis1,Bulandshahar Gulaothi,93
Bulandshahar,VhF9wHMOsI2,Bulandshahar Janhgirabad,100
Bulandshahar,a5WBFfhetVT,Bulandshahar Khurja,106
Bulandshahar,u7AfLScMrQL,Bulandshahar Lakhaothi,95
Bulandshahar,BFS0IOjIJM6,Bulandshahar Pahasu,105
Bulandshahar,a3X4KgFjlsz,Bulandshahar Shikarpur,104
Bulandshahar,IjocfjQxUOy,Bulandshahar Sikandrabad,92
Bulandshahar,jJP9OWvYMuH,Bulandshahar Siyana,98
Bulandshahar,vlW7Ky7ubGA,Bulandshahar Uncha gaon,99
Amethi,myKgoGwviVc,C S M Nagar Amethi,520
Amethi,HZYH9FeKSbz,C S M Nagar Bazar Shukul,513
Amethi,l02BWTHnGkg,C S M Nagar Bhadar,523
Amethi,J7htJUPglZb,C S M Nagar Bhetua,522
Amethi,j4mknIwFS2j,C S M Nagar Fursatganj,#N/A
Amethi,WM5EPg47DVT,C S M Nagar Gauriganj,519
Amethi,btuo0MWP5ET,C S M Nagar Jagdishpur,514
Amethi,R35oHPkysFc,C S M Nagar Jamon,517
Amethi,rpRvuw2Iiug,C S M Nagar Musafirkhana,515
Amethi,KwM7Z0rplba,C S M Nagar Sangrampur,521
Amethi,scpjZUfh7zI,C S M Nagar Shahgarh,518
Amethi,vlnVnG5JxVJ,C S M Nagar Singhpur,305
Amethi,vRgViyJ0IS6,C S M Nagar Tiloi,306
Gorakhpur,noXyISQsTiJ,Campierganj,630
Prayagraj,hty8pfH1ySe,Chaka,467
Chandauli,VpPC8KPVwrC,Chakiya,770
Rampur,zph89qUJBah,Chamraua,53
Chandauli,QglkJx8TDdn,Chandauli,768
Aligarh,oV5iZQFUzGo,Chandaus,110
Chandauli,P0KHYXl7qFF,Chaniya,764
Bagpat,koZRGrwQvrl,Chaprauli,74
Gorakhpur,X2K6bByVLd2,Chargawan,635
Mahoba,voVPLJSfahW,Charkhari,405
Sonbhadra,I0SrxhvmkHK,Chatra,802
Kaushambi,QGh6NT0LgVl,Chayal,456
Mirzapur,T5YmZQx2cme,Chhanve,787
Kannauj,lqFb50V1HFl,Chibramau,330
Lucknow,aKYlZcPC3HU,Chinhat,297
Jhansi,CNdl7yi4n8S,Chirgaon,383
Chitrakoot,csfXDnN3Xo3,Chitrakootdham Karwi,416
Bahraich,jNYEM4EP98K,Chittaura,542
Moradabad,MIhBWjsHb4j,Chjlate,39
Kanpur Nagar ,EbQXwXsACBg,Chobeypur,366
Sonbhadra,rqYozNDUgyg,Chopen,800
Mirzapur,qFq9YH9cPE2,City,790
Gonda,SxFTKbP1SXZ,Colonalganj,572
Kaushambi,qaNCPibFPR2,D H Q,#N/A
Mirzapur,WxMksp7j6w7,D H Q,#N/A
Siddharth Nagar,EE0yO6YSNwL,D H Q,#N/A
Amroha,Ygt5E2MGGWd,D H Q Amroha,#N/A
Kannauj,pxVGfZhiG9T,D H Q Kannauj,#N/A
Sitapur,ql65TcOIaDt,D H Q Sitapur,#N/A
Shahjahanpur,CzrcP2SLElb,Dadroul,220
Budaun,yxi8x9cQDKH,Dahagawan,179
Bareilly,G7D5lGOMxxz,Dalelnagar,200
Barabanki,Rf7c1xtIt4m,Dariyabad,487
Budaun,YbOAqVBdm86,Dataganj,185
Deoria,EmKRIMSIXim,Deoria Bankata,677
Deoria,E5A2kSTc3PM,Deoria Barhaz,672
Deoria,LPTjBQ9rRWx,Deoria Bethalpur,664
Deoria,ULhLz5tR5rr,Deoria Bhagelpur,673
Deoria,rMbW2gza9HD,Deoria Bhaluni,671
Deoria,rY5nGyzGedU,Deoria Bhatperrani,678
Deoria,AzV6zQXaRba,Deoria Bhttni,674
Deoria,Kr0p5SNoG3J,Deoria D H Q,#N/A
Deoria,KsXL0whELQG,Deoria Desai Deoria,665
Deoria,x6V2gbPDLjh,Deoria Goribazar,663
Deoria,NVFxlXHdSmv,Deoria Larr,676
Deoria,ymNHOw3eRlW,Deoria Mahen,#N/A
Deoria,UlR3pGm65VX,Deoria Majhgawon,#N/A
Deoria,uwDViZiXmha,Deoria Patherdewa,667
Deoria,S0dqgoK82zn,Deoria Rampur Karkhna,668
Deoria,tbaPfFzYkRT,Deoria Ruderpur,670
Deoria,MJ1dhXmXROA,Deoria Sader,669
Deoria,YRYbXgGEgwG,Deoria Selampur,675
Deoria,rz3th45E7Sa,Deoria Tarkulwa,666
Barabanki,LsCBHm1wj5S,Dewa,482
Chandauli,F1Ddi7jawvX,Dhanapur,765
Amroha,KocU1z4MS42,Dhanaura,56
Maharajganj,m89LQqFOgTd,Dhani,624
Sultanpur,LNiRZH5vfaY,Dhanpatganj,524
Prayagraj,ooMZMhdhlnd,Dhanupur,471
Jaunpur,K2hjVgS0LFm,Dharmapur,742
Lakhimpur Kheri,gEphd9O9pPr,Dharora,238
Hapur,IywKKXqWKqi,Dhaulana,84
Aligarh,DeIlv8osqJa,Dhnipur,113
Farrukhabad,pAJMw6V9F29,DHQ,#N/A
Kasganj,UuNK1H4MurF,DHQ,#N/A
Maharajganj,entrhoaBv1i,DHQ,#N/A
Pilibhit,Ez4mS8TGHyp,DHQ,#N/A
Sant Kabir Nagar,Cv8WrBixKYV,DHQ,#N/A
Shrawasti,GK26msJSJoZ,DHQ,#N/A
Sonbhadra,NBKbLavdozm,DHQ,#N/A
Chitrakoot,kuE3K1lT4Ik,DHQ,#N/A
Prayagraj,engUwg3VX3b,DHQ  Prayagraj,#N/A
Aligarh,Ae6KfBl84FW,DHQ Aligarh,#N/A
Ambedkar Nagar,dgOT0Nq7Zja,DHQ Ambedkar Nagar,#N/A
Bagpat,kaWQCx3sgxl,DHQ Bagpat,#N/A
Bahraich,sGS6zRDhdsB,DHQ Bahraich,#N/A
Balrampur ,G7snWO0Hmy7,DHQ Balrampur,#N/A
Barabanki,jqG1GfySEy7,DHQ Barabanki,#N/A
Bareilly,fRl1gRWCXvz,DHQ Bareily,#N/A
Basti,hIlEZsYKlhK,DHQ Basti,#N/A
Budaun,i8KzqsutvXl,DHQ Budaun,#N/A
Chandauli,kqqVceYxMn2,DHQ Chandauli,#N/A
Etah,MoUVR7OhsJp,DHQ Etah,#N/A
Ayodhya,bMK9VNDswXt,DHQ Ayodhya,#N/A
Gonda,dbHdyWgjMbk,DHQ Gonda,#N/A
Gorakhpur,oER6x75izaS,DHQ Gorakhpur,#N/A
Hapur,Mt3m2kDHXcq,DHQ Hapur,#N/A
Hardoi,kBVkJI1qaWb,DHQ Hardoi,#N/A
Jaunpur,i81wO4m0rn2,DHQ Jaunpur,#N/A
Jhansi,o2TR0og834Q,DHQ Jhansi,#N/A
Kanpur Nagar ,NeyEJQ4zV6i,DHQ Kanpur Nagar,#N/A
Lakhimpur Kheri,PDw9OZ2oKqK,DHQ Lakhimpur,#N/A
Lucknow,NyYp5W4XZfR,DHQ Lucknow,#N/A
Mahoba,k7nZry9XTd5,DHQ Mahoba,#N/A
Moradabad,WHjh3bRw6D7,DHQ Moradabad,#N/A
Pratapgarh,l7DJJezKzTw,DHQ Pratapgarh,#N/A
Rampur,TfKrN4hWv8C,DHQ Rampur,#N/A
Sambhal,E3NqDNq6JJg,DHQ Sambhal,#N/A
Shahjahanpur,jc5MqfKVzRH,DHQ Shahjahanpur,#N/A
Sultanpur,L7J6pfX9JCH,DHQ Sultanpur,#N/A
Moradabad,yslHqhvvXn0,Dilhari,38
Jaunpur,OTeT1SgY1F7,Dobhi,747
Sultanpur,AGFzimgfzIo,Dostpur,533
Basti,I6SfaoTpBWQ,Dubealiya,602
Sultanpur,C2FFe2TBScZ,Dubeypur,527
Sonbhadra,vqGMYi6W3ep,Dudhi,805
Siddharth Nagar,nH12F0E43cT,Dumaria,594
Mahoba,sxmq7Z4MO2H,DWH Mahoba,#N/A
Etawah,DQKs9hxWhSr,Etawah Badpura,340
Etawah,JBG7yZn3ZhD,Etawah Basrehar,341
Etawah,xraYmPK0pc5,Etawah Bherthna,343
Etawah,eLIy5rJdmIo,Etawah Chkernagar,345
Etawah,H82DYZCKRwR,Etawah DHQ,#N/A
Etawah,L3tm8ZCQ4VU,Etawah Jasventnagar,338
Etawah,g6QRDUGvU6j,Etawah Mahewa,344
Etawah,kxTyOTd53rb,Etawah Saifai,339
Etawah,vVEYFNLCthf,Etawah Thakha,342
Ayodhya,Oh9BFAFKGE5,Ayodhya,#N/A
Bahraich,C9qOAPWGoUS,Fakharpur,545
Bareilly,Hi4F69xrBS5,Faridpur,202
Bareilly,KRQvi7JBiuf,Fatehganj(West),195
Barabanki,iRCOLiyhze6,Fatehpur,479
Fatehpur,janjc2a7UuX,Fatehpur District Amuali,422
Fatehpur,niYGeZzm6Zu,Fatehpur District Asthar,428
Fatehpur,gAuwshptXMU,Fatehpur District Bahua,427
Fatehpur,w25YwsZC9ZT,Fatehpur District Bhittora,425
Fatehpur,HHTQ2caXrBL,Fatehpur District D H Q,#N/A
Fatehpur,Cge552Satby,Fatehpur District Deomai,420
Fatehpur,w0PTR0Qc2H7,Fatehpur District Dhata,432
Fatehpur,QiCjYBLbYGE,Fatehpur District Gpalganj,#N/A
Fatehpur,LWEb9Onpgzi,Fatehpur District Haswa,426
Fatehpur,OA8wf7skznm,Fatehpur District Hathgam,429
Fatehpur,uEEKeL3UnB2,Fatehpur District Khaga,#N/A
Fatehpur,O3U9QEmpjTV,Fatehpur District Khjuha,423
Fatehpur,sGcpaNGqN8u,Fatehpur District Teliyani,424
Fatehpur,X3gyut5H2FR,Fatehpur District Vijaipur,431
Maharajganj,PgG4CRGzrlZ,Feranda,625
Firozabad,v4LM2W1q50L,Firozabad Aeka,155
Firozabad,njhb7CY73zh,Firozabad Araon,159
Firozabad,fAXjUK5F5Xr,Firozabad dhq,#N/A
Firozabad,R0tPbvDqGLH,Firozabad Firozabad,154
Firozabad,ipancoUtUKq,Firozabad Hathwant,156
Firozabad,C4DRedrM3Pb,Firozabad Jasrana,157
Firozabad,TEd7x916bEz,Firozabad Madanpur,160
Firozabad,GcLGdTGiU8M,Firozabad Narkhi,153
Firozabad,rgR8kKaylIH,Firozabad Shikohabad,158
Firozabad,TJrLeyFzLWY,Firozabad Tundla,152
Gorakhpur,aJ8DEEvimsM,Gagaha,646
Aligarh,S842tHqLUI1,Gagiri,117
Balrampur ,bwQadqgE3oJ,Gainsdasbujhurg,563
Balrampur ,fOvbWnMTlvE,Gaisandi,559
Amroha,F4PpXNqeUpP,Gajraula,59
Amroha,bkkdTIrC9mc,Gangeshwari,61
Kasganj,rhv6cneiTR1,Ganjdunwara,819
Hapur,lY8m4U7kmq2,Garhmukteshwar,87
Pratapgarh,b29DRuniQju,Gaura,448
Gautam Buddha Nagar,y9wSctfMKAu,Gautam Buddha Nagar Bisrakh,88
Gautam Buddha Nagar,kRWfFb08HmE,Gautam Buddha Nagar Dadri,89
Gautam Buddha Nagar,FGqvmr1orP5,Gautam Buddha Nagar Dankaur,90
Gautam Buddha Nagar,H3RUhD0AAjW,Gautam Buddha Nagar DHQ,#N/A
Gautam Buddha Nagar,CRfNWiNZE7d,Gautam Buddha Nagar GAUTAM BUDDHA NAGAR,#N/A
Gautam Buddha Nagar,dnrD7zqEOQ2,Gautam Buddha Nagar Jever,91
Kanpur Nagar ,ZjM4my40rTY,Ghatampur,372
Ghaziabad,r0L9AlrGA7C,Ghaziabad Bhojpur,81
Ghaziabad,HYVom1xMtdc,Ghaziabad D H Q,#N/A
Ghaziabad,isevBbVYacc,Ghaziabad Loni,83
Ghaziabad,qpjXx2KEA28,Ghaziabad Muradnagar,80
Ghaziabad,Ne0VFmnLotb,Ghaziabad Rjapur,82
Ghazipur,KkUxdrYeeXC,Ghazipur Badhora,763
Ghazipur,SQuL6ZdC6LY,Ghazipur Barachwar,758
Ghazipur,zv6Gc6aGnXd,Ghazipur Birona,753
Ghazipur,kcQKXLIXWNj,Ghazipur Davkali,752
Ghazipur,PEDIETmpZdA,Ghazipur DHQ,#N/A
Ghazipur,mhI69xut9he,Ghazipur Gondaur,#N/A
Ghazipur,NbXqavwiDug,Ghazipur Jakahania,748
Ghazipur,hepZfdzFqgL,Ghazipur Jamania,761
Ghazipur,J01CgvckM2C,Ghazipur Karanda,756
Ghazipur,oJK3Sqdic6n,Ghazipur Kasimabad,757
Ghazipur,ISeQXIbXref,Ghazipur Mahmudabad,759
Ghazipur,APE5J6eTM3s,Ghazipur Manihari,749
Ghazipur,iMSgdsfQfK3,Ghazipur Mardeh,754
Ghazipur,y8eD89Cg95c,Ghazipur Rawatipur,762
Ghazipur,VivEa0lrJEt,Ghazipur Sadar,755
Ghazipur,w2mC1IzGqJO,Ghazipur Sadat,750
Ghazipur,OFvD8TPE8bU,Ghazipur Saidpur,751
Sonbhadra,Cea63kQpiOw,Ghorahawal,799
Maharajganj,pNfKKA9YCVD,Ghughali,627
Shrawasti,LNX0N5jnA5h,Gilaula,554
Gorakhpur,KV5wZ2pPQe1,Gola,647
Aligarh,jkV9lhxAuuK,Gonda,118
Sitapur,HWAP9AgN3Ym,Gondlamau,244
Lucknow,qnglbY5alFS,Gosaiganj,300
Basti,omXlDQQZhm0,Goura,598
Kannauj,ZawkcSeJU8n,Gugrapur,333
Sambhal,WtDIWivefft,Gunnour,171
Jhansi,h9b0ymhftGb,Gursaria,385
Gonda,tob7bPRXBV3,Hadhermau,571
Barabanki,rFyFe7T2XXz,Haidergarh,492
Sant Kabir Nagar,K98xeQTVavi,Haisar Bazar,617
Mirzapur,dzvrdlSVdNw,Hallia,793
Hamirpur,X8nyWuBobaz,Hamirpur Dhagwa,#N/A
Hamirpur,KZozTRTvHgU,Hamirpur DHQ,#N/A
Hamirpur,SEb6dTDNGdm,Hamirpur Gohand,399
Hamirpur,JcfBKD9Fdaw,Hamirpur Kurara,396
Hamirpur,dDqSL7Hp2TV,Hamirpur Moudha,#N/A
Hamirpur,Ye7mS631ryY,Hamirpur Muskura,401
Hamirpur,F4fL0v4ObFM,Hamirpur Nauranga,#N/A
Hamirpur,q73Py9jt80A,Hamirpur Sumerpur,397
Prayagraj,Qk15i4lxQ0C,Handia,473
Hapur,MoftawJk2Oh,Hapur,85
Barabanki,zM7L5Up3Rp4,Harakh,484
Shrawasti,miFaxMESSJ2,Hariharpur Rani,552
Ayodhya,XEfvLa6Zzxn,Harington Ganj,499
Hardoi,ruw57rtPpxr,Hariyanwa,269
Hardoi,TY7glMGf9aG,Harpalpur,264
Amroha,rWNzTUgiIT6,Hasanpur,60
Kannauj,wjAvKvlMzv0,Haseran,336
Hathras,NZZfSO3tDC5,Hathras dhq,#N/A
Hathras,TY8SzPsUCPQ,Hathras Hasayan,122
Hathras,tisCSlmEcvz,Hathras Maho,#N/A
Hathras,NHwhqnwjZ0d,Hathras Mursan,124
Hathras,nGMlBiXPa8W,Hathras Sadabad,125
Hathras,AcznJJtvLKq,Hathras Sahpau,126
Hathras,Sy6tfTi18KA,Hathras Sasni,120
Hathras,ws066anR0wR,Hathras Sikandra Rao,121
Sitapur,nwuxQQpdi7D,Hergaon,246
Balrampur ,H1Z5zG9mjfG,Heryasethghrwa,556
Prayagraj,SkcYjFliQxI,Holagarh,459
Basti,QB1bWVUZvNY,Hreaiya,599
Bahraich,CjshmDK5t8E,Huzoorpur,546
Aligarh,XYBTVZE0LeN,Iglas,119
Shrawasti,a5QF4ok7kUq,Ikauna,555
Lakhimpur Kheri,qbwnjNH34Cw,Isanagar,239
Budaun,BU3H8j3vtpl,Islam Nagar,174
Siddharth Nagar,B0QTEnRTAZg,Itawa,592
Gonda,Zkst7ZD9ogq,Itiathok,566
Budaun,wQ2zvEh08Xs,Jagat,181
Ambedkar Nagar,oB6hTaKvzgv,Jahangir Ganj,507
Sultanpur,BKeRkKcuOgW,Jaisinghpur,528
Etah,mK3aOsGURLr,Jaithra,807
Shahjahanpur,l14UZLO07Q9,Jaitipur,215
Mahoba,HuW3JM0nGTz,Jaitpur,404
Shahjahanpur,CJnQGhWTHo0,Jalalabad,224
Kannauj,OWrTCTjWjzI,Jalalabad Kannauj,334
Jaunpur,OmRJBPDSih0,Jalalpur,745
Ambedkar Nagar,zvRpdDBNAj1,Jalapur,508
Jalaun,V41lCBcSsRJ,Jalaun Dakor,380
Jalaun,L75X9VvSfGc,Jalaun dhq,#N/A
Jalaun,SmB8HLGFIyw,Jalaun JALAUN,377
Jalaun,aoQgD2b6JtI,Jalaun Kadaura,379
Jalaun,vMmgCa5r21L,Jalaun Konch,381
Jalaun,V1ktVWnBTTW,Jalaun Kuthound,374
Jalaun,GGmtoqpI9Je,Jalaun Madhougarh,375
Jalaun,IG6BUMkoNfw,Jalaun Mahewa,378
Jalaun,S5qj59ohege,Jalaun Nadigaun,376
Jalaun,iQBAMBoxYul,Jalaun Rampura,373
Etah,MGuYssW76Oy,Jalsar,813
Mirzapur,Dga9ieikVr5,Jamalpur,798
Bahraich,PK0wuMfp3LE,Jarwal,548
Banda,iD2sVe31G90,Jaspura,407
Prayagraj,vAlop9evcWY,Jasra,465
Aligarh,nYlhMfttxtb,Jawan,111
Shrawasti,lbYsetq7442,Jmunaha,551
Siddharth Nagar,SCLwreLwByy,Jogia,583
Amroha,ouPBHlLzBAu,Joya,58
Sambhal,gspBjXC9nc5,Junawai,172
Gorakhpur,ewq9OZKKqta,Jungle Kauriya,631
Mahoba,GfFQEUX1ZYy,Kabari,406
Hardoi,zOlFDV0qaZN,Kachhuna,274
Sultanpur,f8FnEAgiGOz,Kadipur,#N/A
Lucknow,iK1PfQ9wLbz,Kakori,298
Kanpur Nagar ,fPJnAq2xoTU,Kakwan,363
Pratapgarh,qmMPEkTsow1,Kalakaker,437
Shahjahanpur,gGoFUoVcUmI,Kalan,222
Kanpur Nagar ,laYVNN7jnnN,Kalyanpur,367
Farrukhabad,xmoNxfjNe2l,Kamalganj,329
Kaushambi,JyfWW9uiTL5,Kaneli,454
Kannauj,w5PW1t5ovb8,Kannauj,335
Kanpur Dehat,XyAwdfjaKov,Kanpur Dehat Akberpur,357
Kanpur Dehat,cIW3SsdBXzj,Kanpur Dehat Amrodha,360
Kanpur Dehat,Dt0dgcTvEpm,Kanpur Dehat Derapur,356
Kanpur Dehat,HddGvNsPs8y,Kanpur Dehat Ghinjhak,355
Kanpur Dehat,QavHaYYE31I,Kanpur Dehat Melasa,359
Kanpur Dehat,qt0Ra0vMorS,Kanpur Dehat Miatha,354
Kanpur Dehat,RCZZTOaqXrm,Kanpur Dehat Rajpur,362
Kanpur Dehat,jc9CoHdLFLu,Kanpur Dehat Rasulabad,353
Kanpur Dehat,Bc5VrfyFJO4,Kanpur Dehat Sandalpur,361
Kanpur Dehat,OnFJhLr5Af4,Kanpur Dehat Serwenkheda,358
Kanpur Nagar ,OHJ1V3HQczi,Kanpur Nagar,#N/A
Shahjahanpur,eRgWsRn98MG,Kanth,219
Basti,XyOAuYi23Qw,Kaptanganj Basti,601
Kaushambi,UBoDZuuvpRs,Kara,450
Prayagraj,INQHpWL0ZBk,Karchhana,469
Jaunpur,bU9RuaPWXkH,Karnjakala,741
Kasganj,jvUzHuel9I6,kasganj,816
Sitapur,E8Ds6nIiHXM,Kasmanda,257
Ambedkar Nagar,UKkd5HV5vPT,Katehari,511
Gonda,SiNGqVJoMtb,Katrabazar,570
Prayagraj,UBw5aJTPmZ3,Kaundhiyara,468
Prayagraj,V9DOCawlsCk,Kaurihar,458
Gorakhpur,W4M075uGpIs,Kauriram,645
Farrukhabad,vJadmkIZlfo,Kayamganj,323
Bahraich,RXv1GaQ6IyV,Keaserganj,547
Banda,FhvPjqLG12y,Kemasin,411
Jaunpur,joT95cJHrTQ,Kerakat,746
Aligarh,AN2dWDiHkBb,Khair,109
Gorakhpur,i8SnEC5fIxD,Khajni,641
Bagpat,Ga0Whh9BsGr,Khekra,79
Sitapur,ch0hBYu0VuS,Khiarabad,248
Sant Kabir Nagar,Go3zUv1lOWw,Khlilabad,614
Gorakhpur,Yz8M2ESnoFT,Khorabar,637
Siddharth Nagar,RtFh5dTx40I,Khsrha,590
Shahjahanpur,Y5b8fuW0nqo,Khudaganj,214
Siddharth Nagar,WhN8Tp15uxY,Khuniywa,593
Shahjahanpur,ROeKhlePe7w,Khutar,211
Jaunpur,yQrRCA2ngHE,Khuthan,729
Pratapgarh,es3YNWUdqOh,Kohandaur,#N/A
Mirzapur,zBM33fSxbqN,Kone,788
Prayagraj,snr8f1gc8vd,Koraon,477
Hardoi,zR4FjrKQweN,Kothanwa,273
Bareilly,fpNl2OeBSp3,Kuadanda,201
Basti,gwFahuoicRH,Kudreha,608
Mahoba,AvDeCxhTMWB,Kulphar,#N/A
Lakhimpur Kheri,lbRa62r2r1d,Kumbhi,228
Pratapgarh,XnEGHve0wKr,Kunda,439
Moradabad,gmAXrJ45VMf,Kunderki,43
Sultanpur,wzWcav8jSNr,Kurebhar,525
Sultanpur,Sz7oQppp6s9,Kurwar,526
Kushinagar,IiY5fP1UuFV,Kushinagar DHQ,#N/A
Kushinagar,xm14yPwUttg,Kushinagar Dudhai,661
Kushinagar,B3CnhXWWije,Kushinagar Fajilnagar,659
Kushinagar,BYiQDRJhWWk,Kushinagar Hata,657
Kushinagar,YIfO8FmqA6j,Kushinagar Kaptanganj,653
Kushinagar,JTRnaTY9yhN,Kushinagar Kesya,658
Kushinagar,OHnlTAIgKxY,Kushinagar Khadda,649
Kushinagar,BhMAwU8XZey,Kushinagar Motichak,655
Kushinagar,vgRr0JIJR7M,Kushinagar Nabu Naurangia,650
Kushinagar,vvIR3mOcYGz,Kushinagar Padrouna,652
Kushinagar,XZ4UCP8boX8,Kushinagar Ramkola,654
Kushinagar,p7wG9B3Zqol,Kushinagar Seavrahi,662
Kushinagar,SgYEydzGGbJ,Kushinagar Sukhroli,656
Kushinagar,CApqqM6FvRV,Kushinagar Tamkuhi,660
Kushinagar,lgWV1VzPmhE,Kushinagar Visunpura,651
Bareilly,ukz0TmnwKtW,Kyara,193
Maharajganj,fnVx6XeAGvW,Lachmipur,619
Sitapur,tIk5hphkbm1,Laharpur,249
Pilibhit,BwBmhT0ClWR,Lalaurikhera,205
Mirzapur,udEnBPS78Sf,Lalganj Mirzapur,792
Pratapgarh,lZg8HzmVg9D,Lalganj Pratapgarh,434
Lalitpur,qMddUgnDzYX,Lalitpur Bar,392
Lalitpur,ilEX3iUSCkP,Lalitpur Birdha,393
Lalitpur,OlW82qQAtpe,Lalitpur dhq,#N/A
Lalitpur,cBlMjL2O6oW,Lalitpur Jakhaura,391
Lalitpur,DQg8KWOYf9m,Lalitpur Madawara,395
Lalitpur,hSxXTcaWSE8,Lalitpur Mahroni,394
Lalitpur,hByPwhy4hFw,Lalitpur Talbehat,390
Sultanpur,O0G9BMkbU7f,Lambhua,531
Pratapgarh,loZ8Meaktfa,Laxmanpur,435
Aligarh,fDgjRPtNpqt,Lodha,112
Jaunpur,p6cTEKZv0Bb,Machhalishahar,735
Sitapur,eiVpF4VfZGS,Machrehta,243
Jaunpur,B9itA8m0ytx,Madhiyahoo,736
Hardoi,iBHysCEYPjb,Madhouganj,267
Shahjahanpur,Siyf9v1S9St,Madnapur,216
Maharajganj,d5GGshi37vh,Maharajganj,626
Sitapur,gCv411YjGXv,Mahmudabad Sitapur,255
Mahoba,nhpHtSyPQOA,Mahoba,#N/A
Sitapur,KEc8Ha9MyTJ,Maholi,241
Jaunpur,FBVobg8QhyC,Mahrajganj,731
Bahraich,EdjW9d0OX1h,Mahsi,543
Banda,kKjIKi66mY2,Mahuwa,413
Mainpuri,EeFlmvJs36p,Mainpuri Barnahal,164
Mainpuri,Dn4n2S6qEWw,Mainpuri Bewar,167
Mainpuri,O8puBy9wDpN,Mainpuri DHQ,#N/A
Mainpuri,GdimZzDSdCV,Mainpuri Ghiror,161
Mainpuri,BkcbTCyupP9,Mainpuri Jagir,168
Mainpuri,HNZwOODMyul,Mainpuri Kerhal,165
Mainpuri,yWnYeaWXCE1,Mainpuri Kishni,169
Mainpuri,F3H22yde6Oa,Mainpuri Kuchela,#N/A
Mainpuri,PZAj1qhZHhE,Mainpuri Kurawali,162
Mainpuri,covI1BtEX12,Mainpuri Mainpuri,163
Mainpuri,Ri9nZlNp7vJ,Mainpuri Sultanganj,166
Bareilly,XmU9noLyhIA,Majhganwa,197
Hardoi,L7LEJCs3NnM,Malanwan,268
Lucknow,c8dGu0p6B0M,Malihabad,295
Lucknow,ksTeBOfYw9L,Mall,294
Prayagraj,CGzm91g5LUD,Manda,476
Pratapgarh,ZjQLMtbMM7E,Mandhata,443
Chitrakoot,lNpqSHtjFu3,Manikpur,417
Kaushambi,ppVmu0WT8Jb,Manjhanpur,453
Mirzapur,BLgq44ZJkKh,Manjhwan,789
Gonda,yRVebIQF3pX,Mankapur,578
Etah,PS1fneX0UVV,Marhera,809
Mirzapur,sh5GrKleZLD,Marihan Patehara,794
Pilibhit,B6BzDe4ryaa,Marouri,204
Ayodhya,aAl7bU1AYg2,Masaudha,496
Gonda,JLjbfCaudqg,Maskanwa,580
Barabanki,YsCQwRlNGrw,Masouli,485
Mathura,j3WnhnsAIht,Mathura Baldav,133
Mathura,BEiGzI07UOM,Mathura Chatta,128
Mathura,sbVBq9HPEgp,Mathura Chaumuha,129
Mathura,K2r1bjs4mb5,Mathura D H Q,#N/A
Mathura,txI2jZXppyQ,Mathura Faraha,136
Mathura,bztOHPUBTjU,Mathura Goverdhan,134
Mathura,EWInJymroFJ,Mathura Mant,131
Mathura,gucZ0cBoa0r,Mathura Mathura,135
Mathura,RiVugbfNzS2,Mathura Nandganv,127
Mathura,r2eMDAoHzuI,Mathura Nauhjheel,130
Mathura,CGmxoB5JV9G,Mathura Raya,132
Chitrakoot,RMNCveuyYds,Mau,419
Prayagraj,dawiYinsnkV,Mauaima,460
Maunathbhanjan,DlJoJFtt9AE,Maunathbhanjan Badraon,703
Maunathbhanjan,Obe6UPmf0LR,Maunathbhanjan dhq,#N/A
Maunathbhanjan,y2tYqTLUS24,Maunathbhanjan Doharighat,701
Maunathbhanjan,YXOk9K2OqNI,Maunathbhanjan F.MANDAON,704
Maunathbhanjan,d3k76C0y5y9,Maunathbhanjan Ghosi,702
Maunathbhanjan,tGyBIzhjmij,Maunathbhanjan Kopaganj,705
Maunathbhanjan,H4mmbVrKDUC,Maunathbhanjan Mau,#N/A
Maunathbhanjan,rLdutISw29n,Maunathbhanjan Mohmmada Bad,708
Maunathbhanjan,la9bHITzK55,Maunathbhanjan Pardha,706
Maunathbhanjan,s9bnhPCNlnj,Maunathbhanjan Ranipur,709
Maunathbhanjan,u9ZAWcpGHu9,Maunathbhanjan Ratanpura,707
Jhansi,cmHMhMayFWq,Mauranipur,387
Ayodhya,QSXk2hR3eYG,Mawai,#N/A
Ayodhya,a2rjHSkns9X,Maya Bazar,503
Meerut,adk9clLdGC3,Meerut Daurala,64
Meerut,yzzRWFcfXzt,Meerut DHQ,#N/A
Meerut,MK6uVgXBbvK,Meerut Hastinapur,66
Meerut,Sl9Xsytpbd8,Meerut Jani Khurd,70
Meerut,KHpYLDYW8Pp,Meerut Kharkhoda,73
Meerut,qeUdKRqslg0,Meerut Machra,68
Meerut,zoMU7oDZFvZ,Meerut MAWANA,65
Meerut,FX5OPO64IaR,Meerut MEERUT,71
Meerut,oNOcph5dm8a,Meerut Parikshatgarh,67
Meerut,Vqeqm6XaBle,Meerut Rajpura,72
Meerut,nSWcYd5JkhS,Meerut Rohta,69
Meerut,zpWs8PEVrYv,Meerut Sardhana,63
Meerut,cRH5g6dZ1xf,Meerut Saroorpur,62
Sant Kabir Nagar,qEXJSGxJGJX,Mehadawal,610
Prayagraj,En85jBKx0aq,Meja,474
Budaun,n0U0QMMNJZe,Miaoon,186
Bahraich,jo7VYHdzhDi,Mihipurwa,537
Rampur,TLMPAZhmOLv,Milak,54
Ayodhya,qQSBi5m4QpM,Milkipur,498
Bareilly,gfXniA8E2yB,Mirganj,194
Shahjahanpur,Gj3mY1laAQs,Mirzapur Shahjahanpur,223
Sitapur,Gfmfuy8CQrI,Mishirikh,242
Maharajganj,YhzzNFiy1cg,Mithora,621
Siddharth Nagar,OHdFJxcZU3t,Mithwal,589
Lakhimpur Kheri,Owih8es2MY7,Mitoli,232
Jaunpur,Y1OSp1Ck66B,MoBadshahpur,734
Lakhimpur Kheri,SiLZVlguB9v,Mohamdi Kheri,231
Farrukhabad,grxxI8LtNsw,Mohamudabad,328
Lucknow,VKvevXLweem,Mohanlalganj,301
Jhansi,cvjZcBpUtSR,Moth,382
Sultanpur,hcBv6xoPmri,Motigarpur,529
Bareilly,pzDsoCMcPwD,Mudia Nawi Bux,190
Jaunpur,sfvcD32u4kK,Muftiganj,744
Gonda,pgmL8MQQwKP,Mujhana,569
Moradabad,FPqrFlrWiLm,Mundapanday,42
Kaushambi,gO0bpL7Tygs,Muratganj,455
Muzaffarnagar,hiCT4rPYCVr,Muzaffarnagar Badhara,20
Muzaffarnagar,gh2z6ozRHvl,Muzaffarnagar Budana,21
Muzaffarnagar,c0nWxLrugon,Muzaffarnagar Casthawal,17
Muzaffarnagar,LwbNBvrbL9f,Muzaffarnagar DHQ,#N/A
Muzaffarnagar,IClJwvvGCfX,Muzaffarnagar Jansath,24
Muzaffarnagar,e6v2BeJjdF0,Muzaffarnagar Khthauli,25
Muzaffarnagar,RAawnADvz9B,Muzaffarnagar Morna,23
Muzaffarnagar,kE3pd8aET6C,Muzaffarnagar Purkaji,18
Muzaffarnagar,xInsVC065RU,Muzaffarnagar Sadar,19
Muzaffarnagar,XuOunfUuyUX,Muzaffarnagar Shahpur,22
Sonbhadra,Gbo5ncDmsIv,Myoerpur,804
Sonbhadra,YPsEnS75cQ8,Nagawa,803
Lakhimpur Kheri,UbmM3fTe8D0,Nakha,237
Maharajganj,pK8QXOdmwvY,Naothnawan,618
Mirzapur,cGCEhMelufW,Naraynpur,797
Sambhal,SedCcdeSesp,Naroli,#N/A
Sant Kabir Nagar,rOs2X9fLu4i,Nathnagar,615
Chandauli,UuA1Z7kFP5w,Naugarh,772
Bareilly,BWxu1bDp2ht,Nawabganj,199
Bahraich,F2HjseXcv3G,Nawabganj Bahraich,538
Farrukhabad,s5vWj2I9NyF,Nawabganj Farrukhabad,324
Gonda,FMAaW4X6ueM,Nawabganj Gonda,577
Kaushambi,CUfl7clOb3K,Nawada,457
Banda,PPxFR8laHqe,Nereani,414
Maharajganj,WFDYOeK31Ef,Nichlol,620
Etah,w3fNposwL8t,Nidholikala,810
Lakhimpur Kheri,K3Wk4SSTOVC,Nighasan,226
Shahjahanpur,oSPqI1SUnmV,Nigohi,218
Barabanki,QvnprpIbIJp,Nindura,478
Chandauli,FyHWyWYiq51,Niyamtabad,767
Siddharth Nagar,VQaZwzfLvV1,Nougarh,585
Mirzapur,y74T9TfUPuz,Pahadi,791
Chitrakoot,Xj8oMwQWDUl,Pahari,415
Sitapur,I2ZGoBUtTtO,Pahla,254
Gorakhpur,nxstNxWEDHb,Pali,632
Lakhimpur Kheri,dQnnkXYAcff,Pallia,225
Balrampur ,XAFh3sUMv2B,Panchperwa,560
Gonda,GtDp6Qz9pSx,Pandari Kripal,567
Maharajganj,k0SXa6DYHlU,Paniyara,628
Mahoba,ESC202G5t07,Panwari,403
Basti,nE41ZrKaU9G,Parasrampur,597
Gonda,Ae5sVkqEY53,Parsupur,573
Maharajganj,rslNb3Z3IB9,Partawal,629
Lakhimpur Kheri,el8CoMxhsji,Pasgawa,233
Kanpur Nagar ,u5oq1jMz6Kb,Patara,370
Kasganj,at47ZXktqxv,Patiyali,820
Pratapgarh,QGFqwtIZDnf,Patti,445
Sambhal,f6vmbanfxRo,Pawansa,48
Bahraich,m1nYwKqPcyp,Payagpur,549
Sitapur,qyrJ0VLceRJ,Persendi,247
Lakhimpur Kheri,deLO0JKgzP6,Phardhan,235
Lakhimpur Kheri,kKTBu6UpSYl,Phoolbhar,236
Prayagraj,uiUVlKvhhxF,Phulpur,463
Hardoi,lr3CfswaZMq,Pihani,261
Bagpat,FXgVpTS1KKY,Pilana,78
Gorakhpur,X9URGLOiulW,Pipraich,638
Gorakhpur,cDxHC5dDWRe,Piprauli,634
Sitapur,yubhT8MSy2O,Pisawan,240
Ayodhya,JOYvKXzcb8E,Poora Bazar,502
Sant Kabir Nagar,IFHbGZd8LVv,Pouli,616
Sultanpur,wDcv6om3WT1,PP Kamaicha,#N/A
Prayagraj,rnqodqKeG71,Pratappur,470
Barabanki,ctD8xxTsymJ,Puradali,488
Pilibhit,WQzG2MmpgAg,Puranpur,209
Shahjahanpur,FJZd1VoPnSp,Puwaya,212
Budaun,aDSCuqsggsN,Qaderchowk,183
Gonda,i9BEhkE3w1b,Quazeedevar,568
Rae Bareli,pvZgEadkY59,Rae Bareli Amawa,309
Rae Bareli,Y3jGyfeDYe1,Rae Bareli Bachrawa,302
Rae Bareli,mbfOsRukNYs,Rae Bareli Chtoh,#N/A
Rae Bareli,KtYM7svxHgY,Rae Bareli Dalamau,315
Rae Bareli,lruABl36XZQ,Rae Bareli Deeh,316
Rae Bareli,qXzAAhlpnux,Rae Bareli DHQ,#N/A
Rae Bareli,jQRhw2yoQk2,Rae Bareli Herchandrapur,308
Rae Bareli,yFYFE5vVAAA,Rae Bareli Jagatpur,317
Rae Bareli,Q889SJwv9Ok,Rae Bareli Khiaro,312
Rae Bareli,sd2I8M3xhLQ,Rae Bareli Lalganj,314
Rae Bareli,NbdKCUBY7yL,Rae Bareli Maharajganj,#N/A
Rae Bareli,smTNQ0RRpOL,Rae Bareli Rahi,311
Rae Bareli,Gr3MErPlauk,Rae Bareli Salon,310
Rae Bareli,H1W08wOkXWC,Rae Bareli Sarani,313
Rae Bareli,E6hdzl0I5tt,Rae Bareli Setawan,#N/A
Rae Bareli,BYGgaeM7fof,Rae Bareli Shivgarh,303
Rae Bareli,tv4Qque6scf,Rae Bareli Uchahar,319
Farrukhabad,nU3oS2SGD3b,Rajapur Farrukhabad,326
Mirzapur,fi3XI1IhyQO,Rajgarh,795
Sambhal,YxWlmBfIHmq,Rajpura,170
Lakhimpur Kheri,yl4FsPXJXvw,Ramia Behar,227
Bareilly,svsS1G8o1pm,Ramnagar,196
Ambedkar Nagar,M1F33pLSfxi,Ramnagar,506
Barabanki,KNS89BltpLw,Ramnagar Barabanki,481
Basti,jiDSxIFBh1G,Ramnagar Basti,595
Chitrakoot,QRMxe3qUWkI,Ramnagar Chitrakoot,418
Jaunpur,SiApLfkyuVz,Ramnagar Jaunpur,737
Jaunpur,MENKSvmhb6i,Rampur,739
Sitapur,tvZfs4DYlev,Rampur Mathura,256
Sonbhadra,Hz4rBdA4kWR,Ravertganj,801
Balrampur ,ow9RguNdOD4,Reharabazar,564
Sitapur,W91p7yS5r9P,Reusa,251
Bahraich,wgoGe5KFMCX,Risia,541
Pratapgarh,dRG9GGcp4gQ,RSangramgarh,436
Ayodhya,AAOPzLEjW4T,Rudauli,494
Basti,X4NDrvDmL4p,Rudhouli,603
Gonda,l9TKc1gE8KO,Rupaideeh,565
Pratapgarh,dlErcN5wTNz,Sadar,442
Kanpur Nagar ,MQa09eDOUrd,Sadar Kanpur Nagar,#N/A
Banda,zR4XqMKHbJG,Sadar Tahsil,#N/A
Hardoi,NvR1ROHQCYV,Sahabad,259
Chandauli,Aq89pvDpWBA,Sahabganj,771
Saharanpur,qxErDQBKuLE,Saharanpur Balliyakhare,4
Saharanpur,oNfXWvtDaWv,Saharanpur Daoband,11
Saharanpur,oJLTrPrhs93,Saharanpur DHQ,#N/A
Saharanpur,BHNN3R3Nfyk,Saharanpur Gangoha,7
Saharanpur,dTPUQF80iDV,Saharanpur Muzzafrabad,2
Saharanpur,TkRtB84gkNd,Saharanpur Nangal,10
Saharanpur,ZUTLEFlviBI,Saharanpur Nanota,9
Saharanpur,Il5dY2TsnrT,Saharanpur Nukkur,6
Saharanpur,PqdYyxvXbjJ,Saharanpur Punwarka,3
Saharanpur,obGw4WWLMlw,Saharanpur Rampur Maniharan,8
Saharanpur,y5bGR23eUwH,Saharanpur Sadholi Kadeem,1
Saharanpur,J4lOM1HGEln,Saharanpur Sarsawa,5
Budaun,QsfJqnMcwds,Sahaswan,177
Kasganj,KjLfuqjRVec,Sahawar,818
Gorakhpur,NEdgkoHIHTS,Sahjanwa,633
Basti,knCO4emeZY1,Sahughat,604
Prayagraj,UtcpvEmyolV,Saidabad,472
Rampur,Afucmep9Fdq,Saidnagar,52
Chandauli,J2ufTjaikuE,Sakaldeeha,766
Sitapur,zghTOXwIiKT,Sakran,252
Basti,tLE0KpRqOMk,Saltova,596
Sambhal,XW2FOqHQemu,Sambhal,47
Budaun,Wa8qn4d8H22,Samrer,184
Farrukhabad,istRPh0AKbM,Samsabad,325
Hardoi,OG07uORb7i2,Sandi,265
Hardoi,tZXCzgn6lut,Sandila,276
Pratapgarh,EgafD8LSM5T,Sangipur,433
Bhadohi,h1MfXB88qMN,Sant Ravidas Nagar Aurai,784
Bhadohi,LA0OjaZZFYz,Sant Ravidas Nagar Bhadohi,783
Bhadohi,RT2WzsnRZJi,Sant Ravidas Nagar Deegh,786
Bhadohi,Yn3eQ5gagvS,Sant Ravidas Nagar dhq,#N/A
Bhadohi,I13T5ZdIFEi,Sant Ravidas Nagar Gyanpur,785
Bhadohi,oZ8M2HNNfYK,Sant Ravidas Nagar Suriyawa,782
Sant Kabir Nagar,nS9UOwtscu1,Santha,609
Gorakhpur,plaloKJOZO2,Sardar Nagar,639
Lucknow,ciUK1Y4Eaxf,Sarojninagar,299
Kaushambi,EXoRpuAixOF,Sarswan,452
Kannauj,wOa6hyubQ9S,Saurikh,332
Pratapgarh,ZFpgvZ5wO0j,SChandrika,441
Budaun,zT39srICHbl,Selarpur,180
Sant Kabir Nagar,T2yKNxqQdgI,Semariyawa,613
Kanpur Nagar ,o9odKTTIYVk,Sersoul,369
Rampur,Bgu9MPGC8NW,Shahbad,55
Jaunpur,pDLedjw7NxB,Shahganj Jaunpur,728
Shamli,qVXCL4F9Nfc,Shamli DHQ,#N/A
Shamli,y1VjuyuoJ29,Shamli Kairana,13
Shamli,bJF2UI9uVXK,Shamli Kandhla,16
Shamli,TUe1OHD8Q0q,Shamli Kudana,#N/A
Shamli,QgLrwudkb0M,Shamli Shamli,15
Shamli,PrrfSkPnkmn,Shamli Thana Bhawan,14
Shamli,hYGI5A3Mq94,Shamli Unn,12
Prayagraj,omKjHTDECWY,Shankargarh,466
Bareilly,FjccMEGL0Hr,Shargarh,189
Pratapgarh,GMBAMYjK1nv,Shivgarh Pratapgarh,447
Bahraich,axbfDth7CE1,Shivpur,540
Kanpur Nagar ,krPd5gR8BjY,Shivrajpur,365
Barabanki,IdkC83lgdBj,Siddhaur,490
Sitapur,NAhNn2JVtnF,Sidhauli,258
Shahjahanpur,RWbJEn9kMN0,Sidhouli,213
Kasganj,DCamfBCJMSi,Sidhpura,821
Mirzapur,moqnzHZCfQg,Sikhar,796
Jaunpur,pb5hWAn45Rk,Sikrara,740
Hapur,mSef7qX2gGM,Simbhaoli,86
Barabanki,ZfE3mnPPu5Y,Sirauli Gaus Pur,486
Shrawasti,rUTBm0fGdMX,Sirsiya,553
Kaushambi,HtBQrKnRi8A,Sirthu,451
Maharajganj,hm9hIxLNVN8,Siswa,622
Etah,PUVxtkWZlNI,Sitalpur,811
Etah,H5UJopTvZPy,Skiit,812
Siddharth Nagar,fhrJdvxaNc3,Sohartgarh,582
Ayodhya,CUsMlPeoyMI,Sohawal,495
Jaunpur,EcaeGqA47MY,Sondhi,#N/A
Prayagraj,Gs9FnVq3FME,Soraon,461
Kasganj,lBW2OFwomV0,Soron,815
Balrampur ,n9AVoLqOsfk,Sridattganj,561
Jaunpur,qyXPcuW4JMr,Suithakala,727
Jaunpur,dQvMLUi5rMw,Sujanganj,733
Sultanpur,ES7nfQzse06,Sultanpur,#N/A
Barabanki,HLaiapcp8KF,Suratganj,480
Hardoi,dBCX7zX8Feb,Sursa,271
Rampur,nwSfqFHkPxa,Swar,50
Moradabad,ETOgxiqqzTT,Tajpur,#N/A
Kannauj,zFNrX1gsn6L,Talgram,331
Ambedkar Nagar,c228prMIirC,Tanda,504
Rampur,ofzW0N8Gjq8,Tanda Rampur,#N/A
Hardoi,DSmdrNpxWTp,Tandiyanwa,270
Aligarh,ARlYpTrc811,Tappal,108
Gonda,QW8N7nXhELz,Tarabganj,575
Ayodhya,t25KkXmkJth,Tarun,501
Bahraich,QTCGfCQMXd3,Tejwapur,544
Moradabad,aO4ZhXYOBeK,Thakurdwara,37
Shahjahanpur,o9TtE34iDMB,Tilhar,217
Banda,UVNiCb7ffry,Tindwari,408
Hardoi,jvwEe3kpMPg,Tondarpur,260
Barabanki,gDpxx6NrC99,Trivadi Ganj,491
Balrampur ,q6Maei9E55U,Tulsipur,558
Budaun,EjPcZNiYzP2,Ujhani,182
Kannauj,QlnYDSaHYHx,Umarda,337
Unnav,CpShKssApxk,Unnav ASOHA,289
Unnav,wk2JVEOAFPl,Unnav Auras,282
Unnav,BGRBILNZiPW,Unnav Bangarmau,279
Unnav,EVsunDfk1Xx,Unnav BICHHIYA,287
Unnav,SvNkFaLvfio,Unnav BIGHAPUR,292
Unnav,miCbY8KENnd,Unnav C.Karen,288
Unnav,CYb7f3DOpb0,Unnav DHQ,#N/A
Unnav,uhbQ7To0pN9,Unnav Fatehpur District-84,280
Unnav,RzW4W8GzuhH,Unnav Ganj Moardabad,278
Unnav,g9AzjVVJKJh,Unnav HASANGANJ,284
Unnav,oeicJPH2lIq,Unnav HILAULI,291
Unnav,odvvm2fnyz9,Unnav Miyaganj,283
Unnav,ziD9Ib1XELX,Unnav Nawabganj,285
Unnav,RLKVIOQ3q6x,Unnav Purwa,290
Unnav,iudStsVG8zs,Unnav Safipur,281
Unnav,OC6qHC6pCm8,Unnav Sikanderpur Sirausi,286
Unnav,Fy5oqtT0JAR,Unnav Sumerpur,293
Prayagraj,ZYDAjKxE7WN,Uruwa,475
Gorakhpur,Mohx3LmGLM5,Uruwa Gorakhpur,642
Budaun,HJ6IPhQigva,Usawan,187
Siddharth Nagar,WvXTe5mm0Jg,Uska Bazar,586
Balrampur ,uReShtGh7bZ,Uttroula,562
Varanasi,IyYYBHo9msY,Varanasi Araji Lines,778
Varanasi,J2vP2MAp32p,Varanasi Badagoan,773
Varanasi,pzUMM4ITvbI,Varanasi Chiraigoan,780
Varanasi,HonPmXiTJw7,Varanasi Cholapur,775
Varanasi,cFRa7gJ9JI1,Varanasi DHQ,#N/A
Varanasi,YAHDIDrUMwP,Varanasi Harraua,776
Varanasi,tJRXhxV3GJh,Varanasi Kashi Vidhyapith,779
Varanasi,Cr1PwYBuSs1,Varanasi Pindara,774
Varanasi,NJxCMa3k532,Varanasi Sewapuri,777
Pratapgarh,klR8OoJpYaw,Vihar,440
Basti,r1D91q65KwQ,Vikramjot,600
Bahraich,NGqtRmZHnOm,Visheshwerganj,550
Gonda,Yzv8XKcvFMn,Wajeerganj,576
Budaun,xct9yyij86y,Wazirganj,176
Siddharthnagar,rvgyhTDiBPh,Lotan,587
