date,div_map_id,division,division_id,indicator_id,rank,value
2020-04-01,182,Gonda Division,K7kAZbm3Vf3,1,1.0,100.0
2020-04-01,182,Gonda Division,K7kAZbm3Vf3,2,1.0,0.0
2020-04-01,182,Gonda Division,K7kAZbm3Vf3,5,3.0,28.484848484848484
2020-04-01,182,Gonda Division,K7kAZbm3Vf3,6,10.0,21.818181818181817
2020-04-01,182,Gonda Division,K7kAZbm3Vf3,9,6.0,36.05425400739827
2020-04-01,182,Gonda Division,K7kAZbm3Vf3,10,11.0,36.11486133461514
2020-04-01,182,Gonda Division,K7kAZbm3Vf3,11,6.0,48.06913415118393
2020-04-01,182,Gonda Division,K7kAZbm3Vf3,14,6.0,65.13693560325684
2020-04-01,182,Gonda Division,K7kAZbm3Vf3,16,3.0,7.19513469455997
2020-04-01,182,Gonda Division,K7kAZbm3Vf3,17,1.0,100.0
2020-04-01,182,Gonda Division,K7kAZbm3Vf3,18,12.0,13.247338543096099
2020-04-01,182,Gonda Division,K7kAZbm3Vf3,19,9.0,0.0
2020-04-01,182,Gonda Division,K7kAZbm3Vf3,20,11.0,18.887333068611678
2020-04-01,182,Gonda Division,K7kAZbm3Vf3,21,14.0,0.21776839641371806
2020-04-01,182,Gonda Division,K7kAZbm3Vf3,22,2.0,0.0
2020-04-01,182,Gonda Division,K7kAZbm3Vf3,28,1.0,0.0
2020-04-01,182,Gonda Division,K7kAZbm3Vf3,30,1.0,0.0
2020-04-01,182,Gonda Division,K7kAZbm3Vf3,32,6.0,40.487145539575216
2020-04-01,182,Gonda Division,K7kAZbm3Vf3,35,1.0,0.0
2020-04-01,193,Azamgarh Division,PQpO0hxWAzu,1,1.0,100.0
2020-04-01,193,Azamgarh Division,PQpO0hxWAzu,2,1.0,0.0
2020-04-01,193,Azamgarh Division,PQpO0hxWAzu,5,1.0,32.25806451612903
2020-04-01,193,Azamgarh Division,PQpO0hxWAzu,6,13.0,17.20430107526882
2020-04-01,193,Azamgarh Division,PQpO0hxWAzu,9,16.0,22.60280918817504
2020-04-01,193,Azamgarh Division,PQpO0hxWAzu,10,16.0,25.221844734039852
2020-04-01,193,Azamgarh Division,PQpO0hxWAzu,11,10.0,41.539475685817145
2020-04-01,193,Azamgarh Division,PQpO0hxWAzu,14,1.0,100.0
2020-04-01,193,Azamgarh Division,PQpO0hxWAzu,16,17.0,0.8079373933032471
2020-04-01,193,Azamgarh Division,PQpO0hxWAzu,17,11.0,47.368421052631575
2020-04-01,193,Azamgarh Division,PQpO0hxWAzu,18,17.0,7.574617067833699
2020-04-01,193,Azamgarh Division,PQpO0hxWAzu,19,2.0,11.707099933229468
2020-04-01,193,Azamgarh Division,PQpO0hxWAzu,20,4.0,47.269408245018
2020-04-01,193,Azamgarh Division,PQpO0hxWAzu,21,8.0,3.656846339773169
2020-04-01,193,Azamgarh Division,PQpO0hxWAzu,22,2.0,0.0
2020-04-01,193,Azamgarh Division,PQpO0hxWAzu,28,1.0,0.0
2020-04-01,193,Azamgarh Division,PQpO0hxWAzu,30,1.0,0.0
2020-04-01,193,Azamgarh Division,PQpO0hxWAzu,32,18.0,17.322277629595266
2020-04-01,193,Azamgarh Division,PQpO0hxWAzu,35,1.0,0.0
2020-04-01,201,Alligarh Division,ewmZucZw6qh,1,1.0,100.0
2020-04-01,201,Alligarh Division,ewmZucZw6qh,2,1.0,0.0
2020-04-01,201,Alligarh Division,ewmZucZw6qh,5,5.0,16.733067729083665
2020-04-01,201,Alligarh Division,ewmZucZw6qh,6,2.0,87.25099601593624
2020-04-01,201,Alligarh Division,ewmZucZw6qh,9,4.0,42.77715244370201
2020-04-01,201,Alligarh Division,ewmZucZw6qh,10,4.0,45.554591664814566
2020-04-01,201,Alligarh Division,ewmZucZw6qh,11,8.0,45.9833238935769
2020-04-01,201,Alligarh Division,ewmZucZw6qh,14,14.0,21.316328854475067
2020-04-01,201,Alligarh Division,ewmZucZw6qh,16,10.0,3.4363103218359488
2020-04-01,201,Alligarh Division,ewmZucZw6qh,17,7.0,92.25806451612905
2020-04-01,201,Alligarh Division,ewmZucZw6qh,18,7.0,17.900666301863712
2020-04-01,201,Alligarh Division,ewmZucZw6qh,19,1.0,42.08249206807038
2020-04-01,201,Alligarh Division,ewmZucZw6qh,20,14.0,12.373011377893764
2020-04-01,201,Alligarh Division,ewmZucZw6qh,21,2.0,11.1427362866627
2020-04-01,201,Alligarh Division,ewmZucZw6qh,22,2.0,0.0
2020-04-01,201,Alligarh Division,ewmZucZw6qh,28,1.0,0.0
2020-04-01,201,Alligarh Division,ewmZucZw6qh,30,1.0,0.0
2020-04-01,201,Alligarh Division,ewmZucZw6qh,32,4.0,43.537284595708726
2020-04-01,201,Alligarh Division,ewmZucZw6qh,35,1.0,0.0
2020-04-01,195,Varanasi Division,DKN52YzYUsX,1,1.0,100.0
2020-04-01,195,Varanasi Division,DKN52YzYUsX,2,1.0,0.0
2020-04-01,195,Varanasi Division,DKN52YzYUsX,5,12.0,2.9702970297029703
2020-04-01,195,Varanasi Division,DKN52YzYUsX,6,17.0,8.58085808580858
2020-04-01,195,Varanasi Division,DKN52YzYUsX,9,11.0,31.01814243162741
2020-04-01,195,Varanasi Division,DKN52YzYUsX,10,12.0,35.03926347143244
2020-04-01,195,Varanasi Division,DKN52YzYUsX,11,14.0,35.68011553389295
2020-04-01,195,Varanasi Division,DKN52YzYUsX,14,1.0,100.0
2020-04-01,195,Varanasi Division,DKN52YzYUsX,16,18.0,0.5274618647892411
2020-04-01,195,Varanasi Division,DKN52YzYUsX,17,10.0,58.385093167701854
2020-04-01,195,Varanasi Division,DKN52YzYUsX,18,10.0,14.391406074721427
2020-04-01,195,Varanasi Division,DKN52YzYUsX,20,6.0,42.2527980864699
2020-04-01,195,Varanasi Division,DKN52YzYUsX,21,10.0,2.301087643289105
2020-04-01,195,Varanasi Division,DKN52YzYUsX,28,1.0,0.0
2020-04-01,195,Varanasi Division,DKN52YzYUsX,30,1.0,0.0
2020-04-01,195,Varanasi Division,DKN52YzYUsX,32,14.0,23.52247162389358
2020-04-01,195,Varanasi Division,DKN52YzYUsX,35,1.0,0.0
2020-04-01,172,Prayagraj Division,jazfyzr02kh,1,1.0,100.0
2020-04-01,172,Prayagraj Division,jazfyzr02kh,2,1.0,0.0
2020-04-01,172,Prayagraj Division,jazfyzr02kh,5,10.0,4.727272727272728
2020-04-01,172,Prayagraj Division,jazfyzr02kh,6,15.0,10.909090909090908
2020-04-01,172,Prayagraj Division,jazfyzr02kh,9,13.0,27.99078982083324
2020-04-01,172,Prayagraj Division,jazfyzr02kh,10,13.0,33.88866236538507
2020-04-01,172,Prayagraj Division,jazfyzr02kh,11,13.0,37.32329167965845
2020-04-01,172,Prayagraj Division,jazfyzr02kh,14,3.0,91.3371144433222
2020-04-01,172,Prayagraj Division,jazfyzr02kh,16,6.0,4.643465329911496
2020-04-01,172,Prayagraj Division,jazfyzr02kh,17,4.0,99.1150442477876
2020-04-01,172,Prayagraj Division,jazfyzr02kh,18,13.0,13.045870391589824
2020-04-01,172,Prayagraj Division,jazfyzr02kh,19,9.0,0.0
2020-04-01,172,Prayagraj Division,jazfyzr02kh,20,15.0,6.485501163264817
2020-04-01,172,Prayagraj Division,jazfyzr02kh,21,15.0,0.14534813997553547
2020-04-01,172,Prayagraj Division,jazfyzr02kh,22,2.0,0.0
2020-04-01,172,Prayagraj Division,jazfyzr02kh,28,1.0,0.0
2020-04-01,172,Prayagraj Division,jazfyzr02kh,30,1.0,0.0
2020-04-01,172,Prayagraj Division,jazfyzr02kh,32,13.0,24.22778712086888
2020-04-01,172,Prayagraj Division,jazfyzr02kh,35,1.0,0.0
2020-04-01,132,Saharanpur Division,NWr84AQOxJz,1,1.0,100.0
2020-04-01,132,Saharanpur Division,NWr84AQOxJz,2,1.0,0.0
2020-04-01,132,Saharanpur Division,NWr84AQOxJz,5,8.0,7.657657657657657
2020-04-01,132,Saharanpur Division,NWr84AQOxJz,6,11.0,19.36936936936937
2020-04-01,132,Saharanpur Division,NWr84AQOxJz,9,18.0,18.43000883266728
2020-04-01,132,Saharanpur Division,NWr84AQOxJz,10,18.0,20.65547038585785
2020-04-01,132,Saharanpur Division,NWr84AQOxJz,11,18.0,26.4430292960426
2020-04-01,132,Saharanpur Division,NWr84AQOxJz,14,2.0,95.03581131143491
2020-04-01,132,Saharanpur Division,NWr84AQOxJz,16,11.0,3.169877516229254
2020-04-01,132,Saharanpur Division,NWr84AQOxJz,17,1.0,100.0
2020-04-01,132,Saharanpur Division,NWr84AQOxJz,18,16.0,7.606919322742383
2020-04-01,132,Saharanpur Division,NWr84AQOxJz,19,9.0,0.0
2020-04-01,132,Saharanpur Division,NWr84AQOxJz,20,10.0,25.081686730616003
2020-04-01,132,Saharanpur Division,NWr84AQOxJz,21,7.0,4.738139210248366
2020-04-01,132,Saharanpur Division,NWr84AQOxJz,22,2.0,0.0
2020-04-01,132,Saharanpur Division,NWr84AQOxJz,28,1.0,0.0
2020-04-01,132,Saharanpur Division,NWr84AQOxJz,30,1.0,0.0
2020-04-01,132,Saharanpur Division,NWr84AQOxJz,32,3.0,64.01765260746531
2020-04-01,132,Saharanpur Division,NWr84AQOxJz,35,1.0,0.0
2020-04-01,150,Bareilly Division,KdUYmr64aLB,1,1.0,100.0
2020-04-01,150,Bareilly Division,KdUYmr64aLB,2,1.0,0.0
2020-04-01,150,Bareilly Division,KdUYmr64aLB,5,7.0,11.272727272727273
2020-04-01,150,Bareilly Division,KdUYmr64aLB,6,3.0,62.54545454545455
2020-04-01,150,Bareilly Division,KdUYmr64aLB,9,1.0,56.17981023487323
2020-04-01,150,Bareilly Division,KdUYmr64aLB,10,1.0,59.386529786903104
2020-04-01,150,Bareilly Division,KdUYmr64aLB,11,3.0,62.862031420127536
2020-04-01,150,Bareilly Division,KdUYmr64aLB,14,13.0,24.04561630540278
2020-04-01,150,Bareilly Division,KdUYmr64aLB,16,1.0,10.651734328822524
2020-04-01,150,Bareilly Division,KdUYmr64aLB,17,1.0,100.0
2020-04-01,150,Bareilly Division,KdUYmr64aLB,18,4.0,20.070175755904128
2020-04-01,150,Bareilly Division,KdUYmr64aLB,28,1.0,0.0
2020-04-01,150,Bareilly Division,KdUYmr64aLB,30,1.0,0.0
2020-04-01,150,Bareilly Division,KdUYmr64aLB,32,8.0,32.97733797689401
2020-04-01,150,Bareilly Division,KdUYmr64aLB,35,1.0,0.0
2020-04-01,161,Kanpur Nagar Division,qTT8nTiU0SH,1,1.0,100.0
2020-04-01,161,Kanpur Nagar Division,qTT8nTiU0SH,2,1.0,0.0
2020-04-01,161,Kanpur Nagar Division,qTT8nTiU0SH,5,4.0,23.659305993690854
2020-04-01,161,Kanpur Nagar Division,qTT8nTiU0SH,6,4.0,51.10410094637224
2020-04-01,161,Kanpur Nagar Division,qTT8nTiU0SH,9,3.0,43.90804315238493
2020-04-01,161,Kanpur Nagar Division,qTT8nTiU0SH,10,2.0,50.87115720148429
2020-04-01,161,Kanpur Nagar Division,qTT8nTiU0SH,11,4.0,60.93799916447546
2020-04-01,161,Kanpur Nagar Division,qTT8nTiU0SH,14,4.0,80.70553734690357
2020-04-01,161,Kanpur Nagar Division,qTT8nTiU0SH,16,5.0,6.286707787580173
2020-04-01,161,Kanpur Nagar Division,qTT8nTiU0SH,17,1.0,100.0
2020-04-01,161,Kanpur Nagar Division,qTT8nTiU0SH,18,1.0,23.6804895831032
2020-04-01,161,Kanpur Nagar Division,qTT8nTiU0SH,19,9.0,0.0
2020-04-01,161,Kanpur Nagar Division,qTT8nTiU0SH,20,7.0,35.050254343498885
2020-04-01,161,Kanpur Nagar Division,qTT8nTiU0SH,21,9.0,3.3654436881036047
2020-04-01,161,Kanpur Nagar Division,qTT8nTiU0SH,22,2.0,0.0
2020-04-01,161,Kanpur Nagar Division,qTT8nTiU0SH,28,1.0,0.0
2020-04-01,161,Kanpur Nagar Division,qTT8nTiU0SH,30,1.0,0.0
2020-04-01,161,Kanpur Nagar Division,qTT8nTiU0SH,32,11.0,31.092119324253648
2020-04-01,161,Kanpur Nagar Division,qTT8nTiU0SH,35,1.0,0.0
2020-04-01,134,Moradabad Division,wUoXnBEvyKP,1,1.0,100.0
2020-04-01,134,Moradabad Division,wUoXnBEvyKP,2,1.0,0.0
2020-04-01,134,Moradabad Division,wUoXnBEvyKP,5,15.0,2.013422818791946
2020-04-01,134,Moradabad Division,wUoXnBEvyKP,6,6.0,34.899328859060404
2020-04-01,134,Moradabad Division,wUoXnBEvyKP,9,15.0,24.45798553969172
2020-04-01,134,Moradabad Division,wUoXnBEvyKP,10,17.0,25.13158089816009
2020-04-01,134,Moradabad Division,wUoXnBEvyKP,11,17.0,29.354524653194762
2020-04-01,134,Moradabad Division,wUoXnBEvyKP,14,7.0,61.63002550710554
2020-04-01,134,Moradabad Division,wUoXnBEvyKP,16,15.0,1.5542607500976044
2020-04-01,134,Moradabad Division,wUoXnBEvyKP,17,9.0,89.36170212765957
2020-04-01,134,Moradabad Division,wUoXnBEvyKP,18,18.0,5.070717805746232
2020-04-01,134,Moradabad Division,wUoXnBEvyKP,19,4.0,0.16582799634034767
2020-04-01,134,Moradabad Division,wUoXnBEvyKP,20,9.0,25.850642707823692
2020-04-01,134,Moradabad Division,wUoXnBEvyKP,21,6.0,4.890114506268933
2020-04-01,134,Moradabad Division,wUoXnBEvyKP,22,2.0,0.0
2020-04-01,134,Moradabad Division,wUoXnBEvyKP,28,1.0,0.0
2020-04-01,134,Moradabad Division,wUoXnBEvyKP,30,1.0,0.0
2020-04-01,134,Moradabad Division,wUoXnBEvyKP,32,15.0,22.92420991882771
2020-04-01,134,Moradabad Division,wUoXnBEvyKP,35,1.0,0.0
2020-04-01,170,Chitrakoot Division,XGXEkQWtunf,1,1.0,100.0
2020-04-01,170,Chitrakoot Division,XGXEkQWtunf,2,1.0,0.0
2020-04-01,170,Chitrakoot Division,XGXEkQWtunf,5,17.0,0.6211180124223602
2020-04-01,170,Chitrakoot Division,XGXEkQWtunf,6,12.0,18.633540372670808
2020-04-01,170,Chitrakoot Division,XGXEkQWtunf,9,8.0,35.290715830624926
2020-04-01,170,Chitrakoot Division,XGXEkQWtunf,10,5.0,43.44602644027805
2020-04-01,170,Chitrakoot Division,XGXEkQWtunf,11,1.0,81.56235903723153
2020-04-01,170,Chitrakoot Division,XGXEkQWtunf,14,15.0,16.51753672424518
2020-04-01,170,Chitrakoot Division,XGXEkQWtunf,16,7.0,4.510808591355441
2020-04-01,170,Chitrakoot Division,XGXEkQWtunf,17,1.0,100.0
2020-04-01,170,Chitrakoot Division,XGXEkQWtunf,18,15.0,11.024666451174248
2020-04-01,170,Chitrakoot Division,XGXEkQWtunf,19,9.0,0.0
2020-04-01,170,Chitrakoot Division,XGXEkQWtunf,20,1.0,64.28249227957761
2020-04-01,170,Chitrakoot Division,XGXEkQWtunf,21,3.0,10.201367121988458
2020-04-01,170,Chitrakoot Division,XGXEkQWtunf,22,2.0,0.0
2020-04-01,170,Chitrakoot Division,XGXEkQWtunf,28,1.0,0.0
2020-04-01,170,Chitrakoot Division,XGXEkQWtunf,30,1.0,0.0
2020-04-01,170,Chitrakoot Division,XGXEkQWtunf,32,2.0,85.17654354482384
2020-04-01,170,Chitrakoot Division,XGXEkQWtunf,35,1.0,0.0
2020-04-01,200,Mirzapur Division,B5Cr0KNsqMm,1,2.0,44.31731309011
2020-04-01,200,Mirzapur Division,B5Cr0KNsqMm,2,1.0,0.0
2020-04-01,200,Mirzapur Division,B5Cr0KNsqMm,5,9.0,4.891304347826087
2020-04-01,200,Mirzapur Division,B5Cr0KNsqMm,6,7.0,31.521739130434785
2020-04-01,200,Mirzapur Division,B5Cr0KNsqMm,9,17.0,21.033980582524272
2020-04-01,200,Mirzapur Division,B5Cr0KNsqMm,10,14.0,25.978640776699034
2020-04-01,200,Mirzapur Division,B5Cr0KNsqMm,11,16.0,29.502912621359226
2020-04-01,200,Mirzapur Division,B5Cr0KNsqMm,14,10.0,46.6474820143885
2020-04-01,200,Mirzapur Division,B5Cr0KNsqMm,16,8.0,4.49126213592233
2020-04-01,200,Mirzapur Division,B5Cr0KNsqMm,17,1.0,100.0
2020-04-01,200,Mirzapur Division,B5Cr0KNsqMm,18,14.0,12.196510498643715
2020-04-01,200,Mirzapur Division,B5Cr0KNsqMm,19,6.0,0.047545465351242135
2020-04-01,200,Mirzapur Division,B5Cr0KNsqMm,20,8.0,27.12621359223301
2020-04-01,200,Mirzapur Division,B5Cr0KNsqMm,21,12.0,0.5902912621359223
2020-04-01,200,Mirzapur Division,B5Cr0KNsqMm,22,2.0,0.0
2020-04-01,200,Mirzapur Division,B5Cr0KNsqMm,28,1.0,0.0
2020-04-01,200,Mirzapur Division,B5Cr0KNsqMm,30,1.0,0.0
2020-04-01,200,Mirzapur Division,B5Cr0KNsqMm,32,16.0,22.65173836181497
2020-04-01,200,Mirzapur Division,B5Cr0KNsqMm,35,1.0,0.0
2020-04-01,176,Ayodhya Division,pbjtM6RrgzH,1,1.0,100.0
2020-04-01,176,Ayodhya Division,pbjtM6RrgzH,2,1.0,0.0
2020-04-01,176,Ayodhya Division,pbjtM6RrgzH,5,16.0,1.443001443001443
2020-04-01,176,Ayodhya Division,pbjtM6RrgzH,6,1.0,100.0
2020-04-01,176,Ayodhya Division,pbjtM6RrgzH,9,12.0,30.61465911718368
2020-04-01,176,Ayodhya Division,pbjtM6RrgzH,10,10.0,37.62535421808542
2020-04-01,176,Ayodhya Division,pbjtM6RrgzH,11,9.0,43.74237120442215
2020-04-01,176,Ayodhya Division,pbjtM6RrgzH,14,1.0,100.0
2020-04-01,176,Ayodhya Division,pbjtM6RrgzH,16,4.0,6.735924031983137
2020-04-01,176,Ayodhya Division,pbjtM6RrgzH,17,1.0,100.0
2020-04-01,176,Ayodhya Division,pbjtM6RrgzH,18,2.0,20.755909100325233
2020-04-01,176,Ayodhya Division,pbjtM6RrgzH,19,9.0,0.0
2020-04-01,176,Ayodhya Division,pbjtM6RrgzH,20,5.0,44.09511058056816
2020-04-01,176,Ayodhya Division,pbjtM6RrgzH,21,11.0,1.5717335312115202
2020-04-01,176,Ayodhya Division,pbjtM6RrgzH,22,2.0,0.0
2020-04-01,176,Ayodhya Division,pbjtM6RrgzH,28,1.0,0.0
2020-04-01,176,Ayodhya Division,pbjtM6RrgzH,30,1.0,0.0
2020-04-01,176,Ayodhya Division,pbjtM6RrgzH,32,9.0,31.864985757201325
2020-04-01,176,Ayodhya Division,pbjtM6RrgzH,35,1.0,0.0
2020-04-01,140,Meerut Division,UizVoYdewpy,1,1.0,100.0
2020-04-01,140,Meerut Division,UizVoYdewpy,2,1.0,0.0
2020-04-01,140,Meerut Division,UizVoYdewpy,5,14.0,2.112676056338028
2020-04-01,140,Meerut Division,UizVoYdewpy,6,5.0,38.38028169014084
2020-04-01,140,Meerut Division,UizVoYdewpy,9,14.0,25.017178128457466
2020-04-01,140,Meerut Division,UizVoYdewpy,10,15.0,25.886372018090416
2020-04-01,140,Meerut Division,UizVoYdewpy,11,15.0,32.76810497098158
2020-04-01,140,Meerut Division,UizVoYdewpy,14,11.0,42.69935671804831
2020-04-01,140,Meerut Division,UizVoYdewpy,16,14.0,2.1634736699081887
2020-04-01,140,Meerut Division,UizVoYdewpy,17,12.0,17.714285714285708
2020-04-01,140,Meerut Division,UizVoYdewpy,18,11.0,13.29876172244166
2020-04-01,140,Meerut Division,UizVoYdewpy,19,8.0,0.0037221767289510907
2020-04-01,140,Meerut Division,UizVoYdewpy,20,12.0,16.862128535103555
2020-04-01,140,Meerut Division,UizVoYdewpy,21,4.0,7.215202158426987
2020-04-01,140,Meerut Division,UizVoYdewpy,22,1.0,0.052407849531240905
2020-04-01,140,Meerut Division,UizVoYdewpy,28,1.0,0.0
2020-04-01,140,Meerut Division,UizVoYdewpy,30,1.0,0.0
2020-04-01,140,Meerut Division,UizVoYdewpy,32,17.0,21.67576229636385
2020-04-01,140,Meerut Division,UizVoYdewpy,35,1.0,0.0
2020-04-01,165,Jhansi Division,dScoJEvslIF,1,1.0,100.0
2020-04-01,165,Jhansi Division,dScoJEvslIF,2,1.0,0.0
2020-04-01,165,Jhansi Division,dScoJEvslIF,5,13.0,2.5735294117647056
2020-04-01,165,Jhansi Division,dScoJEvslIF,6,8.0,30.514705882352942
2020-04-01,165,Jhansi Division,dScoJEvslIF,9,10.0,31.989910621264464
2020-04-01,165,Jhansi Division,dScoJEvslIF,10,7.0,40.650874595602346
2020-04-01,165,Jhansi Division,dScoJEvslIF,11,5.0,54.2386357405275
2020-04-01,165,Jhansi Division,dScoJEvslIF,14,1.0,100.0
2020-04-01,165,Jhansi Division,dScoJEvslIF,16,9.0,4.379832209244942
2020-04-01,165,Jhansi Division,dScoJEvslIF,17,5.0,96.29629629629628
2020-04-01,165,Jhansi Division,dScoJEvslIF,18,5.0,19.04039689986248
2020-04-01,165,Jhansi Division,dScoJEvslIF,19,5.0,0.05192107995846314
2020-04-01,165,Jhansi Division,dScoJEvslIF,20,2.0,61.7165652245435
2020-04-01,165,Jhansi Division,dScoJEvslIF,21,1.0,12.248450951362615
2020-04-01,165,Jhansi Division,dScoJEvslIF,22,2.0,0.0
2020-04-01,165,Jhansi Division,dScoJEvslIF,28,1.0,0.0
2020-04-01,165,Jhansi Division,dScoJEvslIF,30,1.0,0.0
2020-04-01,165,Jhansi Division,dScoJEvslIF,32,7.0,38.50656767561394
2020-04-01,165,Jhansi Division,dScoJEvslIF,35,1.0,0.0
2020-04-01,188,Gorakhpur Division,BVzTwy4XqVX,1,1.0,100.0
2020-04-01,188,Gorakhpur Division,BVzTwy4XqVX,2,1.0,0.0
2020-04-01,188,Gorakhpur Division,BVzTwy4XqVX,5,18.0,0.0
2020-04-01,188,Gorakhpur Division,BVzTwy4XqVX,6,9.0,22.419928825622765
2020-04-01,188,Gorakhpur Division,BVzTwy4XqVX,9,7.0,35.77047378048203
2020-04-01,188,Gorakhpur Division,BVzTwy4XqVX,10,6.0,41.20061035133112
2020-04-01,188,Gorakhpur Division,BVzTwy4XqVX,11,12.0,39.28331106119625
2020-04-01,188,Gorakhpur Division,BVzTwy4XqVX,14,12.0,41.659630925099506
2020-04-01,188,Gorakhpur Division,BVzTwy4XqVX,16,16.0,1.516400822647446
2020-04-01,188,Gorakhpur Division,BVzTwy4XqVX,17,6.0,96.17021276595743
2020-04-01,188,Gorakhpur Division,BVzTwy4XqVX,18,3.0,20.280186190566226
2020-04-01,188,Gorakhpur Division,BVzTwy4XqVX,28,1.0,0.0
2020-04-01,188,Gorakhpur Division,BVzTwy4XqVX,30,1.0,0.0
2020-04-01,188,Gorakhpur Division,BVzTwy4XqVX,32,12.0,29.65954949537396
2020-04-01,188,Gorakhpur Division,BVzTwy4XqVX,35,1.0,0.0
2020-04-01,155,Lucknow Division,R2NAbaekmwn,1,1.0,100.0
2020-04-01,155,Lucknow Division,R2NAbaekmwn,2,1.0,0.0
2020-04-01,155,Lucknow Division,R2NAbaekmwn,5,2.0,32.09718670076726
2020-04-01,155,Lucknow Division,R2NAbaekmwn,6,16.0,10.230179028132993
2020-04-01,155,Lucknow Division,R2NAbaekmwn,9,2.0,48.52427650304622
2020-04-01,155,Lucknow Division,R2NAbaekmwn,10,3.0,49.17528307531003
2020-04-01,155,Lucknow Division,R2NAbaekmwn,11,2.0,68.581380264253
2020-04-01,155,Lucknow Division,R2NAbaekmwn,14,5.0,66.98428053204353
2020-04-01,155,Lucknow Division,R2NAbaekmwn,16,2.0,8.633982069182036
2020-04-01,155,Lucknow Division,R2NAbaekmwn,17,8.0,90.56033480585907
2020-04-01,155,Lucknow Division,R2NAbaekmwn,18,6.0,18.54150484045021
2020-04-01,155,Lucknow Division,R2NAbaekmwn,19,3.0,0.6148781595277736
2020-04-01,155,Lucknow Division,R2NAbaekmwn,20,13.0,13.811231788550222
2020-04-01,155,Lucknow Division,R2NAbaekmwn,21,13.0,0.4028066143215521
2020-04-01,155,Lucknow Division,R2NAbaekmwn,22,2.0,0.0
2020-04-01,155,Lucknow Division,R2NAbaekmwn,28,1.0,0.0
2020-04-01,155,Lucknow Division,R2NAbaekmwn,30,1.0,0.0
2020-04-01,155,Lucknow Division,R2NAbaekmwn,32,1.0,87.35582294095097
2020-04-01,155,Lucknow Division,R2NAbaekmwn,35,1.0,0.0
2020-04-01,146,Agra Division,XJMggNJYBFG,1,1.0,100.0
2020-04-01,146,Agra Division,XJMggNJYBFG,2,1.0,0.0
2020-04-01,146,Agra Division,XJMggNJYBFG,5,6.0,15.0
2020-04-01,146,Agra Division,XJMggNJYBFG,9,9.0,34.62807328913713
2020-04-01,146,Agra Division,XJMggNJYBFG,10,9.0,40.06420629534896
2020-04-01,146,Agra Division,XJMggNJYBFG,11,7.0,47.74912564597796
2020-04-01,146,Agra Division,XJMggNJYBFG,14,8.0,51.36511817440913
2020-04-01,146,Agra Division,XJMggNJYBFG,16,13.0,2.7927128464790942
2020-04-01,146,Agra Division,XJMggNJYBFG,17,3.0,99.31506849315069
2020-04-01,146,Agra Division,XJMggNJYBFG,18,8.0,15.941785559024622
2020-04-01,146,Agra Division,XJMggNJYBFG,28,1.0,0.0
2020-04-01,146,Agra Division,XJMggNJYBFG,30,1.0,0.0
2020-04-01,146,Agra Division,XJMggNJYBFG,32,10.0,31.59512875529536
2020-04-01,146,Agra Division,XJMggNJYBFG,35,1.0,0.0
2020-04-01,185,Basti Division,gHvNAu4JzV7,1,1.0,100.0
2020-04-01,185,Basti Division,gHvNAu4JzV7,2,1.0,0.0
2020-04-01,185,Basti Division,gHvNAu4JzV7,5,11.0,3.212851405622489
2020-04-01,185,Basti Division,gHvNAu4JzV7,6,14.0,14.859437751004016
2020-04-01,185,Basti Division,gHvNAu4JzV7,9,5.0,37.530042521723054
2020-04-01,185,Basti Division,gHvNAu4JzV7,10,8.0,40.15193532664414
2020-04-01,185,Basti Division,gHvNAu4JzV7,11,11.0,41.414141414141405
2020-04-01,185,Basti Division,gHvNAu4JzV7,14,9.0,50.819672131147534
2020-04-01,185,Basti Division,gHvNAu4JzV7,16,12.0,3.0193784769491923
2020-04-01,185,Basti Division,gHvNAu4JzV7,17,2.0,99.42528735632185
2020-04-01,185,Basti Division,gHvNAu4JzV7,18,9.0,14.46480769633252
2020-04-01,185,Basti Division,gHvNAu4JzV7,19,7.0,0.02076067098488624
2020-04-01,185,Basti Division,gHvNAu4JzV7,20,3.0,57.05390006554733
2020-04-01,185,Basti Division,gHvNAu4JzV7,21,5.0,6.8665019580161015
2020-04-01,185,Basti Division,gHvNAu4JzV7,22,2.0,0.0
2020-04-01,185,Basti Division,gHvNAu4JzV7,28,1.0,0.0
2020-04-01,185,Basti Division,gHvNAu4JzV7,30,1.0,0.0
2020-04-01,185,Basti Division,gHvNAu4JzV7,32,5.0,42.468434269007226
2020-04-01,185,Basti Division,gHvNAu4JzV7,35,1.0,0.0
2020-04-01,182,Gonda Division,K7kAZbm3Vf3,48,9.0,0.06795893627653399
2020-04-01,182,Gonda Division,K7kAZbm3Vf3,49,5.0,0.005087800798338689
2020-04-01,182,Gonda Division,K7kAZbm3Vf3,50,2.0,0.4973350487042823
2020-04-01,182,Gonda Division,K7kAZbm3Vf3,51,4.0,0.647819660014782
2020-04-01,182,Gonda Division,K7kAZbm3Vf3,52,11.0,1.0057045065601826
2020-04-01,193,Azamgarh Division,PQpO0hxWAzu,48,18.0,0.03854101068402392
2020-04-01,193,Azamgarh Division,PQpO0hxWAzu,49,18.0,0.0018139566360521173
2020-04-01,193,Azamgarh Division,PQpO0hxWAzu,50,15.0,0.3401284557386205
2020-04-01,193,Azamgarh Division,PQpO0hxWAzu,51,2.0,0.6584564860426929
2020-04-01,193,Azamgarh Division,PQpO0hxWAzu,52,12.0,0.9738154613466334
2020-04-01,201,Alligarh Division,ewmZucZw6qh,48,6.0,0.0745117903372331
2020-04-01,201,Alligarh Division,ewmZucZw6qh,49,2.0,0.0058124737259029
2020-04-01,201,Alligarh Division,ewmZucZw6qh,50,14.0,0.3460434604346043
2020-04-01,201,Alligarh Division,ewmZucZw6qh,51,11.0,0.5521327014218009
2020-04-01,201,Alligarh Division,ewmZucZw6qh,52,18.0,0.5413090128755365
2020-04-01,195,Varanasi Division,DKN52YzYUsX,48,16.0,0.05474634374776202
2020-04-01,195,Varanasi Division,DKN52YzYUsX,49,4.0,0.00537564399337506
2020-04-01,195,Varanasi Division,DKN52YzYUsX,50,6.0,0.4170989831915335
2020-04-01,195,Varanasi Division,DKN52YzYUsX,51,8.0,0.6076285240464345
2020-04-01,195,Varanasi Division,DKN52YzYUsX,52,13.0,0.9293122270742358
2020-04-01,172,Prayagraj Division,jazfyzr02kh,48,11.0,0.0648443013054442
2020-04-01,172,Prayagraj Division,jazfyzr02kh,49,9.0,0.004079509220350038
2020-04-01,172,Prayagraj Division,jazfyzr02kh,50,10.0,0.3608494921514312
2020-04-01,172,Prayagraj Division,jazfyzr02kh,51,9.0,0.5951893551688844
2020-04-01,172,Prayagraj Division,jazfyzr02kh,52,6.0,1.174548581255374
2020-04-01,132,Saharanpur Division,NWr84AQOxJz,48,3.0,0.09869527024169238
2020-04-01,132,Saharanpur Division,NWr84AQOxJz,49,11.0,0.003837914393572521
2020-04-01,132,Saharanpur Division,NWr84AQOxJz,50,18.0,0.2562543432939541
2020-04-01,132,Saharanpur Division,NWr84AQOxJz,51,13.0,0.48813559322033895
2020-04-01,132,Saharanpur Division,NWr84AQOxJz,52,16.0,0.7347222222222223
2020-04-01,150,Bareilly Division,KdUYmr64aLB,48,15.0,0.05586924231425083
2020-04-01,150,Bareilly Division,KdUYmr64aLB,49,12.0,0.003832249144895425
2020-04-01,150,Bareilly Division,KdUYmr64aLB,50,5.0,0.4428336417849064
2020-04-01,150,Bareilly Division,KdUYmr64aLB,51,7.0,0.6080798699791038
2020-04-01,150,Bareilly Division,KdUYmr64aLB,52,10.0,1.0771286750668194
2020-04-01,161,Kanpur Nagar Division,qTT8nTiU0SH,48,7.0,0.07367352340932552
2020-04-01,161,Kanpur Nagar Division,qTT8nTiU0SH,49,10.0,0.0040765805505314215
2020-04-01,161,Kanpur Nagar Division,qTT8nTiU0SH,50,12.0,0.35857637172516066
2020-04-01,161,Kanpur Nagar Division,qTT8nTiU0SH,51,17.0,0.4546457127102289
2020-04-01,161,Kanpur Nagar Division,qTT8nTiU0SH,52,2.0,2.3462704669496666
2020-04-01,134,Moradabad Division,wUoXnBEvyKP,48,17.0,0.054135583856121015
2020-04-01,134,Moradabad Division,wUoXnBEvyKP,49,8.0,0.004684943546130289
2020-04-01,134,Moradabad Division,wUoXnBEvyKP,50,16.0,0.3093484872738915
2020-04-01,134,Moradabad Division,wUoXnBEvyKP,51,6.0,0.6222509702457956
2020-04-01,134,Moradabad Division,wUoXnBEvyKP,52,14.0,0.9114345114345116
2020-04-01,170,Chitrakoot Division,XGXEkQWtunf,48,2.0,0.10920818204142224
2020-04-01,170,Chitrakoot Division,XGXEkQWtunf,49,6.0,0.0049880613874893065
2020-04-01,170,Chitrakoot Division,XGXEkQWtunf,50,7.0,0.414065840102608
2020-04-01,170,Chitrakoot Division,XGXEkQWtunf,51,5.0,0.6231285493030461
2020-04-01,170,Chitrakoot Division,XGXEkQWtunf,52,9.0,1.1143330571665286
2020-04-01,200,Mirzapur Division,B5Cr0KNsqMm,48,8.0,0.07194667188755842
2020-04-01,200,Mirzapur Division,B5Cr0KNsqMm,49,15.0,0.0034783518431942845
2020-04-01,200,Mirzapur Division,B5Cr0KNsqMm,50,13.0,0.3583172147001934
2020-04-01,200,Mirzapur Division,B5Cr0KNsqMm,51,12.0,0.5141700404858299
2020-04-01,200,Mirzapur Division,B5Cr0KNsqMm,52,15.0,0.8149606299212598
2020-04-01,176,Ayodhya Division,pbjtM6RrgzH,48,14.0,0.056317183770093635
2020-04-01,176,Ayodhya Division,pbjtM6RrgzH,49,17.0,0.002820683701369857
2020-04-01,176,Ayodhya Division,pbjtM6RrgzH,50,3.0,0.4696241876236225
2020-04-01,176,Ayodhya Division,pbjtM6RrgzH,51,3.0,0.648315282791817
2020-04-01,176,Ayodhya Division,pbjtM6RrgzH,52,17.0,0.6375870069605568
2020-04-01,140,Meerut Division,UizVoYdewpy,48,12.0,0.06107600666386849
2020-04-01,140,Meerut Division,UizVoYdewpy,49,13.0,0.003780855760793613
2020-04-01,140,Meerut Division,UizVoYdewpy,50,1.0,0.5154185022026432
2020-04-01,140,Meerut Division,UizVoYdewpy,51,15.0,0.4725992961287079
2020-04-01,140,Meerut Division,UizVoYdewpy,52,8.0,1.1372340425531915
2020-04-01,165,Jhansi Division,dScoJEvslIF,48,5.0,0.08550859716102957
2020-04-01,165,Jhansi Division,dScoJEvslIF,49,7.0,0.004795280216409834
2020-04-01,165,Jhansi Division,dScoJEvslIF,50,17.0,0.2757352941176471
2020-04-01,165,Jhansi Division,dScoJEvslIF,51,14.0,0.487843137254902
2020-04-01,165,Jhansi Division,dScoJEvslIF,52,4.0,1.427652733118971
2020-04-01,188,Gorakhpur Division,BVzTwy4XqVX,48,13.0,0.05820203688058712
2020-04-01,188,Gorakhpur Division,BVzTwy4XqVX,49,16.0,0.003454530507439922
2020-04-01,188,Gorakhpur Division,BVzTwy4XqVX,50,4.0,0.4675105485232067
2020-04-01,188,Gorakhpur Division,BVzTwy4XqVX,51,10.0,0.5676895306859205
2020-04-01,188,Gorakhpur Division,BVzTwy4XqVX,52,7.0,1.145468998410175
2020-04-01,155,Lucknow Division,R2NAbaekmwn,48,10.0,0.06578149985752282
2020-04-01,155,Lucknow Division,R2NAbaekmwn,49,14.0,0.003497524719898766
2020-04-01,155,Lucknow Division,R2NAbaekmwn,50,11.0,0.3597568389057751
2020-04-01,155,Lucknow Division,R2NAbaekmwn,51,1.0,0.6625549172017573
2020-04-01,155,Lucknow Division,R2NAbaekmwn,52,3.0,1.7663861259882685
2020-04-01,146,Agra Division,XJMggNJYBFG,48,1.0,0.1230582086454975
2020-04-01,146,Agra Division,XJMggNJYBFG,49,1.0,0.00757396327069105
2020-04-01,146,Agra Division,XJMggNJYBFG,50,9.0,0.3779349527508841
2020-04-01,146,Agra Division,XJMggNJYBFG,51,18.0,0.4312011044638748
2020-04-01,146,Agra Division,XJMggNJYBFG,52,1.0,4.025257915332622
2020-04-01,185,Basti Division,gHvNAu4JzV7,48,4.0,0.08893168215503655
2020-04-01,185,Basti Division,gHvNAu4JzV7,49,3.0,0.005394597025586307
2020-04-01,185,Basti Division,gHvNAu4JzV7,50,8.0,0.3968124233755619
2020-04-01,185,Basti Division,gHvNAu4JzV7,51,16.0,0.4644696189495365
2020-04-01,185,Basti Division,gHvNAu4JzV7,52,5.0,1.3628972653362896
2021-04-01,182,Gonda Division,K7kAZbm3Vf3,1,1.0,100.0
2021-04-01,182,Gonda Division,K7kAZbm3Vf3,2,1.0,0.0
2021-04-01,182,Gonda Division,K7kAZbm3Vf3,5,1.0,23.513513513513516
2021-04-01,182,Gonda Division,K7kAZbm3Vf3,6,7.0,18.10810810810811
2021-04-01,182,Gonda Division,K7kAZbm3Vf3,9,11.0,33.44962164468483
2021-04-01,182,Gonda Division,K7kAZbm3Vf3,10,13.0,38.86204776186832
2021-04-01,182,Gonda Division,K7kAZbm3Vf3,11,7.0,47.067484867878896
2021-04-01,182,Gonda Division,K7kAZbm3Vf3,14,9.0,54.41644012348522
2021-04-01,182,Gonda Division,K7kAZbm3Vf3,16,3.0,7.008253123679731
2021-04-01,182,Gonda Division,K7kAZbm3Vf3,17,8.0,94.14758269720102
2021-04-01,182,Gonda Division,K7kAZbm3Vf3,18,13.0,13.395078543539455
2021-04-01,182,Gonda Division,K7kAZbm3Vf3,19,5.0,0.0
2021-04-01,182,Gonda Division,K7kAZbm3Vf3,20,14.0,14.884067246435013
2021-04-01,182,Gonda Division,K7kAZbm3Vf3,21,14.0,0.3555577865063728
2021-04-01,182,Gonda Division,K7kAZbm3Vf3,22,5.0,0.0
2021-04-01,182,Gonda Division,K7kAZbm3Vf3,28,1.0,0.0
2021-04-01,182,Gonda Division,K7kAZbm3Vf3,30,1.0,0.0
2021-04-01,182,Gonda Division,K7kAZbm3Vf3,32,5.0,56.12637461908145
2021-04-01,182,Gonda Division,K7kAZbm3Vf3,35,1.0,0.0
2021-04-01,193,Azamgarh Division,PQpO0hxWAzu,1,1.0,100.0
2021-04-01,193,Azamgarh Division,PQpO0hxWAzu,2,1.0,0.0
2021-04-01,193,Azamgarh Division,PQpO0hxWAzu,5,11.0,2.380952380952381
2021-04-01,193,Azamgarh Division,PQpO0hxWAzu,6,14.0,5.654761904761906
2021-04-01,193,Azamgarh Division,PQpO0hxWAzu,9,18.0,20.990363232023718
2021-04-01,193,Azamgarh Division,PQpO0hxWAzu,10,18.0,21.829503335804297
2021-04-01,193,Azamgarh Division,PQpO0hxWAzu,11,15.0,32.25648628613788
2021-04-01,193,Azamgarh Division,PQpO0hxWAzu,14,1.0,100.0
2021-04-01,193,Azamgarh Division,PQpO0hxWAzu,16,18.0,0.7946627131208303
2021-04-01,193,Azamgarh Division,PQpO0hxWAzu,17,6.0,95.55555555555556
2021-04-01,193,Azamgarh Division,PQpO0hxWAzu,18,18.0,4.348740379358204
2021-04-01,193,Azamgarh Division,PQpO0hxWAzu,19,5.0,0.0
2021-04-01,193,Azamgarh Division,PQpO0hxWAzu,20,3.0,42.95255744996294
2021-04-01,193,Azamgarh Division,PQpO0hxWAzu,21,5.0,5.917716827279468
2021-04-01,193,Azamgarh Division,PQpO0hxWAzu,28,1.0,0.0
2021-04-01,193,Azamgarh Division,PQpO0hxWAzu,30,1.0,0.0
2021-04-01,193,Azamgarh Division,PQpO0hxWAzu,32,16.0,25.73941757522275
2021-04-01,193,Azamgarh Division,PQpO0hxWAzu,35,1.0,0.0
2021-04-01,201,Alligarh Division,ewmZucZw6qh,1,1.0,100.0
2021-04-01,201,Alligarh Division,ewmZucZw6qh,2,1.0,0.0
2021-04-01,201,Alligarh Division,ewmZucZw6qh,5,5.0,10.209424083769633
2021-04-01,201,Alligarh Division,ewmZucZw6qh,6,1.0,42.931937172774866
2021-04-01,201,Alligarh Division,ewmZucZw6qh,9,2.0,46.56241261960458
2021-04-01,201,Alligarh Division,ewmZucZw6qh,10,2.0,49.93145967032442
2021-04-01,201,Alligarh Division,ewmZucZw6qh,11,6.0,50.34474762836819
2021-04-01,201,Alligarh Division,ewmZucZw6qh,14,14.0,27.32150522249249
2021-04-01,201,Alligarh Division,ewmZucZw6qh,16,11.0,3.5613691698095202
2021-04-01,201,Alligarh Division,ewmZucZw6qh,17,7.0,95.08196721311475
2021-04-01,201,Alligarh Division,ewmZucZw6qh,18,7.0,18.373621518125077
2021-04-01,201,Alligarh Division,ewmZucZw6qh,19,5.0,0.0
2021-04-01,201,Alligarh Division,ewmZucZw6qh,20,9.0,24.481514570787496
2021-04-01,201,Alligarh Division,ewmZucZw6qh,21,1.0,22.011334729146352
2021-04-01,201,Alligarh Division,ewmZucZw6qh,22,5.0,0.0
2021-04-01,201,Alligarh Division,ewmZucZw6qh,28,1.0,0.0
2021-04-01,201,Alligarh Division,ewmZucZw6qh,30,1.0,0.0
2021-04-01,201,Alligarh Division,ewmZucZw6qh,32,7.0,45.15257538594719
2021-04-01,201,Alligarh Division,ewmZucZw6qh,35,1.0,0.0
2021-04-01,195,Varanasi Division,DKN52YzYUsX,1,1.0,100.0
2021-04-01,195,Varanasi Division,DKN52YzYUsX,2,1.0,0.0
2021-04-01,195,Varanasi Division,DKN52YzYUsX,5,16.0,0.00015709092737058064
2021-04-01,195,Varanasi Division,DKN52YzYUsX,6,17.0,0.0008527793200117235
2021-04-01,195,Varanasi Division,DKN52YzYUsX,9,9.0,34.793724312271074
2021-04-01,195,Varanasi Division,DKN52YzYUsX,10,11.0,41.535445483258904
2021-04-01,195,Varanasi Division,DKN52YzYUsX,11,13.0,34.41310167324922
2021-04-01,195,Varanasi Division,DKN52YzYUsX,14,1.0,100.0
2021-04-01,195,Varanasi Division,DKN52YzYUsX,16,17.0,1.057603567764014
2021-04-01,195,Varanasi Division,DKN52YzYUsX,17,3.0,97.70114942528735
2021-04-01,195,Varanasi Division,DKN52YzYUsX,18,10.0,14.629558541266793
2021-04-01,195,Varanasi Division,DKN52YzYUsX,20,12.0,18.55764655977897
2021-04-01,195,Varanasi Division,DKN52YzYUsX,21,7.0,4.23671976658202
2021-04-01,195,Varanasi Division,DKN52YzYUsX,22,5.0,0.0
2021-04-01,195,Varanasi Division,DKN52YzYUsX,28,1.0,0.0
2021-04-01,195,Varanasi Division,DKN52YzYUsX,30,1.0,0.0
2021-04-01,195,Varanasi Division,DKN52YzYUsX,32,13.0,29.983368847772983
2021-04-01,195,Varanasi Division,DKN52YzYUsX,35,1.0,0.0
2021-04-01,172,Prayagraj Division,jazfyzr02kh,1,1.0,100.0
2021-04-01,172,Prayagraj Division,jazfyzr02kh,2,1.0,0.0
2021-04-01,172,Prayagraj Division,jazfyzr02kh,5,2.0,20.151133501259448
2021-04-01,172,Prayagraj Division,jazfyzr02kh,6,16.0,1.7632241813602016
2021-04-01,172,Prayagraj Division,jazfyzr02kh,9,13.0,28.59794771309236
2021-04-01,172,Prayagraj Division,jazfyzr02kh,10,9.0,43.30222245139999
2021-04-01,172,Prayagraj Division,jazfyzr02kh,11,11.0,41.60831227762595
2021-04-01,172,Prayagraj Division,jazfyzr02kh,14,8.0,55.25156647434704
2021-04-01,172,Prayagraj Division,jazfyzr02kh,16,10.0,3.8173567782189446
2021-04-01,172,Prayagraj Division,jazfyzr02kh,17,9.0,91.22807017543859
2021-04-01,172,Prayagraj Division,jazfyzr02kh,18,11.0,14.618704893526447
2021-04-01,172,Prayagraj Division,jazfyzr02kh,19,5.0,0.0
2021-04-01,172,Prayagraj Division,jazfyzr02kh,20,16.0,2.390553292425102
2021-04-01,172,Prayagraj Division,jazfyzr02kh,21,16.0,0.06290929716908163
2021-04-01,172,Prayagraj Division,jazfyzr02kh,22,5.0,0.0
2021-04-01,172,Prayagraj Division,jazfyzr02kh,28,1.0,0.0
2021-04-01,172,Prayagraj Division,jazfyzr02kh,30,1.0,0.0
2021-04-01,172,Prayagraj Division,jazfyzr02kh,32,18.0,24.719290636595826
2021-04-01,172,Prayagraj Division,jazfyzr02kh,35,1.0,0.0
2021-04-01,132,Saharanpur Division,NWr84AQOxJz,1,1.0,100.0
2021-04-01,132,Saharanpur Division,NWr84AQOxJz,2,1.0,0.0
2021-04-01,132,Saharanpur Division,NWr84AQOxJz,5,10.0,2.888086642599278
2021-04-01,132,Saharanpur Division,NWr84AQOxJz,6,8.0,15.52346570397112
2021-04-01,132,Saharanpur Division,NWr84AQOxJz,9,16.0,21.58042564852028
2021-04-01,132,Saharanpur Division,NWr84AQOxJz,10,16.0,25.026831384727807
2021-04-01,132,Saharanpur Division,NWr84AQOxJz,11,16.0,29.17827457069784
2021-04-01,132,Saharanpur Division,NWr84AQOxJz,14,1.0,100.0
2021-04-01,132,Saharanpur Division,NWr84AQOxJz,16,13.0,2.2555489587139204
2021-04-01,132,Saharanpur Division,NWr84AQOxJz,17,1.0,100.0
2021-04-01,132,Saharanpur Division,NWr84AQOxJz,18,16.0,10.838865610520651
2021-04-01,132,Saharanpur Division,NWr84AQOxJz,19,5.0,0.0
2021-04-01,132,Saharanpur Division,NWr84AQOxJz,20,10.0,19.263792473511145
2021-04-01,132,Saharanpur Division,NWr84AQOxJz,21,8.0,4.150872305443917
2021-04-01,132,Saharanpur Division,NWr84AQOxJz,22,5.0,0.0
2021-04-01,132,Saharanpur Division,NWr84AQOxJz,28,1.0,0.0
2021-04-01,132,Saharanpur Division,NWr84AQOxJz,30,1.0,0.0
2021-04-01,132,Saharanpur Division,NWr84AQOxJz,32,3.0,66.42952455810044
2021-04-01,132,Saharanpur Division,NWr84AQOxJz,35,1.0,0.0
2021-04-01,150,Bareilly Division,KdUYmr64aLB,1,1.0,100.0
2021-04-01,150,Bareilly Division,KdUYmr64aLB,2,1.0,0.0
2021-04-01,150,Bareilly Division,KdUYmr64aLB,5,7.0,7.189542483660129
2021-04-01,150,Bareilly Division,KdUYmr64aLB,6,4.0,29.73856209150327
2021-04-01,150,Bareilly Division,KdUYmr64aLB,9,1.0,48.73626004611699
2021-04-01,150,Bareilly Division,KdUYmr64aLB,10,1.0,53.42575387852874
2021-04-01,150,Bareilly Division,KdUYmr64aLB,11,4.0,56.07412299357496
2021-04-01,150,Bareilly Division,KdUYmr64aLB,14,12.0,33.15606265712628
2021-04-01,150,Bareilly Division,KdUYmr64aLB,16,4.0,6.915870066489066
2021-04-01,150,Bareilly Division,KdUYmr64aLB,17,11.0,71.77334732423924
2021-04-01,150,Bareilly Division,KdUYmr64aLB,18,1.0,23.77655082819097
2021-04-01,150,Bareilly Division,KdUYmr64aLB,28,1.0,0.0
2021-04-01,150,Bareilly Division,KdUYmr64aLB,30,1.0,0.0
2021-04-01,150,Bareilly Division,KdUYmr64aLB,32,9.0,37.583732537937
2021-04-01,150,Bareilly Division,KdUYmr64aLB,35,1.0,0.0
2021-04-01,161,Kanpur Nagar Division,qTT8nTiU0SH,1,1.0,100.0
2021-04-01,161,Kanpur Nagar Division,qTT8nTiU0SH,2,1.0,0.0
2021-04-01,161,Kanpur Nagar Division,qTT8nTiU0SH,5,8.0,4.3402777777777795
2021-04-01,161,Kanpur Nagar Division,qTT8nTiU0SH,6,2.0,31.94444444444445
2021-04-01,161,Kanpur Nagar Division,qTT8nTiU0SH,9,4.0,41.005109433386714
2021-04-01,161,Kanpur Nagar Division,qTT8nTiU0SH,10,3.0,48.81008668242711
2021-04-01,161,Kanpur Nagar Division,qTT8nTiU0SH,11,3.0,59.33094384707289
2021-04-01,161,Kanpur Nagar Division,qTT8nTiU0SH,14,3.0,73.00702689605039
2021-04-01,161,Kanpur Nagar Division,qTT8nTiU0SH,16,2.0,7.676860113373497
2021-04-01,161,Kanpur Nagar Division,qTT8nTiU0SH,17,5.0,96.45161290322581
2021-04-01,161,Kanpur Nagar Division,qTT8nTiU0SH,18,3.0,20.435148512497683
2021-04-01,161,Kanpur Nagar Division,qTT8nTiU0SH,19,5.0,0.0
2021-04-01,161,Kanpur Nagar Division,qTT8nTiU0SH,20,6.0,31.71865070286484
2021-04-01,161,Kanpur Nagar Division,qTT8nTiU0SH,21,10.0,3.759119448892956
2021-04-01,161,Kanpur Nagar Division,qTT8nTiU0SH,22,3.0,0.013726835964310223
2021-04-01,161,Kanpur Nagar Division,qTT8nTiU0SH,28,1.0,0.0
2021-04-01,161,Kanpur Nagar Division,qTT8nTiU0SH,30,1.0,0.0
2021-04-01,161,Kanpur Nagar Division,qTT8nTiU0SH,32,11.0,34.02357102321469
2021-04-01,161,Kanpur Nagar Division,qTT8nTiU0SH,35,1.0,0.0
2021-04-01,134,Moradabad Division,wUoXnBEvyKP,1,1.0,100.0
2021-04-01,134,Moradabad Division,wUoXnBEvyKP,2,1.0,0.0
2021-04-01,134,Moradabad Division,wUoXnBEvyKP,5,13.0,1.3280212483399734
2021-04-01,134,Moradabad Division,wUoXnBEvyKP,6,12.0,13.014608233731739
2021-04-01,134,Moradabad Division,wUoXnBEvyKP,9,17.0,21.161729941391968
2021-04-01,134,Moradabad Division,wUoXnBEvyKP,10,17.0,22.52796812680879
2021-04-01,134,Moradabad Division,wUoXnBEvyKP,11,18.0,24.57732540493401
2021-04-01,134,Moradabad Division,wUoXnBEvyKP,14,11.0,33.35105911548347
2021-04-01,134,Moradabad Division,wUoXnBEvyKP,16,15.0,1.9292343337878912
2021-04-01,134,Moradabad Division,wUoXnBEvyKP,17,1.0,100.0
2021-04-01,134,Moradabad Division,wUoXnBEvyKP,18,17.0,6.157698990118361
2021-04-01,134,Moradabad Division,wUoXnBEvyKP,19,5.0,0.0
2021-04-01,134,Moradabad Division,wUoXnBEvyKP,20,11.0,19.045257708601397
2021-04-01,134,Moradabad Division,wUoXnBEvyKP,21,11.0,2.772232363087629
2021-04-01,134,Moradabad Division,wUoXnBEvyKP,22,5.0,0.0
2021-04-01,134,Moradabad Division,wUoXnBEvyKP,28,1.0,0.0
2021-04-01,134,Moradabad Division,wUoXnBEvyKP,30,1.0,0.0
2021-04-01,134,Moradabad Division,wUoXnBEvyKP,32,12.0,33.67252682507901
2021-04-01,134,Moradabad Division,wUoXnBEvyKP,35,1.0,0.0
2021-04-01,170,Chitrakoot Division,XGXEkQWtunf,1,1.0,100.0
2021-04-01,170,Chitrakoot Division,XGXEkQWtunf,2,1.0,0.0
2021-04-01,170,Chitrakoot Division,XGXEkQWtunf,5,12.0,2.142857142857143
2021-04-01,170,Chitrakoot Division,XGXEkQWtunf,6,9.0,15.357142857142858
2021-04-01,170,Chitrakoot Division,XGXEkQWtunf,9,5.0,40.1629429343959
2021-04-01,170,Chitrakoot Division,XGXEkQWtunf,10,6.0,45.02988473032589
2021-04-01,170,Chitrakoot Division,XGXEkQWtunf,11,1.0,76.43256961244724
2021-04-01,170,Chitrakoot Division,XGXEkQWtunf,14,2.0,81.29534595646787
2021-04-01,170,Chitrakoot Division,XGXEkQWtunf,16,5.0,5.398225890612402
2021-04-01,170,Chitrakoot Division,XGXEkQWtunf,17,1.0,100.0
2021-04-01,170,Chitrakoot Division,XGXEkQWtunf,18,15.0,11.563485689677249
2021-04-01,170,Chitrakoot Division,XGXEkQWtunf,19,4.0,0.07923930269413629
2021-04-01,170,Chitrakoot Division,XGXEkQWtunf,20,2.0,64.12409278497225
2021-04-01,170,Chitrakoot Division,XGXEkQWtunf,21,3.0,9.729139983871733
2021-04-01,170,Chitrakoot Division,XGXEkQWtunf,22,5.0,0.0
2021-04-01,170,Chitrakoot Division,XGXEkQWtunf,28,1.0,0.0
2021-04-01,170,Chitrakoot Division,XGXEkQWtunf,30,1.0,0.0
2021-04-01,170,Chitrakoot Division,XGXEkQWtunf,32,1.0,100.0
2021-04-01,170,Chitrakoot Division,XGXEkQWtunf,35,1.0,0.0
2021-04-01,200,Mirzapur Division,B5Cr0KNsqMm,1,1.0,100.0
2021-04-01,200,Mirzapur Division,B5Cr0KNsqMm,2,1.0,0.0
2021-04-01,200,Mirzapur Division,B5Cr0KNsqMm,5,9.0,3.488372093023256
2021-04-01,200,Mirzapur Division,B5Cr0KNsqMm,6,3.0,30.232558139534877
2021-04-01,200,Mirzapur Division,B5Cr0KNsqMm,9,14.0,24.82275904254785
2021-04-01,200,Mirzapur Division,B5Cr0KNsqMm,10,15.0,28.059725439467325
2021-04-01,200,Mirzapur Division,B5Cr0KNsqMm,11,17.0,28.2743198660289
2021-04-01,200,Mirzapur Division,B5Cr0KNsqMm,14,6.0,57.378400659521844
2021-04-01,200,Mirzapur Division,B5Cr0KNsqMm,16,7.0,4.322974639752113
2021-04-01,200,Mirzapur Division,B5Cr0KNsqMm,17,1.0,100.0
2021-04-01,200,Mirzapur Division,B5Cr0KNsqMm,18,12.0,13.674214364128055
2021-04-01,200,Mirzapur Division,B5Cr0KNsqMm,19,5.0,0.0
2021-04-01,200,Mirzapur Division,B5Cr0KNsqMm,20,8.0,25.07445624379531
2021-04-01,200,Mirzapur Division,B5Cr0KNsqMm,21,15.0,0.3148721959828726
2021-04-01,200,Mirzapur Division,B5Cr0KNsqMm,22,5.0,0.0
2021-04-01,200,Mirzapur Division,B5Cr0KNsqMm,28,1.0,0.0
2021-04-01,200,Mirzapur Division,B5Cr0KNsqMm,30,1.0,0.0
2021-04-01,200,Mirzapur Division,B5Cr0KNsqMm,32,17.0,25.00165749519327
2021-04-01,200,Mirzapur Division,B5Cr0KNsqMm,35,1.0,0.0
2021-04-01,176,Ayodhya Division,pbjtM6RrgzH,1,1.0,100.0
2021-04-01,176,Ayodhya Division,pbjtM6RrgzH,2,1.0,0.0
2021-04-01,176,Ayodhya Division,pbjtM6RrgzH,5,14.0,0.9107468123861568
2021-04-01,176,Ayodhya Division,pbjtM6RrgzH,6,13.0,10.928961748633881
2021-04-01,176,Ayodhya Division,pbjtM6RrgzH,9,8.0,35.21214589965251
2021-04-01,176,Ayodhya Division,pbjtM6RrgzH,10,7.0,45.01757615074753
2021-04-01,176,Ayodhya Division,pbjtM6RrgzH,11,9.0,44.877771575416524
2021-04-01,176,Ayodhya Division,pbjtM6RrgzH,14,1.0,100.0
2021-04-01,176,Ayodhya Division,pbjtM6RrgzH,16,8.0,4.279126372272429
2021-04-01,176,Ayodhya Division,pbjtM6RrgzH,17,10.0,77.94676806083649
2021-04-01,176,Ayodhya Division,pbjtM6RrgzH,18,2.0,21.026831151079488
2021-04-01,176,Ayodhya Division,pbjtM6RrgzH,19,5.0,0.0
2021-04-01,176,Ayodhya Division,pbjtM6RrgzH,20,5.0,33.149274072286005
2021-04-01,176,Ayodhya Division,pbjtM6RrgzH,21,9.0,3.8838515657609536
2021-04-01,176,Ayodhya Division,pbjtM6RrgzH,22,5.0,0.0
2021-04-01,176,Ayodhya Division,pbjtM6RrgzH,28,1.0,0.0
2021-04-01,176,Ayodhya Division,pbjtM6RrgzH,30,1.0,0.0
2021-04-01,176,Ayodhya Division,pbjtM6RrgzH,32,8.0,44.08120084524985
2021-04-01,176,Ayodhya Division,pbjtM6RrgzH,35,1.0,0.0
2021-04-01,140,Meerut Division,UizVoYdewpy,1,1.0,100.0
2021-04-01,140,Meerut Division,UizVoYdewpy,2,1.0,0.0
2021-04-01,140,Meerut Division,UizVoYdewpy,5,6.0,7.81758957654723
2021-04-01,140,Meerut Division,UizVoYdewpy,6,6.0,20.84690553745929
2021-04-01,140,Meerut Division,UizVoYdewpy,9,15.0,24.46915585542436
2021-04-01,140,Meerut Division,UizVoYdewpy,10,14.0,28.966493825617967
2021-04-01,140,Meerut Division,UizVoYdewpy,11,14.0,32.522229857770554
2021-04-01,140,Meerut Division,UizVoYdewpy,14,10.0,48.61409727468185
2021-04-01,140,Meerut Division,UizVoYdewpy,16,14.0,2.1619013903639384
2021-04-01,140,Meerut Division,UizVoYdewpy,17,12.0,15.450643776824036
2021-04-01,140,Meerut Division,UizVoYdewpy,18,14.0,12.518880610807676
2021-04-01,140,Meerut Division,UizVoYdewpy,19,5.0,0.0
2021-04-01,140,Meerut Division,UizVoYdewpy,20,13.0,16.617035602479472
2021-04-01,140,Meerut Division,UizVoYdewpy,21,4.0,7.4009287603340175
2021-04-01,140,Meerut Division,UizVoYdewpy,22,5.0,0.0
2021-04-01,140,Meerut Division,UizVoYdewpy,28,1.0,0.0
2021-04-01,140,Meerut Division,UizVoYdewpy,30,1.0,0.0
2021-04-01,140,Meerut Division,UizVoYdewpy,32,15.0,27.46766764823264
2021-04-01,140,Meerut Division,UizVoYdewpy,35,1.0,0.0
2021-04-01,165,Jhansi Division,dScoJEvslIF,1,1.0,100.0
2021-04-01,165,Jhansi Division,dScoJEvslIF,2,1.0,0.0
2021-04-01,165,Jhansi Division,dScoJEvslIF,5,17.0,0.0
2021-04-01,165,Jhansi Division,dScoJEvslIF,6,5.0,27.27272727272727
2021-04-01,165,Jhansi Division,dScoJEvslIF,9,10.0,34.66585210369741
2021-04-01,165,Jhansi Division,dScoJEvslIF,10,5.0,47.33186357841054
2021-04-01,165,Jhansi Division,dScoJEvslIF,11,5.0,54.28043986400341
2021-04-01,165,Jhansi Division,dScoJEvslIF,14,1.0,100.0
2021-04-01,165,Jhansi Division,dScoJEvslIF,16,6.0,4.5341053973650665
2021-04-01,165,Jhansi Division,dScoJEvslIF,17,1.0,100.0
2021-04-01,165,Jhansi Division,dScoJEvslIF,18,9.0,16.47070838599313
2021-04-01,165,Jhansi Division,dScoJEvslIF,19,2.0,0.2824858757062147
2021-04-01,165,Jhansi Division,dScoJEvslIF,20,1.0,65.9397577560561
2021-04-01,165,Jhansi Division,dScoJEvslIF,21,2.0,14.656821079473012
2021-04-01,165,Jhansi Division,dScoJEvslIF,22,2.0,0.03851466213344666
2021-04-01,165,Jhansi Division,dScoJEvslIF,28,1.0,0.0
2021-04-01,165,Jhansi Division,dScoJEvslIF,30,1.0,0.0
2021-04-01,165,Jhansi Division,dScoJEvslIF,32,2.0,99.43252733354412
2021-04-01,165,Jhansi Division,dScoJEvslIF,35,1.0,0.0
2021-04-01,188,Gorakhpur Division,BVzTwy4XqVX,1,1.0,100.0
2021-04-01,188,Gorakhpur Division,BVzTwy4XqVX,2,1.0,0.0
2021-04-01,188,Gorakhpur Division,BVzTwy4XqVX,5,17.0,0.0
2021-04-01,188,Gorakhpur Division,BVzTwy4XqVX,6,15.0,3.95778364116095
2021-04-01,188,Gorakhpur Division,BVzTwy4XqVX,9,12.0,32.154611937202986
2021-04-01,188,Gorakhpur Division,BVzTwy4XqVX,10,12.0,39.31035104646654
2021-04-01,188,Gorakhpur Division,BVzTwy4XqVX,11,12.0,37.0866660053924
2021-04-01,188,Gorakhpur Division,BVzTwy4XqVX,14,7.0,57.37724268177527
2021-04-01,188,Gorakhpur Division,BVzTwy4XqVX,16,16.0,1.206524973624174
2021-04-01,188,Gorakhpur Division,BVzTwy4XqVX,17,2.0,99.61832061068701
2021-04-01,188,Gorakhpur Division,BVzTwy4XqVX,18,4.0,19.76572342809314
2021-04-01,188,Gorakhpur Division,BVzTwy4XqVX,19,1.0,77.4377593360996
2021-04-01,188,Gorakhpur Division,BVzTwy4XqVX,20,7.0,30.471969485197967
2021-04-01,188,Gorakhpur Division,BVzTwy4XqVX,21,12.0,1.7818335933343552
2021-04-01,188,Gorakhpur Division,BVzTwy4XqVX,22,1.0,0.9107550249330459
2021-04-01,188,Gorakhpur Division,BVzTwy4XqVX,28,1.0,0.0
2021-04-01,188,Gorakhpur Division,BVzTwy4XqVX,30,1.0,0.0
2021-04-01,188,Gorakhpur Division,BVzTwy4XqVX,32,14.0,28.595334030197968
2021-04-01,188,Gorakhpur Division,BVzTwy4XqVX,35,1.0,0.0
2021-04-01,155,Lucknow Division,R2NAbaekmwn,1,1.0,100.0
2021-04-01,155,Lucknow Division,R2NAbaekmwn,2,1.0,0.0
2021-04-01,155,Lucknow Division,R2NAbaekmwn,5,3.0,18.04597701149425
2021-04-01,155,Lucknow Division,R2NAbaekmwn,6,10.0,15.28735632183908
2021-04-01,155,Lucknow Division,R2NAbaekmwn,9,3.0,43.37809878290558
2021-04-01,155,Lucknow Division,R2NAbaekmwn,10,4.0,48.366673329263755
2021-04-01,155,Lucknow Division,R2NAbaekmwn,11,2.0,63.750519952677536
2021-04-01,155,Lucknow Division,R2NAbaekmwn,14,5.0,58.946024478295314
2021-04-01,155,Lucknow Division,R2NAbaekmwn,16,1.0,8.356247265183969
2021-04-01,155,Lucknow Division,R2NAbaekmwn,17,4.0,96.82704811443432
2021-04-01,155,Lucknow Division,R2NAbaekmwn,18,6.0,18.731544580432466
2021-04-01,155,Lucknow Division,R2NAbaekmwn,19,3.0,0.11977779154534005
2021-04-01,155,Lucknow Division,R2NAbaekmwn,20,15.0,3.0240987937097885
2021-04-01,155,Lucknow Division,R2NAbaekmwn,21,13.0,1.0236990378849675
2021-04-01,155,Lucknow Division,R2NAbaekmwn,22,4.0,0.00027010528704088854
2021-04-01,155,Lucknow Division,R2NAbaekmwn,28,1.0,0.0
2021-04-01,155,Lucknow Division,R2NAbaekmwn,30,1.0,0.0
2021-04-01,155,Lucknow Division,R2NAbaekmwn,32,4.0,56.521573680660715
2021-04-01,155,Lucknow Division,R2NAbaekmwn,35,1.0,0.0
2021-04-01,146,Agra Division,XJMggNJYBFG,1,1.0,100.0
2021-04-01,146,Agra Division,XJMggNJYBFG,2,1.0,0.0
2021-04-01,146,Agra Division,XJMggNJYBFG,5,4.0,11.557788944723619
2021-04-01,146,Agra Division,XJMggNJYBFG,9,7.0,37.416055559967866
2021-04-01,146,Agra Division,XJMggNJYBFG,10,10.0,41.660710030974506
2021-04-01,146,Agra Division,XJMggNJYBFG,11,8.0,45.513991475392466
2021-04-01,146,Agra Division,XJMggNJYBFG,14,4.0,70.96426647513019
2021-04-01,146,Agra Division,XJMggNJYBFG,16,12.0,2.82521024717832
2021-04-01,146,Agra Division,XJMggNJYBFG,17,1.0,100.0
2021-04-01,146,Agra Division,XJMggNJYBFG,18,5.0,19.069329314242648
2021-04-01,146,Agra Division,XJMggNJYBFG,28,1.0,0.0
2021-04-01,146,Agra Division,XJMggNJYBFG,30,1.0,0.0
2021-04-01,146,Agra Division,XJMggNJYBFG,32,10.0,36.31979495711411
2021-04-01,146,Agra Division,XJMggNJYBFG,35,1.0,0.0
2021-04-01,185,Basti Division,gHvNAu4JzV7,1,1.0,100.0
2021-04-01,185,Basti Division,gHvNAu4JzV7,2,1.0,0.0
2021-04-01,185,Basti Division,gHvNAu4JzV7,5,15.0,0.33444816053511706
2021-04-01,185,Basti Division,gHvNAu4JzV7,6,11.0,14.715719063545153
2021-04-01,185,Basti Division,gHvNAu4JzV7,9,6.0,40.15374243928017
2021-04-01,185,Basti Division,gHvNAu4JzV7,10,8.0,44.11153349188217
2021-04-01,185,Basti Division,gHvNAu4JzV7,11,10.0,44.84279320611974
2021-04-01,185,Basti Division,gHvNAu4JzV7,14,13.0,31.38014527845036
2021-04-01,185,Basti Division,gHvNAu4JzV7,16,9.0,3.969963109305069
2021-04-01,185,Basti Division,gHvNAu4JzV7,17,1.0,100.0
2021-04-01,185,Basti Division,gHvNAu4JzV7,18,8.0,16.99320335683972
2021-04-01,185,Basti Division,gHvNAu4JzV7,19,5.0,0.0
2021-04-01,185,Basti Division,gHvNAu4JzV7,20,4.0,35.41225819741204
2021-04-01,185,Basti Division,gHvNAu4JzV7,21,6.0,5.880976011685175
2021-04-01,185,Basti Division,gHvNAu4JzV7,22,5.0,0.0
2021-04-01,185,Basti Division,gHvNAu4JzV7,28,1.0,0.0
2021-04-01,185,Basti Division,gHvNAu4JzV7,30,1.0,0.0
2021-04-01,185,Basti Division,gHvNAu4JzV7,32,6.0,47.56398347160384
2021-04-01,185,Basti Division,gHvNAu4JzV7,35,1.0,0.0
2021-04-01,182,Gonda Division,K7kAZbm3Vf3,48,7.0,0.10112056407726933
2021-04-01,182,Gonda Division,K7kAZbm3Vf3,49,8.0,0.00745599894141701
2021-04-01,182,Gonda Division,K7kAZbm3Vf3,50,3.0,0.5614859943050129
2021-04-01,182,Gonda Division,K7kAZbm3Vf3,51,1.0,0.7328694421511971
2021-04-01,182,Gonda Division,K7kAZbm3Vf3,52,5.0,1.0115867396202125
2021-04-01,193,Azamgarh Division,PQpO0hxWAzu,48,18.0,0.05230893743467379
2021-04-01,193,Azamgarh Division,PQpO0hxWAzu,49,18.0,0.0037741905966251297
2021-04-01,193,Azamgarh Division,PQpO0hxWAzu,50,7.0,0.5234499205087441
2021-04-01,193,Azamgarh Division,PQpO0hxWAzu,51,5.0,0.6871678056188307
2021-04-01,193,Azamgarh Division,PQpO0hxWAzu,52,18.0,0.4567219152854512
2021-04-01,201,Alligarh Division,ewmZucZw6qh,48,4.0,0.10448312044764234
2021-04-01,201,Alligarh Division,ewmZucZw6qh,49,6.0,0.008329895532525762
2021-04-01,201,Alligarh Division,ewmZucZw6qh,50,12.0,0.4524405059672694
2021-04-01,201,Alligarh Division,ewmZucZw6qh,51,16.0,0.5545727373242774
2021-04-01,201,Alligarh Division,ewmZucZw6qh,52,17.0,0.4893192822557676
2021-04-01,195,Varanasi Division,DKN52YzYUsX,48,15.0,0.08353878051544696
2021-04-01,195,Varanasi Division,DKN52YzYUsX,49,3.0,0.008843594926461359
2021-04-01,195,Varanasi Division,DKN52YzYUsX,50,6.0,0.5289687137891078
2021-04-01,195,Varanasi Division,DKN52YzYUsX,51,2.0,0.7261774370208105
2021-04-01,195,Varanasi Division,DKN52YzYUsX,52,4.0,1.0247791424262012
2021-04-01,172,Prayagraj Division,jazfyzr02kh,48,13.0,0.0841327870132835
2021-04-01,172,Prayagraj Division,jazfyzr02kh,49,14.0,0.006171634213893912
2021-04-01,172,Prayagraj Division,jazfyzr02kh,50,11.0,0.4827816987101485
2021-04-01,172,Prayagraj Division,jazfyzr02kh,51,12.0,0.583994959042218
2021-04-01,172,Prayagraj Division,jazfyzr02kh,52,10.0,0.7744928787224858
2021-04-01,132,Saharanpur Division,NWr84AQOxJz,48,2.0,0.13540950673156293
2021-04-01,132,Saharanpur Division,NWr84AQOxJz,49,4.0,0.00875279651609598
2021-04-01,132,Saharanpur Division,NWr84AQOxJz,50,18.0,0.3543276359946929
2021-04-01,132,Saharanpur Division,NWr84AQOxJz,51,18.0,0.4482378854625551
2021-04-01,132,Saharanpur Division,NWr84AQOxJz,52,13.0,0.6869778869778872
2021-04-01,150,Bareilly Division,KdUYmr64aLB,48,17.0,0.079396594089245
2021-04-01,150,Bareilly Division,KdUYmr64aLB,49,15.0,0.006013667934667958
2021-04-01,150,Bareilly Division,KdUYmr64aLB,50,9.0,0.5200928381962865
2021-04-01,150,Bareilly Division,KdUYmr64aLB,51,6.0,0.6287135024862935
2021-04-01,150,Bareilly Division,KdUYmr64aLB,52,8.0,0.8610829446359765
2021-04-01,161,Kanpur Nagar Division,qTT8nTiU0SH,48,8.0,0.10012600297312214
2021-04-01,161,Kanpur Nagar Division,qTT8nTiU0SH,49,13.0,0.006459511387422286
2021-04-01,161,Kanpur Nagar Division,qTT8nTiU0SH,50,13.0,0.4516051024726437
2021-04-01,161,Kanpur Nagar Division,qTT8nTiU0SH,51,10.0,0.5917001338688086
2021-04-01,161,Kanpur Nagar Division,qTT8nTiU0SH,52,12.0,0.7357466063348417
2021-04-01,134,Moradabad Division,wUoXnBEvyKP,48,16.0,0.08174351975309349
2021-04-01,134,Moradabad Division,wUoXnBEvyKP,49,10.0,0.0072061451949176625
2021-04-01,134,Moradabad Division,wUoXnBEvyKP,50,10.0,0.5145852083223039
2021-04-01,134,Moradabad Division,wUoXnBEvyKP,51,13.0,0.5688271604938272
2021-04-01,134,Moradabad Division,wUoXnBEvyKP,52,11.0,0.7672273467173087
2021-04-01,170,Chitrakoot Division,XGXEkQWtunf,48,3.0,0.12707298662936142
2021-04-01,170,Chitrakoot Division,XGXEkQWtunf,49,1.0,0.010237504625378596
2021-04-01,170,Chitrakoot Division,XGXEkQWtunf,50,15.0,0.4407373082071877
2021-04-01,170,Chitrakoot Division,XGXEkQWtunf,51,11.0,0.5904205607476636
2021-04-01,170,Chitrakoot Division,XGXEkQWtunf,52,2.0,1.0633161851998416
2021-04-01,200,Mirzapur Division,B5Cr0KNsqMm,48,14.0,0.08401328704582214
2021-04-01,200,Mirzapur Division,B5Cr0KNsqMm,49,9.0,0.007296382390414488
2021-04-01,200,Mirzapur Division,B5Cr0KNsqMm,50,8.0,0.5221177290142808
2021-04-01,200,Mirzapur Division,B5Cr0KNsqMm,51,9.0,0.5919501890148988
2021-04-01,200,Mirzapur Division,B5Cr0KNsqMm,52,9.0,0.8519909842223892
2021-04-01,176,Ayodhya Division,pbjtM6RrgzH,48,6.0,0.10234689380274176
2021-04-01,176,Ayodhya Division,pbjtM6RrgzH,49,11.0,0.006819829186570145
2021-04-01,176,Ayodhya Division,pbjtM6RrgzH,50,1.0,0.6597234585484539
2021-04-01,176,Ayodhya Division,pbjtM6RrgzH,51,14.0,0.5593235585139876
2021-04-01,176,Ayodhya Division,pbjtM6RrgzH,52,14.0,0.6633965905435831
2021-04-01,140,Meerut Division,UizVoYdewpy,48,11.0,0.09032258491254724
2021-04-01,140,Meerut Division,UizVoYdewpy,49,7.0,0.007932161299128238
2021-04-01,140,Meerut Division,UizVoYdewpy,50,5.0,0.5380030454644333
2021-04-01,140,Meerut Division,UizVoYdewpy,51,15.0,0.5591136988516902
2021-04-01,140,Meerut Division,UizVoYdewpy,52,15.0,0.6585189470639282
2021-04-01,165,Jhansi Division,dScoJEvslIF,48,5.0,0.1028637950092249
2021-04-01,165,Jhansi Division,dScoJEvslIF,49,5.0,0.008643041465495958
2021-04-01,165,Jhansi Division,dScoJEvslIF,50,17.0,0.4258622733199005
2021-04-01,165,Jhansi Division,dScoJEvslIF,51,17.0,0.4597829112162538
2021-04-01,165,Jhansi Division,dScoJEvslIF,52,16.0,0.5956416464891041
2021-04-01,188,Gorakhpur Division,BVzTwy4XqVX,48,12.0,0.08909880269186428
2021-04-01,188,Gorakhpur Division,BVzTwy4XqVX,49,12.0,0.006747052229304978
2021-04-01,188,Gorakhpur Division,BVzTwy4XqVX,50,2.0,0.579208190382835
2021-04-01,188,Gorakhpur Division,BVzTwy4XqVX,51,3.0,0.7199135013162843
2021-04-01,188,Gorakhpur Division,BVzTwy4XqVX,52,7.0,0.9713987201253754
2021-04-01,155,Lucknow Division,R2NAbaekmwn,48,9.0,0.0946395245026118
2021-04-01,155,Lucknow Division,R2NAbaekmwn,49,16.0,0.005581923976125106
2021-04-01,155,Lucknow Division,R2NAbaekmwn,50,16.0,0.4292872402408235
2021-04-01,155,Lucknow Division,R2NAbaekmwn,51,8.0,0.6028773072747015
2021-04-01,155,Lucknow Division,R2NAbaekmwn,52,6.0,0.9885937265496024
2021-04-01,146,Agra Division,XJMggNJYBFG,48,1.0,0.13872818684358204
2021-04-01,146,Agra Division,XJMggNJYBFG,49,2.0,0.009795031378454926
2021-04-01,146,Agra Division,XJMggNJYBFG,50,14.0,0.4484321189052021
2021-04-01,146,Agra Division,XJMggNJYBFG,51,7.0,0.6192400970088925
2021-04-01,146,Agra Division,XJMggNJYBFG,52,1.0,2.56233681462141
2021-04-01,185,Basti Division,gHvNAu4JzV7,48,10.0,0.09437336440436328
2021-04-01,185,Basti Division,gHvNAu4JzV7,49,17.0,0.005453353894751613
2021-04-01,185,Basti Division,gHvNAu4JzV7,50,4.0,0.5563920065699425
2021-04-01,185,Basti Division,gHvNAu4JzV7,51,4.0,0.7038130381303813
2021-04-01,185,Basti Division,gHvNAu4JzV7,52,3.0,1.0380985669346383
2022-04-01,182,Gonda Division,K7kAZbm3Vf3,1,1.0,100.0
2022-04-01,182,Gonda Division,K7kAZbm3Vf3,2,1.0,0.0
2022-04-01,182,Gonda Division,K7kAZbm3Vf3,5,2.0,19.776119402985074
2022-04-01,182,Gonda Division,K7kAZbm3Vf3,6,2.0,36.56716417910448
2022-04-01,182,Gonda Division,K7kAZbm3Vf3,9,12.0,33.847790142493544
2022-04-01,182,Gonda Division,K7kAZbm3Vf3,10,14.0,37.339996655953335
2022-04-01,182,Gonda Division,K7kAZbm3Vf3,11,9.0,43.85066973823546
2022-04-01,182,Gonda Division,K7kAZbm3Vf3,14,12.0,33.529968997588696
2022-04-01,182,Gonda Division,K7kAZbm3Vf3,16,4.0,6.685771081427537
2022-04-01,182,Gonda Division,K7kAZbm3Vf3,17,13.0,77.36263736263737
2022-04-01,182,Gonda Division,K7kAZbm3Vf3,18,13.0,13.287807539841756
2022-04-01,182,Gonda Division,K7kAZbm3Vf3,28,1.0,0.0
2022-04-01,182,Gonda Division,K7kAZbm3Vf3,30,1.0,0.0
2022-04-01,182,Gonda Division,K7kAZbm3Vf3,32,5.0,58.029670613706216
2022-04-01,182,Gonda Division,K7kAZbm3Vf3,35,1.0,0.0
2022-04-01,193,Azamgarh Division,PQpO0hxWAzu,1,1.0,100.0
2022-04-01,193,Azamgarh Division,PQpO0hxWAzu,2,1.0,0.0
2022-04-01,193,Azamgarh Division,PQpO0hxWAzu,5,8.0,5.128205128205128
2022-04-01,193,Azamgarh Division,PQpO0hxWAzu,6,15.0,5.128205128205128
2022-04-01,193,Azamgarh Division,PQpO0hxWAzu,9,13.0,31.42966444420155
2022-04-01,193,Azamgarh Division,PQpO0hxWAzu,10,10.0,44.1040915218421
2022-04-01,193,Azamgarh Division,PQpO0hxWAzu,11,14.0,35.33355193645936
2022-04-01,193,Azamgarh Division,PQpO0hxWAzu,14,1.0,100.0
2022-04-01,193,Azamgarh Division,PQpO0hxWAzu,16,16.0,2.332677523955259
2022-04-01,193,Azamgarh Division,PQpO0hxWAzu,17,1.0,100.0
2022-04-01,193,Azamgarh Division,PQpO0hxWAzu,18,18.0,7.045931735758039
2022-04-01,193,Azamgarh Division,PQpO0hxWAzu,19,4.0,0.0
2022-04-01,193,Azamgarh Division,PQpO0hxWAzu,20,3.0,32.15651983823369
2022-04-01,193,Azamgarh Division,PQpO0hxWAzu,21,4.0,8.635734324334171
2022-04-01,193,Azamgarh Division,PQpO0hxWAzu,22,2.0,0.0
2022-04-01,193,Azamgarh Division,PQpO0hxWAzu,28,1.0,0.0
2022-04-01,193,Azamgarh Division,PQpO0hxWAzu,30,1.0,0.0
2022-04-01,193,Azamgarh Division,PQpO0hxWAzu,32,16.0,22.57429072476998
2022-04-01,193,Azamgarh Division,PQpO0hxWAzu,35,1.0,0.0
2022-04-01,201,Alligarh Division,ewmZucZw6qh,1,1.0,100.0
2022-04-01,201,Alligarh Division,ewmZucZw6qh,2,1.0,0.0
2022-04-01,201,Alligarh Division,ewmZucZw6qh,5,14.0,2.051282051282051
2022-04-01,201,Alligarh Division,ewmZucZw6qh,6,4.0,27.17948717948718
2022-04-01,201,Alligarh Division,ewmZucZw6qh,9,1.0,56.314434842624415
2022-04-01,201,Alligarh Division,ewmZucZw6qh,10,1.0,60.35702474585533
2022-04-01,201,Alligarh Division,ewmZucZw6qh,11,5.0,52.304197161631706
2022-04-01,201,Alligarh Division,ewmZucZw6qh,14,14.0,25.208306627355466
2022-04-01,201,Alligarh Division,ewmZucZw6qh,16,10.0,4.591139804736366
2022-04-01,201,Alligarh Division,ewmZucZw6qh,17,9.0,97.39413680781759
2022-04-01,201,Alligarh Division,ewmZucZw6qh,18,6.0,18.943476172617753
2022-04-01,201,Alligarh Division,ewmZucZw6qh,19,2.0,6.221646143875567
2022-04-01,201,Alligarh Division,ewmZucZw6qh,20,9.0,20.412095417487457
2022-04-01,201,Alligarh Division,ewmZucZw6qh,21,2.0,16.00787956346068
2022-04-01,201,Alligarh Division,ewmZucZw6qh,22,2.0,0.0
2022-04-01,201,Alligarh Division,ewmZucZw6qh,28,1.0,0.0
2022-04-01,201,Alligarh Division,ewmZucZw6qh,30,1.0,0.0
2022-04-01,201,Alligarh Division,ewmZucZw6qh,32,7.0,43.62422681855076
2022-04-01,201,Alligarh Division,ewmZucZw6qh,35,1.0,0.0
2022-04-01,195,Varanasi Division,DKN52YzYUsX,1,1.0,100.0
2022-04-01,195,Varanasi Division,DKN52YzYUsX,2,1.0,0.0
2022-04-01,195,Varanasi Division,DKN52YzYUsX,5,13.0,2.2556390977443606
2022-04-01,195,Varanasi Division,DKN52YzYUsX,6,11.0,11.278195488721805
2022-04-01,195,Varanasi Division,DKN52YzYUsX,9,7.0,41.81699838554263
2022-04-01,195,Varanasi Division,DKN52YzYUsX,10,7.0,50.278541755738345
2022-04-01,195,Varanasi Division,DKN52YzYUsX,11,13.0,35.43191520589117
2022-04-01,195,Varanasi Division,DKN52YzYUsX,14,1.0,100.0
2022-04-01,195,Varanasi Division,DKN52YzYUsX,16,15.0,2.548673018141906
2022-04-01,195,Varanasi Division,DKN52YzYUsX,17,1.0,100.0
2022-04-01,195,Varanasi Division,DKN52YzYUsX,18,10.0,17.158220731331937
2022-04-01,195,Varanasi Division,DKN52YzYUsX,19,4.0,0.0
2022-04-01,195,Varanasi Division,DKN52YzYUsX,20,12.0,16.203919366469062
2022-04-01,195,Varanasi Division,DKN52YzYUsX,21,1.0,21.381031083090313
2022-04-01,195,Varanasi Division,DKN52YzYUsX,22,2.0,0.0
2022-04-01,195,Varanasi Division,DKN52YzYUsX,28,1.0,0.0
2022-04-01,195,Varanasi Division,DKN52YzYUsX,30,1.0,0.0
2022-04-01,195,Varanasi Division,DKN52YzYUsX,32,11.0,35.754968775103
2022-04-01,195,Varanasi Division,DKN52YzYUsX,35,1.0,0.0
2022-04-01,172,Prayagraj Division,jazfyzr02kh,1,1.0,100.0
2022-04-01,172,Prayagraj Division,jazfyzr02kh,2,1.0,0.0
2022-04-01,172,Prayagraj Division,jazfyzr02kh,5,3.0,16.875
2022-04-01,172,Prayagraj Division,jazfyzr02kh,6,17.0,2.9166666666666665
2022-04-01,172,Prayagraj Division,jazfyzr02kh,9,16.0,27.063234348283054
2022-04-01,172,Prayagraj Division,jazfyzr02kh,10,13.0,38.837383197117774
2022-04-01,172,Prayagraj Division,jazfyzr02kh,11,15.0,34.540187512092075
2022-04-01,172,Prayagraj Division,jazfyzr02kh,14,9.0,49.0943711684934
2022-04-01,172,Prayagraj Division,jazfyzr02kh,16,12.0,3.4710130149915552
2022-04-01,172,Prayagraj Division,jazfyzr02kh,17,12.0,85.71428571428571
2022-04-01,172,Prayagraj Division,jazfyzr02kh,18,14.0,12.570595644401106
2022-04-01,172,Prayagraj Division,jazfyzr02kh,19,4.0,0.0
2022-04-01,172,Prayagraj Division,jazfyzr02kh,20,14.0,4.081237809883864
2022-04-01,172,Prayagraj Division,jazfyzr02kh,21,14.0,0.20811436878075307
2022-04-01,172,Prayagraj Division,jazfyzr02kh,22,2.0,0.0
2022-04-01,172,Prayagraj Division,jazfyzr02kh,28,1.0,0.0
2022-04-01,172,Prayagraj Division,jazfyzr02kh,30,1.0,0.0
2022-04-01,172,Prayagraj Division,jazfyzr02kh,32,17.0,21.589105955703403
2022-04-01,172,Prayagraj Division,jazfyzr02kh,35,1.0,0.0
2022-04-01,132,Saharanpur Division,NWr84AQOxJz,1,1.0,100.0
2022-04-01,132,Saharanpur Division,NWr84AQOxJz,2,1.0,0.0
2022-04-01,132,Saharanpur Division,NWr84AQOxJz,5,6.0,7.964601769911504
2022-04-01,132,Saharanpur Division,NWr84AQOxJz,6,6.0,22.123893805309734
2022-04-01,132,Saharanpur Division,NWr84AQOxJz,9,18.0,21.31130701696083
2022-04-01,132,Saharanpur Division,NWr84AQOxJz,10,17.0,23.630958495217495
2022-04-01,132,Saharanpur Division,NWr84AQOxJz,11,17.0,31.368165366558102
2022-04-01,132,Saharanpur Division,NWr84AQOxJz,14,1.0,100.0
2022-04-01,132,Saharanpur Division,NWr84AQOxJz,16,17.0,2.099106339011112
2022-04-01,132,Saharanpur Division,NWr84AQOxJz,17,3.0,99.54337899543378
2022-04-01,132,Saharanpur Division,NWr84AQOxJz,18,12.0,14.270775595568026
2022-04-01,132,Saharanpur Division,NWr84AQOxJz,19,4.0,0.0
2022-04-01,132,Saharanpur Division,NWr84AQOxJz,20,10.0,17.066568378056665
2022-04-01,132,Saharanpur Division,NWr84AQOxJz,21,9.0,3.3679961812458084
2022-04-01,132,Saharanpur Division,NWr84AQOxJz,22,2.0,0.0
2022-04-01,132,Saharanpur Division,NWr84AQOxJz,28,1.0,0.0
2022-04-01,132,Saharanpur Division,NWr84AQOxJz,30,1.0,0.0
2022-04-01,132,Saharanpur Division,NWr84AQOxJz,32,4.0,61.51017656383813
2022-04-01,132,Saharanpur Division,NWr84AQOxJz,35,1.0,0.0
2022-04-01,150,Bareilly Division,KdUYmr64aLB,1,1.0,100.0
2022-04-01,150,Bareilly Division,KdUYmr64aLB,2,1.0,0.0
2022-04-01,150,Bareilly Division,KdUYmr64aLB,5,9.0,3.9735099337748347
2022-04-01,150,Bareilly Division,KdUYmr64aLB,6,5.0,22.516556291390728
2022-04-01,150,Bareilly Division,KdUYmr64aLB,9,4.0,48.336494367528985
2022-04-01,150,Bareilly Division,KdUYmr64aLB,10,5.0,51.281995222921225
2022-04-01,150,Bareilly Division,KdUYmr64aLB,11,6.0,51.07374956957099
2022-04-01,150,Bareilly Division,KdUYmr64aLB,14,13.0,33.43861299643841
2022-04-01,150,Bareilly Division,KdUYmr64aLB,16,5.0,6.105259705832518
2022-04-01,150,Bareilly Division,KdUYmr64aLB,17,7.0,98.79227053140096
2022-04-01,150,Bareilly Division,KdUYmr64aLB,18,5.0,19.34297164488124
2022-04-01,150,Bareilly Division,KdUYmr64aLB,28,1.0,0.0
2022-04-01,150,Bareilly Division,KdUYmr64aLB,30,1.0,0.0
2022-04-01,150,Bareilly Division,KdUYmr64aLB,32,13.0,32.26746405395088
2022-04-01,150,Bareilly Division,KdUYmr64aLB,35,1.0,0.0
2022-04-01,161,Kanpur Nagar Division,qTT8nTiU0SH,1,1.0,100.0
2022-04-01,161,Kanpur Nagar Division,qTT8nTiU0SH,2,1.0,0.0
2022-04-01,161,Kanpur Nagar Division,qTT8nTiU0SH,5,4.0,12.4031007751938
2022-04-01,161,Kanpur Nagar Division,qTT8nTiU0SH,6,1.0,39.72868217054263
2022-04-01,161,Kanpur Nagar Division,qTT8nTiU0SH,9,5.0,46.37591419959343
2022-04-01,161,Kanpur Nagar Division,qTT8nTiU0SH,10,4.0,51.73259807930462
2022-04-01,161,Kanpur Nagar Division,qTT8nTiU0SH,11,3.0,65.32642474939833
2022-04-01,161,Kanpur Nagar Division,qTT8nTiU0SH,14,4.0,64.94467238592566
2022-04-01,161,Kanpur Nagar Division,qTT8nTiU0SH,16,1.0,9.827207514545412
2022-04-01,161,Kanpur Nagar Division,qTT8nTiU0SH,17,8.0,97.91666666666666
2022-04-01,161,Kanpur Nagar Division,qTT8nTiU0SH,18,2.0,22.561172674835806
2022-04-01,161,Kanpur Nagar Division,qTT8nTiU0SH,19,1.0,14.122464527187887
2022-04-01,161,Kanpur Nagar Division,qTT8nTiU0SH,20,4.0,29.41094001916022
2022-04-01,161,Kanpur Nagar Division,qTT8nTiU0SH,21,8.0,3.743253031754562
2022-04-01,161,Kanpur Nagar Division,qTT8nTiU0SH,22,2.0,0.0
2022-04-01,161,Kanpur Nagar Division,qTT8nTiU0SH,28,1.0,0.0
2022-04-01,161,Kanpur Nagar Division,qTT8nTiU0SH,30,1.0,0.0
2022-04-01,161,Kanpur Nagar Division,qTT8nTiU0SH,32,10.0,35.978971829305614
2022-04-01,161,Kanpur Nagar Division,qTT8nTiU0SH,35,1.0,0.0
2022-04-01,134,Moradabad Division,wUoXnBEvyKP,1,1.0,100.0
2022-04-01,134,Moradabad Division,wUoXnBEvyKP,2,1.0,0.0
2022-04-01,134,Moradabad Division,wUoXnBEvyKP,5,15.0,2.028397565922921
2022-04-01,134,Moradabad Division,wUoXnBEvyKP,6,9.0,19.47261663286004
2022-04-01,134,Moradabad Division,wUoXnBEvyKP,9,17.0,26.9664273394569
2022-04-01,134,Moradabad Division,wUoXnBEvyKP,10,18.0,23.205825857143495
2022-04-01,134,Moradabad Division,wUoXnBEvyKP,11,16.0,32.401873615623565
2022-04-01,134,Moradabad Division,wUoXnBEvyKP,14,8.0,50.098684210526315
2022-04-01,134,Moradabad Division,wUoXnBEvyKP,16,13.0,3.0600011587537157
2022-04-01,134,Moradabad Division,wUoXnBEvyKP,17,5.0,99.26739926739927
2022-04-01,134,Moradabad Division,wUoXnBEvyKP,18,17.0,8.606171623852415
2022-04-01,134,Moradabad Division,wUoXnBEvyKP,19,4.0,0.0
2022-04-01,134,Moradabad Division,wUoXnBEvyKP,20,11.0,16.685162158669037
2022-04-01,134,Moradabad Division,wUoXnBEvyKP,21,10.0,2.7707584043069984
2022-04-01,134,Moradabad Division,wUoXnBEvyKP,22,2.0,0.0
2022-04-01,134,Moradabad Division,wUoXnBEvyKP,28,1.0,0.0
2022-04-01,134,Moradabad Division,wUoXnBEvyKP,30,1.0,0.0
2022-04-01,134,Moradabad Division,wUoXnBEvyKP,32,12.0,34.03704971661151
2022-04-01,134,Moradabad Division,wUoXnBEvyKP,35,1.0,0.0
2022-04-01,170,Chitrakoot Division,XGXEkQWtunf,1,1.0,100.0
2022-04-01,170,Chitrakoot Division,XGXEkQWtunf,2,1.0,0.0
2022-04-01,170,Chitrakoot Division,XGXEkQWtunf,5,10.0,2.527075812274368
2022-04-01,170,Chitrakoot Division,XGXEkQWtunf,6,10.0,14.801444043321299
2022-04-01,170,Chitrakoot Division,XGXEkQWtunf,9,10.0,39.992336501736645
2022-04-01,170,Chitrakoot Division,XGXEkQWtunf,10,6.0,51.0957566468487
2022-04-01,170,Chitrakoot Division,XGXEkQWtunf,11,1.0,75.57445335772468
2022-04-01,170,Chitrakoot Division,XGXEkQWtunf,14,3.0,88.12727272727273
2022-04-01,170,Chitrakoot Division,XGXEkQWtunf,16,3.0,7.852613623722235
2022-04-01,170,Chitrakoot Division,XGXEkQWtunf,17,1.0,100.0
2022-04-01,170,Chitrakoot Division,XGXEkQWtunf,18,16.0,11.496738254049696
2022-04-01,170,Chitrakoot Division,XGXEkQWtunf,19,4.0,0.0
2022-04-01,170,Chitrakoot Division,XGXEkQWtunf,20,2.0,61.26719651928853
2022-04-01,170,Chitrakoot Division,XGXEkQWtunf,21,5.0,8.513899360963128
2022-04-01,170,Chitrakoot Division,XGXEkQWtunf,22,1.0,0.001236048106992324
2022-04-01,170,Chitrakoot Division,XGXEkQWtunf,28,1.0,0.0
2022-04-01,170,Chitrakoot Division,XGXEkQWtunf,30,1.0,0.0
2022-04-01,170,Chitrakoot Division,XGXEkQWtunf,32,1.0,100.0
2022-04-01,170,Chitrakoot Division,XGXEkQWtunf,35,1.0,0.0
2022-04-01,200,Mirzapur Division,B5Cr0KNsqMm,1,1.0,100.0
2022-04-01,200,Mirzapur Division,B5Cr0KNsqMm,2,1.0,0.0
2022-04-01,200,Mirzapur Division,B5Cr0KNsqMm,5,12.0,2.5
2022-04-01,200,Mirzapur Division,B5Cr0KNsqMm,6,7.0,21.5
2022-04-01,200,Mirzapur Division,B5Cr0KNsqMm,9,15.0,27.979667224449845
2022-04-01,200,Mirzapur Division,B5Cr0KNsqMm,10,16.0,34.17000810364243
2022-04-01,200,Mirzapur Division,B5Cr0KNsqMm,11,18.0,21.930350771950874
2022-04-01,200,Mirzapur Division,B5Cr0KNsqMm,14,7.0,52.584968884633795
2022-04-01,200,Mirzapur Division,B5Cr0KNsqMm,16,9.0,4.612761658194677
2022-04-01,200,Mirzapur Division,B5Cr0KNsqMm,17,1.0,100.0
2022-04-01,200,Mirzapur Division,B5Cr0KNsqMm,18,15.0,12.088711143428467
2022-04-01,200,Mirzapur Division,B5Cr0KNsqMm,19,4.0,0.0
2022-04-01,200,Mirzapur Division,B5Cr0KNsqMm,20,5.0,27.73655795156758
2022-04-01,200,Mirzapur Division,B5Cr0KNsqMm,21,13.0,0.388343383954788
2022-04-01,200,Mirzapur Division,B5Cr0KNsqMm,22,2.0,0.0
2022-04-01,200,Mirzapur Division,B5Cr0KNsqMm,28,1.0,0.0
2022-04-01,200,Mirzapur Division,B5Cr0KNsqMm,30,1.0,0.0
2022-04-01,200,Mirzapur Division,B5Cr0KNsqMm,32,18.0,20.546183436066183
2022-04-01,200,Mirzapur Division,B5Cr0KNsqMm,35,1.0,0.0
2022-04-01,176,Ayodhya Division,pbjtM6RrgzH,1,1.0,100.0
2022-04-01,176,Ayodhya Division,pbjtM6RrgzH,2,1.0,0.0
2022-04-01,176,Ayodhya Division,pbjtM6RrgzH,5,11.0,2.518891687657431
2022-04-01,176,Ayodhya Division,pbjtM6RrgzH,6,13.0,6.801007556675064
2022-04-01,176,Ayodhya Division,pbjtM6RrgzH,9,3.0,50.55479435296421
2022-04-01,176,Ayodhya Division,pbjtM6RrgzH,10,2.0,57.906584130557114
2022-04-01,176,Ayodhya Division,pbjtM6RrgzH,11,8.0,47.50740133591055
2022-04-01,176,Ayodhya Division,pbjtM6RrgzH,14,1.0,100.0
2022-04-01,176,Ayodhya Division,pbjtM6RrgzH,16,6.0,5.971226542046928
2022-04-01,176,Ayodhya Division,pbjtM6RrgzH,17,11.0,92.02072538860104
2022-04-01,176,Ayodhya Division,pbjtM6RrgzH,18,1.0,29.955839350719103
2022-04-01,176,Ayodhya Division,pbjtM6RrgzH,19,4.0,0.0
2022-04-01,176,Ayodhya Division,pbjtM6RrgzH,20,7.0,24.960852438159087
2022-04-01,176,Ayodhya Division,pbjtM6RrgzH,21,11.0,1.380563235545986
2022-04-01,176,Ayodhya Division,pbjtM6RrgzH,22,2.0,0.0
2022-04-01,176,Ayodhya Division,pbjtM6RrgzH,28,1.0,0.0
2022-04-01,176,Ayodhya Division,pbjtM6RrgzH,30,1.0,0.0
2022-04-01,176,Ayodhya Division,pbjtM6RrgzH,32,8.0,42.496712002351885
2022-04-01,176,Ayodhya Division,pbjtM6RrgzH,35,1.0,0.0
2022-04-01,140,Meerut Division,UizVoYdewpy,1,1.0,100.0
2022-04-01,140,Meerut Division,UizVoYdewpy,2,1.0,0.0
2022-04-01,140,Meerut Division,UizVoYdewpy,5,7.0,5.6426332288401255
2022-04-01,140,Meerut Division,UizVoYdewpy,6,3.0,27.89968652037618
2022-04-01,140,Meerut Division,UizVoYdewpy,9,14.0,28.190019756745077
2022-04-01,140,Meerut Division,UizVoYdewpy,10,15.0,34.75142001605235
2022-04-01,140,Meerut Division,UizVoYdewpy,11,12.0,38.95011421868247
2022-04-01,140,Meerut Division,UizVoYdewpy,14,5.0,62.751768454020194
2022-04-01,140,Meerut Division,UizVoYdewpy,16,14.0,3.041844168673211
2022-04-01,140,Meerut Division,UizVoYdewpy,17,1.0,100.0
2022-04-01,140,Meerut Division,UizVoYdewpy,18,11.0,15.033062966220397
2022-04-01,140,Meerut Division,UizVoYdewpy,19,3.0,4.396819910127895
2022-04-01,140,Meerut Division,UizVoYdewpy,20,13.0,13.96400568006421
2022-04-01,140,Meerut Division,UizVoYdewpy,21,6.0,7.600558745446688
2022-04-01,140,Meerut Division,UizVoYdewpy,22,2.0,0.0
2022-04-01,140,Meerut Division,UizVoYdewpy,28,1.0,0.0
2022-04-01,140,Meerut Division,UizVoYdewpy,30,1.0,0.0
2022-04-01,140,Meerut Division,UizVoYdewpy,32,14.0,28.18699600371084
2022-04-01,140,Meerut Division,UizVoYdewpy,35,1.0,0.0
2022-04-01,165,Jhansi Division,dScoJEvslIF,1,1.0,100.0
2022-04-01,165,Jhansi Division,dScoJEvslIF,2,1.0,0.0
2022-04-01,165,Jhansi Division,dScoJEvslIF,5,18.0,0.4878048780487805
2022-04-01,165,Jhansi Division,dScoJEvslIF,6,8.0,19.51219512195122
2022-04-01,165,Jhansi Division,dScoJEvslIF,9,2.0,50.874886355689206
2022-04-01,165,Jhansi Division,dScoJEvslIF,10,3.0,57.26973914259739
2022-04-01,165,Jhansi Division,dScoJEvslIF,11,4.0,56.623540107699846
2022-04-01,165,Jhansi Division,dScoJEvslIF,14,1.0,100.0
2022-04-01,165,Jhansi Division,dScoJEvslIF,16,8.0,4.919225120637806
2022-04-01,165,Jhansi Division,dScoJEvslIF,17,6.0,98.88888888888889
2022-04-01,165,Jhansi Division,dScoJEvslIF,18,8.0,18.201876743596245
2022-04-01,165,Jhansi Division,dScoJEvslIF,19,4.0,0.0
2022-04-01,165,Jhansi Division,dScoJEvslIF,20,1.0,62.43513532414854
2022-04-01,165,Jhansi Division,dScoJEvslIF,21,3.0,12.518357927127772
2022-04-01,165,Jhansi Division,dScoJEvslIF,22,2.0,0.0
2022-04-01,165,Jhansi Division,dScoJEvslIF,28,1.0,0.0
2022-04-01,165,Jhansi Division,dScoJEvslIF,30,1.0,0.0
2022-04-01,165,Jhansi Division,dScoJEvslIF,32,2.0,92.42450459358135
2022-04-01,165,Jhansi Division,dScoJEvslIF,35,1.0,0.0
2022-04-01,188,Gorakhpur Division,BVzTwy4XqVX,1,1.0,100.0
2022-04-01,188,Gorakhpur Division,BVzTwy4XqVX,2,1.0,0.0
2022-04-01,188,Gorakhpur Division,BVzTwy4XqVX,5,16.0,1.6129032258064515
2022-04-01,188,Gorakhpur Division,BVzTwy4XqVX,6,16.0,4.233870967741935
2022-04-01,188,Gorakhpur Division,BVzTwy4XqVX,9,11.0,34.162713362766816
2022-04-01,188,Gorakhpur Division,BVzTwy4XqVX,10,12.0,40.40799124191136
2022-04-01,188,Gorakhpur Division,BVzTwy4XqVX,11,11.0,39.0331152377379
2022-04-01,188,Gorakhpur Division,BVzTwy4XqVX,14,6.0,56.992170508916914
2022-04-01,188,Gorakhpur Division,BVzTwy4XqVX,16,18.0,1.8698313656758991
2022-04-01,188,Gorakhpur Division,BVzTwy4XqVX,17,10.0,95.48736462093864
2022-04-01,188,Gorakhpur Division,BVzTwy4XqVX,18,3.0,21.441387861254196
2022-04-01,188,Gorakhpur Division,BVzTwy4XqVX,19,4.0,0.0
2022-04-01,188,Gorakhpur Division,BVzTwy4XqVX,20,6.0,27.687175876194342
2022-04-01,188,Gorakhpur Division,BVzTwy4XqVX,21,12.0,0.739092222056609
2022-04-01,188,Gorakhpur Division,BVzTwy4XqVX,22,2.0,0.0
2022-04-01,188,Gorakhpur Division,BVzTwy4XqVX,28,1.0,0.0
2022-04-01,188,Gorakhpur Division,BVzTwy4XqVX,30,1.0,0.0
2022-04-01,188,Gorakhpur Division,BVzTwy4XqVX,32,15.0,27.403747444721173
2022-04-01,188,Gorakhpur Division,BVzTwy4XqVX,35,1.0,0.0
2022-04-01,155,Lucknow Division,R2NAbaekmwn,1,1.0,100.0
2022-04-01,155,Lucknow Division,R2NAbaekmwn,2,1.0,0.0
2022-04-01,155,Lucknow Division,R2NAbaekmwn,5,1.0,38.605442176870746
2022-04-01,155,Lucknow Division,R2NAbaekmwn,6,12.0,7.993197278911565
2022-04-01,155,Lucknow Division,R2NAbaekmwn,9,6.0,45.18031358135828
2022-04-01,155,Lucknow Division,R2NAbaekmwn,10,8.0,48.08333500569079
2022-04-01,155,Lucknow Division,R2NAbaekmwn,11,2.0,65.73110212179158
2022-04-01,155,Lucknow Division,R2NAbaekmwn,14,2.0,92.95625942684767
2022-04-01,155,Lucknow Division,R2NAbaekmwn,16,2.0,8.923794970886647
2022-04-01,155,Lucknow Division,R2NAbaekmwn,17,2.0,99.76489028213166
2022-04-01,155,Lucknow Division,R2NAbaekmwn,18,7.0,18.83016398100418
2022-04-01,155,Lucknow Division,R2NAbaekmwn,28,1.0,0.0
2022-04-01,155,Lucknow Division,R2NAbaekmwn,30,1.0,0.0
2022-04-01,155,Lucknow Division,R2NAbaekmwn,32,3.0,66.08467788231003
2022-04-01,155,Lucknow Division,R2NAbaekmwn,35,1.0,0.0
2022-04-01,146,Agra Division,XJMggNJYBFG,1,1.0,100.0
2022-04-01,146,Agra Division,XJMggNJYBFG,2,1.0,0.0
2022-04-01,146,Agra Division,XJMggNJYBFG,5,5.0,10.309278350515463
2022-04-01,146,Agra Division,XJMggNJYBFG,6,18.0,2.5773195876288657
2022-04-01,146,Agra Division,XJMggNJYBFG,9,8.0,40.23259171491584
2022-04-01,146,Agra Division,XJMggNJYBFG,10,9.0,45.009882160832795
2022-04-01,146,Agra Division,XJMggNJYBFG,11,7.0,49.21365878914904
2022-04-01,146,Agra Division,XJMggNJYBFG,14,10.0,47.466833803405414
2022-04-01,146,Agra Division,XJMggNJYBFG,16,11.0,4.185356479660671
2022-04-01,146,Agra Division,XJMggNJYBFG,17,4.0,99.30232558139535
2022-04-01,146,Agra Division,XJMggNJYBFG,18,4.0,21.08752050665751
2022-04-01,146,Agra Division,XJMggNJYBFG,19,4.0,0.0
2022-04-01,146,Agra Division,XJMggNJYBFG,20,15.0,0.0
2022-04-01,146,Agra Division,XJMggNJYBFG,21,15.0,0.0
2022-04-01,146,Agra Division,XJMggNJYBFG,22,2.0,0.0
2022-04-01,146,Agra Division,XJMggNJYBFG,28,1.0,0.0
2022-04-01,146,Agra Division,XJMggNJYBFG,30,1.0,0.0
2022-04-01,146,Agra Division,XJMggNJYBFG,32,9.0,37.41631789855223
2022-04-01,146,Agra Division,XJMggNJYBFG,35,1.0,0.0
2022-04-01,185,Basti Division,gHvNAu4JzV7,1,1.0,100.0
2022-04-01,185,Basti Division,gHvNAu4JzV7,2,1.0,0.0
2022-04-01,185,Basti Division,gHvNAu4JzV7,5,17.0,1.2658227848101267
2022-04-01,185,Basti Division,gHvNAu4JzV7,6,14.0,6.329113924050633
2022-04-01,185,Basti Division,gHvNAu4JzV7,9,9.0,40.21154732383857
2022-04-01,185,Basti Division,gHvNAu4JzV7,10,11.0,43.62505211876495
2022-04-01,185,Basti Division,gHvNAu4JzV7,11,10.0,41.315367903618686
2022-04-01,185,Basti Division,gHvNAu4JzV7,14,11.0,36.64265580958347
2022-04-01,185,Basti Division,gHvNAu4JzV7,16,7.0,5.785731528012464
2022-04-01,185,Basti Division,gHvNAu4JzV7,17,14.0,11.207576953433307
2022-04-01,185,Basti Division,gHvNAu4JzV7,18,9.0,17.92312866871239
2022-04-01,185,Basti Division,gHvNAu4JzV7,19,4.0,0.0
2022-04-01,185,Basti Division,gHvNAu4JzV7,20,8.0,23.025521736268075
2022-04-01,185,Basti Division,gHvNAu4JzV7,21,7.0,4.155237112949593
2022-04-01,185,Basti Division,gHvNAu4JzV7,22,2.0,0.0
2022-04-01,185,Basti Division,gHvNAu4JzV7,28,1.0,0.0
2022-04-01,185,Basti Division,gHvNAu4JzV7,30,1.0,0.0
2022-04-01,185,Basti Division,gHvNAu4JzV7,32,6.0,48.698345223036014
2022-04-01,185,Basti Division,gHvNAu4JzV7,35,1.0,0.0
2022-04-01,182,Gonda Division,K7kAZbm3Vf3,48,15.0,0.09977112848424484
2022-04-01,182,Gonda Division,K7kAZbm3Vf3,49,10.0,0.009283554532086078
2022-04-01,182,Gonda Division,K7kAZbm3Vf3,50,5.0,0.651452937460518
2022-04-01,182,Gonda Division,K7kAZbm3Vf3,51,5.0,0.6624646464646464
2022-04-01,182,Gonda Division,K7kAZbm3Vf3,52,8.0,0.9022932422542084
2022-04-01,193,Azamgarh Division,PQpO0hxWAzu,48,18.0,0.07685297506951713
2022-04-01,193,Azamgarh Division,PQpO0hxWAzu,49,18.0,0.004621662620608418
2022-04-01,193,Azamgarh Division,PQpO0hxWAzu,50,15.0,0.49325337331334335
2022-04-01,193,Azamgarh Division,PQpO0hxWAzu,51,10.0,0.6133304385584021
2022-04-01,193,Azamgarh Division,PQpO0hxWAzu,52,12.0,0.7713274336283186
2022-04-01,201,Alligarh Division,ewmZucZw6qh,48,4.0,0.13281529636455913
2022-04-01,201,Alligarh Division,ewmZucZw6qh,49,2.0,0.012908745515996285
2022-04-01,201,Alligarh Division,ewmZucZw6qh,50,17.0,0.4795508490049297
2022-04-01,201,Alligarh Division,ewmZucZw6qh,51,18.0,0.5312202550923282
2022-04-01,201,Alligarh Division,ewmZucZw6qh,52,15.0,0.676402078480559
2022-04-01,195,Varanasi Division,DKN52YzYUsX,48,17.0,0.08820175139896255
2022-04-01,195,Varanasi Division,DKN52YzYUsX,49,9.0,0.00943525407372148
2022-04-01,195,Varanasi Division,DKN52YzYUsX,50,8.0,0.6120709513936881
2022-04-01,195,Varanasi Division,DKN52YzYUsX,51,1.0,0.7347886087065613
2022-04-01,195,Varanasi Division,DKN52YzYUsX,52,4.0,1.0355984292299811
2022-04-01,172,Prayagraj Division,jazfyzr02kh,48,12.0,0.10387517408066639
2022-04-01,172,Prayagraj Division,jazfyzr02kh,49,12.0,0.008923039527414894
2022-04-01,172,Prayagraj Division,jazfyzr02kh,50,18.0,0.46746917694101964
2022-04-01,172,Prayagraj Division,jazfyzr02kh,51,17.0,0.5551100418782856
2022-04-01,172,Prayagraj Division,jazfyzr02kh,52,14.0,0.7658105939004816
2022-04-01,132,Saharanpur Division,NWr84AQOxJz,48,1.0,0.17416262498252585
2022-04-01,132,Saharanpur Division,NWr84AQOxJz,49,5.0,0.010709563367261017
2022-04-01,132,Saharanpur Division,NWr84AQOxJz,50,10.0,0.5618547253955648
2022-04-01,132,Saharanpur Division,NWr84AQOxJz,51,16.0,0.5560508861585299
2022-04-01,132,Saharanpur Division,NWr84AQOxJz,52,18.0,0.6120453656628861
2022-04-01,150,Bareilly Division,KdUYmr64aLB,48,9.0,0.11573286895576625
2022-04-01,150,Bareilly Division,KdUYmr64aLB,49,13.0,0.00873401917639624
2022-04-01,150,Bareilly Division,KdUYmr64aLB,50,4.0,0.6601437158222986
2022-04-01,150,Bareilly Division,KdUYmr64aLB,51,3.0,0.6876155268022182
2022-04-01,150,Bareilly Division,KdUYmr64aLB,52,10.0,0.8417960971724413
2022-04-01,161,Kanpur Nagar Division,qTT8nTiU0SH,48,7.0,0.12080492772345007
2022-04-01,161,Kanpur Nagar Division,qTT8nTiU0SH,49,14.0,0.007946419839842418
2022-04-01,161,Kanpur Nagar Division,qTT8nTiU0SH,50,9.0,0.606722443817492
2022-04-01,161,Kanpur Nagar Division,qTT8nTiU0SH,51,6.0,0.6478794195462199
2022-04-01,161,Kanpur Nagar Division,qTT8nTiU0SH,52,13.0,0.7672317782452667
2022-04-01,134,Moradabad Division,wUoXnBEvyKP,48,8.0,0.11601074032033161
2022-04-01,134,Moradabad Division,wUoXnBEvyKP,49,11.0,0.009206582247507188
2022-04-01,134,Moradabad Division,wUoXnBEvyKP,50,2.0,0.7467700258397932
2022-04-01,134,Moradabad Division,wUoXnBEvyKP,51,7.0,0.6433239962651728
2022-04-01,134,Moradabad Division,wUoXnBEvyKP,52,3.0,1.0562622726884658
2022-04-01,170,Chitrakoot Division,XGXEkQWtunf,48,2.0,0.17103887688308764
2022-04-01,170,Chitrakoot Division,XGXEkQWtunf,49,1.0,0.014043135319351415
2022-04-01,170,Chitrakoot Division,XGXEkQWtunf,50,16.0,0.48915143409124684
2022-04-01,170,Chitrakoot Division,XGXEkQWtunf,51,9.0,0.6161324624031597
2022-04-01,170,Chitrakoot Division,XGXEkQWtunf,52,9.0,0.8678500986193294
2022-04-01,200,Mirzapur Division,B5Cr0KNsqMm,48,16.0,0.09504333686904048
2022-04-01,200,Mirzapur Division,B5Cr0KNsqMm,49,4.0,0.010999543013344848
2022-04-01,200,Mirzapur Division,B5Cr0KNsqMm,50,11.0,0.5593078213142247
2022-04-01,200,Mirzapur Division,B5Cr0KNsqMm,51,11.0,0.609513425105629
2022-04-01,200,Mirzapur Division,B5Cr0KNsqMm,52,11.0,0.7723613595706619
2022-04-01,176,Ayodhya Division,pbjtM6RrgzH,48,10.0,0.11486826510340177
2022-04-01,176,Ayodhya Division,pbjtM6RrgzH,49,17.0,0.006458322150178223
2022-04-01,176,Ayodhya Division,pbjtM6RrgzH,50,1.0,0.891886862672125
2022-04-01,176,Ayodhya Division,pbjtM6RrgzH,51,2.0,0.7335697892760276
2022-04-01,176,Ayodhya Division,pbjtM6RrgzH,52,6.0,0.9152445961319682
2022-04-01,140,Meerut Division,UizVoYdewpy,48,11.0,0.10923647108052023
2022-04-01,140,Meerut Division,UizVoYdewpy,49,6.0,0.010480183772982297
2022-04-01,140,Meerut Division,UizVoYdewpy,50,12.0,0.5431048531664548
2022-04-01,140,Meerut Division,UizVoYdewpy,51,15.0,0.571745784072496
2022-04-01,140,Meerut Division,UizVoYdewpy,52,16.0,0.6648472761624855
2022-04-01,165,Jhansi Division,dScoJEvslIF,48,6.0,0.12089119807045437
2022-04-01,165,Jhansi Division,dScoJEvslIF,49,3.0,0.011345476816249716
2022-04-01,165,Jhansi Division,dScoJEvslIF,50,13.0,0.5245330235052283
2022-04-01,165,Jhansi Division,dScoJEvslIF,51,14.0,0.5937979212813086
2022-04-01,165,Jhansi Division,dScoJEvslIF,52,17.0,0.6160688665710187
2022-04-01,188,Gorakhpur Division,BVzTwy4XqVX,48,13.0,0.10380462539167487
2022-04-01,188,Gorakhpur Division,BVzTwy4XqVX,49,7.0,0.00960453323571396
2022-04-01,188,Gorakhpur Division,BVzTwy4XqVX,50,3.0,0.6756126898210796
2022-04-01,188,Gorakhpur Division,BVzTwy4XqVX,51,4.0,0.6625125180816736
2022-04-01,188,Gorakhpur Division,BVzTwy4XqVX,52,2.0,1.8376721531743365
2022-04-01,155,Lucknow Division,R2NAbaekmwn,48,5.0,0.12221314852243852
2022-04-01,155,Lucknow Division,R2NAbaekmwn,49,16.0,0.006664617885941573
2022-04-01,155,Lucknow Division,R2NAbaekmwn,50,14.0,0.5015617452906135
2022-04-01,155,Lucknow Division,R2NAbaekmwn,51,13.0,0.5967514124293786
2022-04-01,155,Lucknow Division,R2NAbaekmwn,52,7.0,0.9040344271113502
2022-04-01,146,Agra Division,XJMggNJYBFG,48,3.0,0.15068457557522505
2022-04-01,146,Agra Division,XJMggNJYBFG,49,8.0,0.009555098549447383
2022-04-01,146,Agra Division,XJMggNJYBFG,50,6.0,0.6509724585038392
2022-04-01,146,Agra Division,XJMggNJYBFG,51,12.0,0.5977539200452041
2022-04-01,146,Agra Division,XJMggNJYBFG,52,1.0,2.6778920004726454
2022-04-01,185,Basti Division,gHvNAu4JzV7,48,14.0,0.10141375006526213
2022-04-01,185,Basti Division,gHvNAu4JzV7,49,15.0,0.007125146655082023
2022-04-01,185,Basti Division,gHvNAu4JzV7,50,7.0,0.6226669431771049
2022-04-01,185,Basti Division,gHvNAu4JzV7,51,8.0,0.6432972522897585
2022-04-01,185,Basti Division,gHvNAu4JzV7,52,5.0,1.032617136940202
