subindicator_id,type,period,indicator_name
K2tTwUh9NJy.svtwwOpurbg,Numerator,monthly,% PW whose ultrasounds done (Private + Public Institution) against registered PW
sNqvJFIliYY.Ti9FJqkSK6J,Denominator,monthly,% PW whose ultrasounds done (Private + Public Institution) against registered PW
WuvZWqTxZPX.Ti9FJqkSK6J,Denominator,monthly,% of maternal death reported against estimated maternal death
hhsaXegbkhg.Ti9FJqkSK6J,Numerator,monthly,% of reported maternal death reviewed (CBMDR and FBMDR)
byP0VKnxVhr.Ti9FJqkSK6J,Numerator,monthly,% of reviewed maternal death presented to CMO/district officials
Tm1DMF0QpSX.Ti9FJqkSK6J,Numerator,monthly,Number of districts organized district level review meeting of MDR
PJcjOAHVupY.Ti9FJqkSK6J,Numerator,monthly,Number of quarterly review meetings organized
OHdD3HES2X5.gBzmANHnG0n,Numerator,monthly,% of pregnant women received free transport facility from home to health unit against delivery
aRueVYr35yM.Ti9FJqkSK6J,Denominator,monthly,% of pregnant women received free transport facility from home to health unit against delivery
xFbpDV663ak.svtwwOpurbg,Numerator,monthly,% of pregnant women received free transport facility from health unit to home against delivery
iOt7o3TvNG4.Ti9FJqkSK6J,Numerator,monthly,% of pregnant women received free meals against delivery
qflIECaldR1.Ti9FJqkSK6J,Numerator,monthly,% of pregnant women offered free blood transfusion against severely anemic pregnant women
VGmj8dWOIBw.Ti9FJqkSK6J,Denominator,monthly,% of pregnant women offered free blood transfusion against severely anemic pregnant women
Gqxz6YlkZDc.Ti9FJqkSK6J,Numerator,monthly,% of newborn infants receiving treatment against newborn with complication
ExMplulIRYb.Ti9FJqkSK6J,Numerator,monthly,% of complication received against delivery
uULzcMXOegs.Ti9FJqkSK6J,Numerator,monthly,% of complaints disposed against complaints received
vuzSex7ZCxC.Ti9FJqkSK6J,Denominator,monthly,% of complaints disposed against complaints received
xFbpDV663ak.QLxp2ax8CRL,Numerator,monthly,% of newborn babies with free transport facility available from health unit to home against live birth
aSvhWxQO8Ck.Ti9FJqkSK6J,Numerator,monthly,% of home deliveries bpl received JSY Payment
HOrR1amEU6x,Denominator,monthly,% of home deliveries bpl received JSY Payment
IEPIolCiRdh,Numerator,monthly,% of rural deliveries received JSY Payment
aRueVYr35yM,Denominator,monthly,% of rural deliveries received JSY Payment
vWSHWWYkYvt,Numerator,monthly,% of urban deliveries received JSY Payment
cyLwa0q6QNd,Numerator,monthly,% of caesarean sections of bpl in private accredited centers received JSY Payment
Jzcnqae4P4R,Numerator,monthly,% PW recieved 180 or more IFA
qYpFbVo8WsL,Denominator,monthly,% PW recieved 180 or more IFA
BjjEXjaZezs,Numerator,monthly,% of PW received 360 or more calcium against PW registered
PZLXbWgoqhN.Ti9FJqkSK6J,Numerator,monthly,% of PW given other JSSK drugs against PW registered
ozzIeiddUyN.Ti9FJqkSK6J,Numerator,monthly,% of free Diagnostics for Pregnant women under JSSK against estimated pregnancy
SBtoYIVEDFS.Ti9FJqkSK6J,Denominator,monthly,% of free Diagnostics for Pregnant women under JSSK against estimated pregnancy
KFyojgVb8Go.hbUkGAlIwu8,Numerator,monthly,% of maternal death reported against estimated maternal death
KFyojgVb8Go.PWn0jSvveTs,Numerator,monthly,% of reported maternal death reviewed (CBMDR and FBMDR)
KFyojgVb8Go.bg50uiDLvlP,Numerator,monthly,% of reviewed maternal death presented to CMO/district officials
KFyojgVb8Go.mrHdT99cCnv,Numerator,monthly,% of maternal death reported against estimated maternal death
KFyojgVb8Go.v3ourGcXDlN,Numerator,monthly,% of reported maternal death reviewed (CBMDR and FBMDR)
KFyojgVb8Go.zJCowC71NtF,Numerator,monthly,% of reviewed maternal death presented to CMO/district officials
aknlXIekL1Z.iRNhRMvoSCx,Denominator,monthly,% of newborn babies with free transport facility available from health unit to home against live birth
aknlXIekL1Z.wb51FJHqHxp,Denominator,monthly,% of newborn babies with free transport facility available from health unit to home against live birth
BpKWMLTSnyC,Numerator,monthly,"Total no. of Registered Couples Methodwise (OCP, Condoms, IUCD, Sterilization, Injectibles, Chhaya)"
uYJ0kOlfdTG.Ti9FJqkSK6J,Numerator,monthly,"Total no. of Registered Couples Methodwise (OCP, Condoms, IUCD, Sterilization, Injectibles, Chhaya)"
A89WukjS845.Ti9FJqkSK6J,Numerator,monthly,"Total no. of Registered Couples Methodwise (OCP, Condoms, IUCD, Sterilization, Injectibles, Chhaya)"
SCutWcJX88a.Ti9FJqkSK6J,Numerator,monthly,"Total no. of Registered Couples Methodwise (OCP, Condoms, IUCD, Sterilization, Injectibles, Chhaya)"
jhdL4rNP5pA.Ti9FJqkSK6J,Numerator,monthly,"Total no. of Registered Couples Methodwise (OCP, Condoms, IUCD, Sterilization, Injectibles, Chhaya)"
bOFAAIzcaGZ.Ti9FJqkSK6J,Numerator,monthly,"Total no. of Registered Couples Methodwise (OCP, Condoms, IUCD, Sterilization, Injectibles, Chhaya)"
Xg1j0efNUrP.Ti9FJqkSK6J,Numerator,monthly,"Total no. of Registered Couples Methodwise (OCP, Condoms, IUCD, Sterilization, Injectibles, Chhaya)"
n3L9KZq55UM.Ti9FJqkSK6J,Numerator,monthly,"Total no. of Registered Couples Methodwise (OCP, Condoms, IUCD, Sterilization, Injectibles, Chhaya)"
NeNWp698eve.e4vOZhidnTl,Numerator,monthly,"Total no. of Registered Couples Methodwise (OCP, Condoms, IUCD, Sterilization, Injectibles, Chhaya)"
DFDP0iJG63H.Ti9FJqkSK6J,Numerator,monthly,"Total no. of Registered Couples Methodwise (OCP, Condoms, IUCD, Sterilization, Injectibles, Chhaya)"
OVLPx9JL7u7.Ti9FJqkSK6J,Denominator,yearly,"Total no. of Registered Couples Methodwise (OCP, Condoms, IUCD, Sterilization, Injectibles, Chhaya)"
NeNWp698eve.JD3TbSsgoKa,Numerator,monthly,2nd Dose of Injectibles
NeNWp698eve.e4vOZhidnTl,Denominator,monthly,1st Dose of Injectibles
NeNWp698eve.gZiING8oxqo,Numerator,monthly,3rd Dose of Injectibles
NeNWp698eve.JD3TbSsgoKa,Denominator,monthly,3rd Dose of Injectibles
NeNWp698eve.uBLH63dNSeY,Numerator,monthly,4th Dose of Injectibles
NeNWp698eve.gZiING8oxqo,Denominator,monthly,4th Dose of Injectibles
