date,indicator_id,rank,state,state_id,value
2017-10-01,1,1.0,Uttar Pradesh,v8EzhiynNtf,100.0
2017-10-01,2,1.0,Uttar Pradesh,v8EzhiynNtf,29.799426934097422
2017-10-01,5,1.0,Uttar Pradesh,v8EzhiynNtf,2.1634615384615383
2017-10-01,6,1.0,Uttar Pradesh,v8EzhiynNtf,68.26923076923077
2017-10-01,9,1.0,Uttar Pradesh,v8EzhiynNtf,33.68226441764853
2017-10-01,10,1.0,Uttar Pradesh,v8EzhiynNtf,34.368778066039766
2017-10-01,11,1.0,Uttar Pradesh,v8EzhiynNtf,53.80620749691866
2017-10-01,14,1.0,Uttar Pradesh,v8EzhiynNtf,69.3909695484774
2017-10-01,16,1.0,Uttar Pradesh,v8EzhiynNtf,3.2028684462295622
2017-10-01,17,1.0,Uttar Pradesh,v8EzhiynNtf,69.87654320987653
2017-10-01,18,1.0,Uttar Pradesh,v8EzhiynNtf,9.938748773946623
2017-10-01,19,1.0,Uttar Pradesh,v8EzhiynNtf,0.025678775635977674
2017-10-01,20,1.0,Uttar Pradesh,v8EzhiynNtf,69.1542910335198
2017-10-01,21,1.0,Uttar Pradesh,v8EzhiynNtf,10.293395161220817
2017-10-01,22,1.0,Uttar Pradesh,v8EzhiynNtf,0.05128381930857345
2017-10-01,28,1.0,Uttar Pradesh,v8EzhiynNtf,0.062039432868794174
2017-10-01,30,1.0,Uttar Pradesh,v8EzhiynNtf,0.0
2017-10-01,32,1.0,Uttar Pradesh,v8EzhiynNtf,100.0
2017-10-01,35,1.0,Uttar Pradesh,v8EzhiynNtf,36.47483722253532
2017-11-01,1,1.0,Uttar Pradesh,v8EzhiynNtf,100.0
2017-11-01,2,1.0,Uttar Pradesh,v8EzhiynNtf,31.873653984206747
2017-11-01,5,1.0,Uttar Pradesh,v8EzhiynNtf,100.0
2017-11-01,6,1.0,Uttar Pradesh,v8EzhiynNtf,39.189189189189186
2017-11-01,9,1.0,Uttar Pradesh,v8EzhiynNtf,38.923521004926855
2017-11-01,10,1.0,Uttar Pradesh,v8EzhiynNtf,41.87822031667231
2017-11-01,11,1.0,Uttar Pradesh,v8EzhiynNtf,51.807608409492644
2017-11-01,14,1.0,Uttar Pradesh,v8EzhiynNtf,62.89998661132682
2017-11-01,16,1.0,Uttar Pradesh,v8EzhiynNtf,3.1610816503065178
2017-11-01,17,1.0,Uttar Pradesh,v8EzhiynNtf,0.03723152385628632
2017-11-01,18,1.0,Uttar Pradesh,v8EzhiynNtf,9.497707866485054
2017-11-01,19,1.0,Uttar Pradesh,v8EzhiynNtf,0.2397649222116061
2017-11-01,20,1.0,Uttar Pradesh,v8EzhiynNtf,74.1857535070894
2017-11-01,21,1.0,Uttar Pradesh,v8EzhiynNtf,10.999379442626653
2017-11-01,22,1.0,Uttar Pradesh,v8EzhiynNtf,0.02773703411185076
2017-11-01,28,1.0,Uttar Pradesh,v8EzhiynNtf,0.06058777048523203
2017-11-01,30,1.0,Uttar Pradesh,v8EzhiynNtf,0.0
2017-11-01,32,1.0,Uttar Pradesh,v8EzhiynNtf,41.81684985060392
2017-11-01,35,1.0,Uttar Pradesh,v8EzhiynNtf,32.61483675145074
2017-12-01,1,1.0,Uttar Pradesh,v8EzhiynNtf,100.0
2017-12-01,2,1.0,Uttar Pradesh,v8EzhiynNtf,24.58791208791209
2017-12-01,5,1.0,Uttar Pradesh,v8EzhiynNtf,9.776536312849162
2017-12-01,6,1.0,Uttar Pradesh,v8EzhiynNtf,42.17877094972067
2017-12-01,9,1.0,Uttar Pradesh,v8EzhiynNtf,44.45050435519314
2017-12-01,10,1.0,Uttar Pradesh,v8EzhiynNtf,45.40361653120119
2017-12-01,11,1.0,Uttar Pradesh,v8EzhiynNtf,56.9463344894231
2017-12-01,14,1.0,Uttar Pradesh,v8EzhiynNtf,69.59757442116869
2017-12-01,16,1.0,Uttar Pradesh,v8EzhiynNtf,4.386434036694819
2017-12-01,17,1.0,Uttar Pradesh,v8EzhiynNtf,0.01809435456137685
2017-12-01,18,1.0,Uttar Pradesh,v8EzhiynNtf,11.665442376754816
2017-12-01,19,1.0,Uttar Pradesh,v8EzhiynNtf,0.029224954214238395
2017-12-01,20,1.0,Uttar Pradesh,v8EzhiynNtf,100.0
2017-12-01,21,1.0,Uttar Pradesh,v8EzhiynNtf,12.109290196182258
2017-12-01,22,1.0,Uttar Pradesh,v8EzhiynNtf,0.11119642053427232
2017-12-01,28,1.0,Uttar Pradesh,v8EzhiynNtf,0.0
2017-12-01,30,1.0,Uttar Pradesh,v8EzhiynNtf,0.0
2017-12-01,32,1.0,Uttar Pradesh,v8EzhiynNtf,100.0
2017-12-01,35,1.0,Uttar Pradesh,v8EzhiynNtf,44.178369101880385
2018-01-01,1,1.0,Uttar Pradesh,v8EzhiynNtf,100.0
2018-01-01,2,1.0,Uttar Pradesh,v8EzhiynNtf,23.642857142857146
2018-01-01,5,1.0,Uttar Pradesh,v8EzhiynNtf,6.3444108761329305
2018-01-01,6,1.0,Uttar Pradesh,v8EzhiynNtf,60.42296072507554
2018-01-01,9,1.0,Uttar Pradesh,v8EzhiynNtf,49.16086281058117
2018-01-01,10,1.0,Uttar Pradesh,v8EzhiynNtf,50.7683283837626
2018-01-01,11,1.0,Uttar Pradesh,v8EzhiynNtf,56.67029517760329
2018-01-01,14,1.0,Uttar Pradesh,v8EzhiynNtf,55.18027961736571
2018-01-01,16,1.0,Uttar Pradesh,v8EzhiynNtf,3.7629067543145815
2018-01-01,17,1.0,Uttar Pradesh,v8EzhiynNtf,0.20608980871382546
2018-01-01,18,1.0,Uttar Pradesh,v8EzhiynNtf,11.43735752769064
2018-01-01,19,1.0,Uttar Pradesh,v8EzhiynNtf,0.003984539984858748
2018-01-01,20,1.0,Uttar Pradesh,v8EzhiynNtf,44.78075691442703
2018-01-01,21,1.0,Uttar Pradesh,v8EzhiynNtf,6.7421608311051475
2018-01-01,22,1.0,Uttar Pradesh,v8EzhiynNtf,0.0026421196140391672
2018-01-01,28,1.0,Uttar Pradesh,v8EzhiynNtf,0.0
2018-01-01,30,1.0,Uttar Pradesh,v8EzhiynNtf,0.0
2018-01-01,32,1.0,Uttar Pradesh,v8EzhiynNtf,31.93352572395264
2018-01-01,35,1.0,Uttar Pradesh,v8EzhiynNtf,35.2114871779823
2018-02-01,1,1.0,Uttar Pradesh,v8EzhiynNtf,100.0
2018-02-01,2,1.0,Uttar Pradesh,v8EzhiynNtf,100.0
2018-02-01,5,1.0,Uttar Pradesh,v8EzhiynNtf,7.90273556231003
2018-02-01,6,1.0,Uttar Pradesh,v8EzhiynNtf,41.03343465045592
2018-02-01,9,1.0,Uttar Pradesh,v8EzhiynNtf,53.03185057997979
2018-02-01,10,1.0,Uttar Pradesh,v8EzhiynNtf,56.045205850038926
2018-02-01,11,1.0,Uttar Pradesh,v8EzhiynNtf,57.53863311378204
2018-02-01,14,1.0,Uttar Pradesh,v8EzhiynNtf,50.195591431232536
2018-02-01,16,1.0,Uttar Pradesh,v8EzhiynNtf,3.0376476174176132
2018-02-01,17,1.0,Uttar Pradesh,v8EzhiynNtf,0.16420408801570802
2018-02-01,18,1.0,Uttar Pradesh,v8EzhiynNtf,9.452927151394162
2018-02-01,19,1.0,Uttar Pradesh,v8EzhiynNtf,0.3921391868746056
2018-02-01,20,1.0,Uttar Pradesh,v8EzhiynNtf,61.41657511028173
2018-02-01,21,1.0,Uttar Pradesh,v8EzhiynNtf,5.80807941389191
2018-02-01,22,1.0,Uttar Pradesh,v8EzhiynNtf,0.005520988036018926
2018-02-01,28,1.0,Uttar Pradesh,v8EzhiynNtf,0.0
2018-02-01,30,1.0,Uttar Pradesh,v8EzhiynNtf,0.0
2018-02-01,32,1.0,Uttar Pradesh,v8EzhiynNtf,32.72853360232001
2018-02-01,35,1.0,Uttar Pradesh,v8EzhiynNtf,100.0
2018-03-01,1,1.0,Uttar Pradesh,v8EzhiynNtf,100.0
2018-03-01,2,1.0,Uttar Pradesh,v8EzhiynNtf,100.0
2018-03-01,5,1.0,Uttar Pradesh,v8EzhiynNtf,8.264462809917356
2018-03-01,6,1.0,Uttar Pradesh,v8EzhiynNtf,43.80165289256198
2018-03-01,9,1.0,Uttar Pradesh,v8EzhiynNtf,46.50790617684996
2018-03-01,10,1.0,Uttar Pradesh,v8EzhiynNtf,47.525916017770996
2018-03-01,11,1.0,Uttar Pradesh,v8EzhiynNtf,58.750776286246605
2018-03-01,14,1.0,Uttar Pradesh,v8EzhiynNtf,58.653345821625564
2018-03-01,16,1.0,Uttar Pradesh,v8EzhiynNtf,4.1795251516743885
2018-03-01,17,1.0,Uttar Pradesh,v8EzhiynNtf,71.30919220055709
2018-03-01,18,1.0,Uttar Pradesh,v8EzhiynNtf,11.170379547418573
2018-03-01,19,1.0,Uttar Pradesh,v8EzhiynNtf,0.008160267656779142
2018-03-01,20,1.0,Uttar Pradesh,v8EzhiynNtf,31.40878039459228
2018-03-01,21,1.0,Uttar Pradesh,v8EzhiynNtf,4.680170066402331
2018-03-01,22,1.0,Uttar Pradesh,v8EzhiynNtf,0.010987436105670472
2018-03-01,28,1.0,Uttar Pradesh,v8EzhiynNtf,0.0
2018-03-01,30,1.0,Uttar Pradesh,v8EzhiynNtf,0.0
2018-03-01,32,1.0,Uttar Pradesh,v8EzhiynNtf,36.93811796990556
2018-03-01,35,1.0,Uttar Pradesh,v8EzhiynNtf,100.0
2018-04-01,1,1.0,Uttar Pradesh,v8EzhiynNtf,100.0
2018-04-01,2,1.0,Uttar Pradesh,v8EzhiynNtf,17.102473498233213
2018-04-01,5,1.0,Uttar Pradesh,v8EzhiynNtf,6.198347107438017
2018-04-01,6,1.0,Uttar Pradesh,v8EzhiynNtf,21.487603305785125
2018-04-01,9,1.0,Uttar Pradesh,v8EzhiynNtf,56.565825660648095
2018-04-01,10,1.0,Uttar Pradesh,v8EzhiynNtf,55.25529116345809
2018-04-01,11,1.0,Uttar Pradesh,v8EzhiynNtf,57.52640599465902
2018-04-01,14,1.0,Uttar Pradesh,v8EzhiynNtf,82.65350245027385
2018-04-01,16,1.0,Uttar Pradesh,v8EzhiynNtf,3.713181075371677
2018-04-01,17,1.0,Uttar Pradesh,v8EzhiynNtf,74.64788732394365
2018-04-01,18,1.0,Uttar Pradesh,v8EzhiynNtf,11.440348810985546
2018-04-01,19,1.0,Uttar Pradesh,v8EzhiynNtf,0.0058546295483153325
2018-04-01,20,1.0,Uttar Pradesh,v8EzhiynNtf,72.2085376061222
2018-04-01,21,1.0,Uttar Pradesh,v8EzhiynNtf,11.254334568934594
2018-04-01,22,1.0,Uttar Pradesh,v8EzhiynNtf,0.03427797042528598
2018-04-01,28,1.0,Uttar Pradesh,v8EzhiynNtf,0.0
2018-04-01,30,1.0,Uttar Pradesh,v8EzhiynNtf,0.0
2018-04-01,32,1.0,Uttar Pradesh,v8EzhiynNtf,29.01429507770477
2018-04-01,35,1.0,Uttar Pradesh,v8EzhiynNtf,100.0
2018-05-01,1,1.0,Uttar Pradesh,v8EzhiynNtf,100.0
2018-05-01,2,1.0,Uttar Pradesh,v8EzhiynNtf,42.29857819905213
2018-05-01,5,1.0,Uttar Pradesh,v8EzhiynNtf,8.403361344537815
2018-05-01,6,1.0,Uttar Pradesh,v8EzhiynNtf,38.93557422969188
2018-05-01,9,1.0,Uttar Pradesh,v8EzhiynNtf,50.84911300394812
2018-05-01,10,1.0,Uttar Pradesh,v8EzhiynNtf,51.560603997845405
2018-05-01,11,1.0,Uttar Pradesh,v8EzhiynNtf,59.634428587495044
2018-05-01,14,1.0,Uttar Pradesh,v8EzhiynNtf,64.64215947433847
2018-05-01,16,1.0,Uttar Pradesh,v8EzhiynNtf,4.251188284667428
2018-05-01,17,1.0,Uttar Pradesh,v8EzhiynNtf,76.38668779714739
2018-05-01,18,1.0,Uttar Pradesh,v8EzhiynNtf,15.249183105409658
2018-05-01,19,1.0,Uttar Pradesh,v8EzhiynNtf,0.017303176368804844
2018-05-01,20,1.0,Uttar Pradesh,v8EzhiynNtf,79.64733250069551
2018-05-01,21,1.0,Uttar Pradesh,v8EzhiynNtf,14.766693697799823
2018-05-01,22,1.0,Uttar Pradesh,v8EzhiynNtf,0.02722844069823193
2018-05-01,28,1.0,Uttar Pradesh,v8EzhiynNtf,0.0
2018-05-01,30,1.0,Uttar Pradesh,v8EzhiynNtf,0.0
2018-05-01,32,1.0,Uttar Pradesh,v8EzhiynNtf,27.7874915105187
2018-05-01,35,1.0,Uttar Pradesh,v8EzhiynNtf,100.0
2018-06-01,1,1.0,Uttar Pradesh,v8EzhiynNtf,100.0
2018-06-01,2,1.0,Uttar Pradesh,v8EzhiynNtf,56.325301204819276
2018-06-01,5,1.0,Uttar Pradesh,v8EzhiynNtf,9.62566844919786
2018-06-01,6,1.0,Uttar Pradesh,v8EzhiynNtf,52.67379679144386
2018-06-01,9,1.0,Uttar Pradesh,v8EzhiynNtf,54.26663287009996
2018-06-01,10,1.0,Uttar Pradesh,v8EzhiynNtf,53.95915758383937
2018-06-01,11,1.0,Uttar Pradesh,v8EzhiynNtf,62.566261475220145
2018-06-01,14,1.0,Uttar Pradesh,v8EzhiynNtf,69.39737290684849
2018-06-01,16,1.0,Uttar Pradesh,v8EzhiynNtf,4.343226176175625
2018-06-01,17,1.0,Uttar Pradesh,v8EzhiynNtf,99.1701244813278
2018-06-01,18,1.0,Uttar Pradesh,v8EzhiynNtf,12.727665492054491
2018-06-01,19,1.0,Uttar Pradesh,v8EzhiynNtf,0.016126802746164126
2018-06-01,20,1.0,Uttar Pradesh,v8EzhiynNtf,89.29457014073331
2018-06-01,21,1.0,Uttar Pradesh,v8EzhiynNtf,12.931595014271705
2018-06-01,22,1.0,Uttar Pradesh,v8EzhiynNtf,0.03636804461146807
2018-06-01,28,1.0,Uttar Pradesh,v8EzhiynNtf,0.0
2018-06-01,30,1.0,Uttar Pradesh,v8EzhiynNtf,0.0
2018-06-01,32,1.0,Uttar Pradesh,v8EzhiynNtf,32.87984602006493
2018-06-01,35,1.0,Uttar Pradesh,v8EzhiynNtf,100.0
2018-07-01,1,1.0,Uttar Pradesh,v8EzhiynNtf,100.0
2018-07-01,2,1.0,Uttar Pradesh,v8EzhiynNtf,100.0
2018-07-01,5,1.0,Uttar Pradesh,v8EzhiynNtf,12.5
2018-07-01,6,1.0,Uttar Pradesh,v8EzhiynNtf,35.860655737704924
2018-07-01,9,1.0,Uttar Pradesh,v8EzhiynNtf,53.60291219846094
2018-07-01,10,1.0,Uttar Pradesh,v8EzhiynNtf,54.423782954097604
2018-07-01,11,1.0,Uttar Pradesh,v8EzhiynNtf,63.34653917155836
2018-07-01,14,1.0,Uttar Pradesh,v8EzhiynNtf,61.71107373639019
2018-07-01,16,1.0,Uttar Pradesh,v8EzhiynNtf,4.461637385658874
2018-07-01,17,1.0,Uttar Pradesh,v8EzhiynNtf,93.94904458598728
2018-07-01,18,1.0,Uttar Pradesh,v8EzhiynNtf,13.44102600930201
2018-07-01,19,1.0,Uttar Pradesh,v8EzhiynNtf,0.047528517110266164
2018-07-01,20,1.0,Uttar Pradesh,v8EzhiynNtf,66.82810976748044
2018-07-01,21,1.0,Uttar Pradesh,v8EzhiynNtf,12.764721744000333
2018-07-01,22,1.0,Uttar Pradesh,v8EzhiynNtf,0.02903901599220095
2018-07-01,28,1.0,Uttar Pradesh,v8EzhiynNtf,0.0
2018-07-01,30,1.0,Uttar Pradesh,v8EzhiynNtf,0.0
2018-07-01,32,1.0,Uttar Pradesh,v8EzhiynNtf,32.975297478971896
2018-07-01,35,1.0,Uttar Pradesh,v8EzhiynNtf,100.0
2018-08-01,1,1.0,Uttar Pradesh,v8EzhiynNtf,100.0
2018-08-01,2,1.0,Uttar Pradesh,v8EzhiynNtf,31.350482315112533
2018-08-01,5,1.0,Uttar Pradesh,v8EzhiynNtf,10.256410256410255
2018-08-01,6,1.0,Uttar Pradesh,v8EzhiynNtf,53.07692307692307
2018-08-01,9,1.0,Uttar Pradesh,v8EzhiynNtf,46.330390498048345
2018-08-01,10,1.0,Uttar Pradesh,v8EzhiynNtf,47.23208751444893
2018-08-01,11,1.0,Uttar Pradesh,v8EzhiynNtf,64.00080411438526
2018-08-01,14,1.0,Uttar Pradesh,v8EzhiynNtf,65.2617304041226
2018-08-01,16,1.0,Uttar Pradesh,v8EzhiynNtf,3.976178111336338
2018-08-01,17,1.0,Uttar Pradesh,v8EzhiynNtf,48.0952380952381
2018-08-01,18,1.0,Uttar Pradesh,v8EzhiynNtf,12.074289347016618
2018-08-01,19,1.0,Uttar Pradesh,v8EzhiynNtf,0.0414576510094938
2018-08-01,20,1.0,Uttar Pradesh,v8EzhiynNtf,66.87341899385187
2018-08-01,21,1.0,Uttar Pradesh,v8EzhiynNtf,11.97711624478582
2018-08-01,22,1.0,Uttar Pradesh,v8EzhiynNtf,0.03434238520429531
2018-08-01,28,1.0,Uttar Pradesh,v8EzhiynNtf,0.0
2018-08-01,30,1.0,Uttar Pradesh,v8EzhiynNtf,0.0
2018-08-01,32,1.0,Uttar Pradesh,v8EzhiynNtf,38.896336643312715
2018-08-01,35,1.0,Uttar Pradesh,v8EzhiynNtf,100.0
2018-09-01,1,1.0,Uttar Pradesh,v8EzhiynNtf,100.0
2018-09-01,2,1.0,Uttar Pradesh,v8EzhiynNtf,100.0
2018-09-01,5,1.0,Uttar Pradesh,v8EzhiynNtf,14.849624060150376
2018-09-01,6,1.0,Uttar Pradesh,v8EzhiynNtf,43.42105263157895
2018-09-01,9,1.0,Uttar Pradesh,v8EzhiynNtf,39.99509004506637
2018-09-01,10,1.0,Uttar Pradesh,v8EzhiynNtf,40.75367808231189
2018-09-01,11,1.0,Uttar Pradesh,v8EzhiynNtf,54.58221544180826
2018-09-01,14,1.0,Uttar Pradesh,v8EzhiynNtf,73.38759896806334
2018-09-01,16,1.0,Uttar Pradesh,v8EzhiynNtf,3.7392813930243567
2018-09-01,17,1.0,Uttar Pradesh,v8EzhiynNtf,100.0
2018-09-01,18,1.0,Uttar Pradesh,v8EzhiynNtf,11.814147510428686
2018-09-01,19,1.0,Uttar Pradesh,v8EzhiynNtf,0.022149211857211408
2018-09-01,20,1.0,Uttar Pradesh,v8EzhiynNtf,65.01692180896768
2018-09-01,21,1.0,Uttar Pradesh,v8EzhiynNtf,16.07133463096428
2018-09-01,22,1.0,Uttar Pradesh,v8EzhiynNtf,0.015431286934259212
2018-09-01,28,1.0,Uttar Pradesh,v8EzhiynNtf,0.0
2018-09-01,30,1.0,Uttar Pradesh,v8EzhiynNtf,0.0
2018-09-01,32,1.0,Uttar Pradesh,v8EzhiynNtf,40.903908075511694
2018-09-01,35,1.0,Uttar Pradesh,v8EzhiynNtf,100.0
2018-10-01,1,1.0,Uttar Pradesh,v8EzhiynNtf,100.0
2018-10-01,2,1.0,Uttar Pradesh,v8EzhiynNtf,100.0
2018-10-01,5,1.0,Uttar Pradesh,v8EzhiynNtf,12.351543942992876
2018-10-01,6,1.0,Uttar Pradesh,v8EzhiynNtf,39.19239904988122
2018-10-01,9,1.0,Uttar Pradesh,v8EzhiynNtf,45.75829084491831
2018-10-01,10,1.0,Uttar Pradesh,v8EzhiynNtf,44.997371220365096
2018-10-01,11,1.0,Uttar Pradesh,v8EzhiynNtf,57.25563557370568
2018-10-01,14,1.0,Uttar Pradesh,v8EzhiynNtf,66.33027127269591
2018-10-01,16,1.0,Uttar Pradesh,v8EzhiynNtf,4.208492792253049
2018-10-01,17,1.0,Uttar Pradesh,v8EzhiynNtf,43.29501915708812
2018-10-01,18,1.0,Uttar Pradesh,v8EzhiynNtf,11.321298960911767
2018-10-01,19,1.0,Uttar Pradesh,v8EzhiynNtf,0.029347315698857405
2018-10-01,20,1.0,Uttar Pradesh,v8EzhiynNtf,57.11421130497512
2018-10-01,21,1.0,Uttar Pradesh,v8EzhiynNtf,12.307987006900037
2018-10-01,22,1.0,Uttar Pradesh,v8EzhiynNtf,0.04686971442079222
2018-10-01,28,1.0,Uttar Pradesh,v8EzhiynNtf,0.0
2018-10-01,30,1.0,Uttar Pradesh,v8EzhiynNtf,0.0
2018-10-01,32,1.0,Uttar Pradesh,v8EzhiynNtf,37.57922579876592
2018-10-01,35,1.0,Uttar Pradesh,v8EzhiynNtf,100.0
2018-11-01,1,1.0,Uttar Pradesh,v8EzhiynNtf,100.0
2018-11-01,2,1.0,Uttar Pradesh,v8EzhiynNtf,100.0
2018-11-01,5,1.0,Uttar Pradesh,v8EzhiynNtf,12.63157894736842
2018-11-01,6,1.0,Uttar Pradesh,v8EzhiynNtf,32.10526315789474
2018-11-01,9,1.0,Uttar Pradesh,v8EzhiynNtf,42.4186661568365
2018-11-01,10,1.0,Uttar Pradesh,v8EzhiynNtf,45.39320651308033
2018-11-01,11,1.0,Uttar Pradesh,v8EzhiynNtf,55.41017429818693
2018-11-01,14,1.0,Uttar Pradesh,v8EzhiynNtf,98.87200853615164
2018-11-01,16,1.0,Uttar Pradesh,v8EzhiynNtf,4.030048115221617
2018-11-01,17,1.0,Uttar Pradesh,v8EzhiynNtf,100.0
2018-11-01,18,1.0,Uttar Pradesh,v8EzhiynNtf,11.880298917596596
2018-11-01,19,1.0,Uttar Pradesh,v8EzhiynNtf,0.12478775852545874
2018-11-01,20,1.0,Uttar Pradesh,v8EzhiynNtf,58.30027403371252
2018-11-01,21,1.0,Uttar Pradesh,v8EzhiynNtf,10.338798075391136
2018-11-01,22,1.0,Uttar Pradesh,v8EzhiynNtf,0.11909313959787145
2018-11-01,28,1.0,Uttar Pradesh,v8EzhiynNtf,0.006951819099283962
2018-11-01,30,1.0,Uttar Pradesh,v8EzhiynNtf,0.0
2018-11-01,32,1.0,Uttar Pradesh,v8EzhiynNtf,40.303530804948736
2018-11-01,35,1.0,Uttar Pradesh,v8EzhiynNtf,100.0
2018-12-01,1,1.0,Uttar Pradesh,v8EzhiynNtf,100.0
2018-12-01,2,1.0,Uttar Pradesh,v8EzhiynNtf,100.0
2018-12-01,5,1.0,Uttar Pradesh,v8EzhiynNtf,13.56466876971609
2018-12-01,6,1.0,Uttar Pradesh,v8EzhiynNtf,35.646687697160885
2018-12-01,9,1.0,Uttar Pradesh,v8EzhiynNtf,46.35321577451339
2018-12-01,10,1.0,Uttar Pradesh,v8EzhiynNtf,49.135549238991565
2018-12-01,11,1.0,Uttar Pradesh,v8EzhiynNtf,55.2364364559066
2018-12-01,14,1.0,Uttar Pradesh,v8EzhiynNtf,63.29811406498525
2018-12-01,16,1.0,Uttar Pradesh,v8EzhiynNtf,4.331316060527024
2018-12-01,17,1.0,Uttar Pradesh,v8EzhiynNtf,91.63763066202092
2018-12-01,18,1.0,Uttar Pradesh,v8EzhiynNtf,14.076610960083284
2018-12-01,19,1.0,Uttar Pradesh,v8EzhiynNtf,0.1545362838316413
2018-12-01,20,1.0,Uttar Pradesh,v8EzhiynNtf,63.54541958242896
2018-12-01,21,1.0,Uttar Pradesh,v8EzhiynNtf,10.16121973538214
2018-12-01,22,1.0,Uttar Pradesh,v8EzhiynNtf,0.18831808958813154
2018-12-01,28,1.0,Uttar Pradesh,v8EzhiynNtf,0.0
2018-12-01,30,1.0,Uttar Pradesh,v8EzhiynNtf,0.0
2018-12-01,32,1.0,Uttar Pradesh,v8EzhiynNtf,38.25868989484478
2018-12-01,35,1.0,Uttar Pradesh,v8EzhiynNtf,100.0
2019-01-01,1,1.0,Uttar Pradesh,v8EzhiynNtf,100.0
2019-01-01,2,1.0,Uttar Pradesh,v8EzhiynNtf,100.0
2019-01-01,5,1.0,Uttar Pradesh,v8EzhiynNtf,11.620795107033643
2019-01-01,6,1.0,Uttar Pradesh,v8EzhiynNtf,41.284403669724774
2019-01-01,9,1.0,Uttar Pradesh,v8EzhiynNtf,43.89630758200396
2019-01-01,10,1.0,Uttar Pradesh,v8EzhiynNtf,47.26608711238573
2019-01-01,11,1.0,Uttar Pradesh,v8EzhiynNtf,54.71321025273347
2019-01-01,14,1.0,Uttar Pradesh,v8EzhiynNtf,61.10495303657896
2019-01-01,16,1.0,Uttar Pradesh,v8EzhiynNtf,3.694658540957161
2019-01-01,17,1.0,Uttar Pradesh,v8EzhiynNtf,100.0
2019-01-01,18,1.0,Uttar Pradesh,v8EzhiynNtf,12.16634233585674
2019-01-01,19,1.0,Uttar Pradesh,v8EzhiynNtf,0.08124042523559724
2019-01-01,20,1.0,Uttar Pradesh,v8EzhiynNtf,68.18202186771823
2019-01-01,21,1.0,Uttar Pradesh,v8EzhiynNtf,10.174762502240544
2019-01-01,22,1.0,Uttar Pradesh,v8EzhiynNtf,0.02554221186592579
2019-01-01,28,1.0,Uttar Pradesh,v8EzhiynNtf,0.0
2019-01-01,30,1.0,Uttar Pradesh,v8EzhiynNtf,0.0
2019-01-01,32,1.0,Uttar Pradesh,v8EzhiynNtf,39.64466628895726
2019-01-01,35,1.0,Uttar Pradesh,v8EzhiynNtf,100.0
2019-02-01,1,1.0,Uttar Pradesh,v8EzhiynNtf,100.0
2019-02-01,2,1.0,Uttar Pradesh,v8EzhiynNtf,100.0
2019-02-01,5,1.0,Uttar Pradesh,v8EzhiynNtf,14.814814814814813
2019-02-01,6,1.0,Uttar Pradesh,v8EzhiynNtf,23.56902356902357
2019-02-01,9,1.0,Uttar Pradesh,v8EzhiynNtf,44.94386639334158
2019-02-01,10,1.0,Uttar Pradesh,v8EzhiynNtf,47.51336568796198
2019-02-01,11,1.0,Uttar Pradesh,v8EzhiynNtf,57.14077002798691
2019-02-01,14,1.0,Uttar Pradesh,v8EzhiynNtf,22.646218830249357
2019-02-01,16,1.0,Uttar Pradesh,v8EzhiynNtf,4.694769233578809
2019-02-01,17,1.0,Uttar Pradesh,v8EzhiynNtf,100.0
2019-02-01,18,1.0,Uttar Pradesh,v8EzhiynNtf,13.435966305401626
2019-02-01,19,1.0,Uttar Pradesh,v8EzhiynNtf,0.03550584736923862
2019-02-01,20,1.0,Uttar Pradesh,v8EzhiynNtf,57.58865183467179
2019-02-01,21,1.0,Uttar Pradesh,v8EzhiynNtf,7.777894453296566
2019-02-01,22,1.0,Uttar Pradesh,v8EzhiynNtf,0.4287064388145971
2019-02-01,28,1.0,Uttar Pradesh,v8EzhiynNtf,0.0
2019-02-01,30,1.0,Uttar Pradesh,v8EzhiynNtf,0.0
2019-02-01,32,1.0,Uttar Pradesh,v8EzhiynNtf,35.150496662583386
2019-02-01,35,1.0,Uttar Pradesh,v8EzhiynNtf,100.0
2019-03-01,1,1.0,Uttar Pradesh,v8EzhiynNtf,100.0
2019-03-01,2,1.0,Uttar Pradesh,v8EzhiynNtf,100.0
2019-03-01,5,1.0,Uttar Pradesh,v8EzhiynNtf,16.120218579234972
2019-03-01,6,1.0,Uttar Pradesh,v8EzhiynNtf,73.77049180327869
2019-03-01,9,1.0,Uttar Pradesh,v8EzhiynNtf,41.68887984535558
2019-03-01,10,1.0,Uttar Pradesh,v8EzhiynNtf,46.3412351205616
2019-03-01,11,1.0,Uttar Pradesh,v8EzhiynNtf,64.24173364533523
2019-03-01,14,1.0,Uttar Pradesh,v8EzhiynNtf,58.544275290514356
2019-03-01,16,1.0,Uttar Pradesh,v8EzhiynNtf,4.490385593651438
2019-03-01,17,1.0,Uttar Pradesh,v8EzhiynNtf,88.125
2019-03-01,18,1.0,Uttar Pradesh,v8EzhiynNtf,12.986930059518807
2019-03-01,19,1.0,Uttar Pradesh,v8EzhiynNtf,0.06794021261290065
2019-03-01,20,1.0,Uttar Pradesh,v8EzhiynNtf,67.66425882592328
2019-03-01,21,1.0,Uttar Pradesh,v8EzhiynNtf,10.351816054532506
2019-03-01,22,1.0,Uttar Pradesh,v8EzhiynNtf,0.7040390680638926
2019-03-01,28,1.0,Uttar Pradesh,v8EzhiynNtf,0.0
2019-03-01,30,1.0,Uttar Pradesh,v8EzhiynNtf,0.0
2019-03-01,32,1.0,Uttar Pradesh,v8EzhiynNtf,30.97278041793345
2019-03-01,35,1.0,Uttar Pradesh,v8EzhiynNtf,100.0
2019-04-01,1,1.0,Uttar Pradesh,v8EzhiynNtf,100.0
2019-04-01,2,1.0,Uttar Pradesh,v8EzhiynNtf,1.2544258978249874
2019-04-01,5,1.0,Uttar Pradesh,v8EzhiynNtf,8.064516129032258
2019-04-01,6,1.0,Uttar Pradesh,v8EzhiynNtf,31.85483870967742
2019-04-01,9,1.0,Uttar Pradesh,v8EzhiynNtf,44.5616280930422
2019-04-01,10,1.0,Uttar Pradesh,v8EzhiynNtf,48.56421744759465
2019-04-01,11,1.0,Uttar Pradesh,v8EzhiynNtf,58.30775497141527
2019-04-01,14,1.0,Uttar Pradesh,v8EzhiynNtf,61.72489987570777
2019-04-01,16,1.0,Uttar Pradesh,v8EzhiynNtf,4.596831677407153
2019-04-01,17,1.0,Uttar Pradesh,v8EzhiynNtf,97.0074812967581
2019-04-01,18,1.0,Uttar Pradesh,v8EzhiynNtf,14.062463198059213
2019-04-01,19,1.0,Uttar Pradesh,v8EzhiynNtf,0.09966363523109506
2019-04-01,20,1.0,Uttar Pradesh,v8EzhiynNtf,50.29966687517275
2019-04-01,21,1.0,Uttar Pradesh,v8EzhiynNtf,11.314606578124318
2019-04-01,22,1.0,Uttar Pradesh,v8EzhiynNtf,0.03563999243559345
2019-04-01,28,1.0,Uttar Pradesh,v8EzhiynNtf,0.0
2019-04-01,30,1.0,Uttar Pradesh,v8EzhiynNtf,0.0
2019-04-01,32,1.0,Uttar Pradesh,v8EzhiynNtf,31.044495844751147
2019-04-01,35,1.0,Uttar Pradesh,v8EzhiynNtf,100.0
2019-05-01,1,1.0,Uttar Pradesh,v8EzhiynNtf,100.0
2019-05-01,2,1.0,Uttar Pradesh,v8EzhiynNtf,100.0
2019-05-01,5,1.0,Uttar Pradesh,v8EzhiynNtf,6.896551724137932
2019-05-01,6,1.0,Uttar Pradesh,v8EzhiynNtf,31.37931034482759
2019-05-01,9,1.0,Uttar Pradesh,v8EzhiynNtf,43.94975561679104
2019-05-01,10,1.0,Uttar Pradesh,v8EzhiynNtf,48.63527566023694
2019-05-01,11,1.0,Uttar Pradesh,v8EzhiynNtf,57.6865056218195
2019-05-01,14,1.0,Uttar Pradesh,v8EzhiynNtf,53.77090832098242
2019-05-01,16,1.0,Uttar Pradesh,v8EzhiynNtf,5.059637548524648
2019-05-01,17,1.0,Uttar Pradesh,v8EzhiynNtf,100.0
2019-05-01,18,1.0,Uttar Pradesh,v8EzhiynNtf,15.70500071934531
2019-05-01,19,1.0,Uttar Pradesh,v8EzhiynNtf,0.004979459728619446
2019-05-01,20,1.0,Uttar Pradesh,v8EzhiynNtf,62.47108634873383
2019-05-01,21,1.0,Uttar Pradesh,v8EzhiynNtf,12.960355612768268
2019-05-01,22,1.0,Uttar Pradesh,v8EzhiynNtf,0.02011384435907235
2019-05-01,28,1.0,Uttar Pradesh,v8EzhiynNtf,0.0
2019-05-01,30,1.0,Uttar Pradesh,v8EzhiynNtf,0.0
2019-05-01,32,1.0,Uttar Pradesh,v8EzhiynNtf,33.33599929923182
2019-05-01,35,1.0,Uttar Pradesh,v8EzhiynNtf,100.0
2019-06-01,1,1.0,Uttar Pradesh,v8EzhiynNtf,100.0
2019-06-01,2,1.0,Uttar Pradesh,v8EzhiynNtf,100.0
2019-06-01,5,1.0,Uttar Pradesh,v8EzhiynNtf,20.0
2019-06-01,6,1.0,Uttar Pradesh,v8EzhiynNtf,56.0655737704918
2019-06-01,9,1.0,Uttar Pradesh,v8EzhiynNtf,43.312599902703454
2019-06-01,10,1.0,Uttar Pradesh,v8EzhiynNtf,44.41674195566057
2019-06-01,11,1.0,Uttar Pradesh,v8EzhiynNtf,53.55566752380291
2019-06-01,14,1.0,Uttar Pradesh,v8EzhiynNtf,79.48607522250933
2019-06-01,16,1.0,Uttar Pradesh,v8EzhiynNtf,4.712801445548683
2019-06-01,17,1.0,Uttar Pradesh,v8EzhiynNtf,100.0
2019-06-01,18,1.0,Uttar Pradesh,v8EzhiynNtf,14.434691191930776
2019-06-01,19,1.0,Uttar Pradesh,v8EzhiynNtf,0.004765308553728854
2019-06-01,20,1.0,Uttar Pradesh,v8EzhiynNtf,55.44773785530614
2019-06-01,21,1.0,Uttar Pradesh,v8EzhiynNtf,13.713600667176314
2019-06-01,22,1.0,Uttar Pradesh,v8EzhiynNtf,0.006515393703523525
2019-06-01,28,1.0,Uttar Pradesh,v8EzhiynNtf,0.0
2019-06-01,30,1.0,Uttar Pradesh,v8EzhiynNtf,0.0
2019-06-01,32,1.0,Uttar Pradesh,v8EzhiynNtf,32.66449420834085
2019-06-01,35,1.0,Uttar Pradesh,v8EzhiynNtf,100.0
2019-07-01,1,1.0,Uttar Pradesh,v8EzhiynNtf,100.0
2019-07-01,2,1.0,Uttar Pradesh,v8EzhiynNtf,100.0
2019-07-01,5,1.0,Uttar Pradesh,v8EzhiynNtf,5.368516833484986
2019-07-01,6,1.0,Uttar Pradesh,v8EzhiynNtf,11.64695177434031
2019-07-01,9,1.0,Uttar Pradesh,v8EzhiynNtf,40.17992293931471
2019-07-01,10,1.0,Uttar Pradesh,v8EzhiynNtf,41.689830741709095
2019-07-01,11,1.0,Uttar Pradesh,v8EzhiynNtf,49.26654740608229
2019-07-01,14,1.0,Uttar Pradesh,v8EzhiynNtf,60.050091717228725
2019-07-01,16,1.0,Uttar Pradesh,v8EzhiynNtf,4.644626393284712
2019-07-01,17,1.0,Uttar Pradesh,v8EzhiynNtf,100.0
2019-07-01,18,1.0,Uttar Pradesh,v8EzhiynNtf,14.742722799147156
2019-07-01,19,1.0,Uttar Pradesh,v8EzhiynNtf,0.002247948746768573
2019-07-01,20,1.0,Uttar Pradesh,v8EzhiynNtf,46.096738681711855
2019-07-01,21,1.0,Uttar Pradesh,v8EzhiynNtf,9.831085730012383
2019-07-01,22,1.0,Uttar Pradesh,v8EzhiynNtf,0.002064125498830329
2019-07-01,28,1.0,Uttar Pradesh,v8EzhiynNtf,0.0
2019-07-01,30,1.0,Uttar Pradesh,v8EzhiynNtf,0.0
2019-07-01,32,1.0,Uttar Pradesh,v8EzhiynNtf,36.14946987745806
2019-07-01,35,1.0,Uttar Pradesh,v8EzhiynNtf,100.0
2019-08-01,1,1.0,Uttar Pradesh,v8EzhiynNtf,100.0
2019-08-01,2,1.0,Uttar Pradesh,v8EzhiynNtf,0.0
2019-08-01,5,1.0,Uttar Pradesh,v8EzhiynNtf,21.91435768261965
2019-08-01,6,1.0,Uttar Pradesh,v8EzhiynNtf,36.02015113350126
2019-08-01,9,1.0,Uttar Pradesh,v8EzhiynNtf,38.300997485431
2019-08-01,10,1.0,Uttar Pradesh,v8EzhiynNtf,39.730488255413476
2019-08-01,11,1.0,Uttar Pradesh,v8EzhiynNtf,52.165389519848425
2019-08-01,14,1.0,Uttar Pradesh,v8EzhiynNtf,27.41672688117199
2019-08-01,16,1.0,Uttar Pradesh,v8EzhiynNtf,5.247226227788967
2019-08-01,17,1.0,Uttar Pradesh,v8EzhiynNtf,100.0
2019-08-01,18,1.0,Uttar Pradesh,v8EzhiynNtf,13.929893898716973
2019-08-01,19,1.0,Uttar Pradesh,v8EzhiynNtf,1.7263333681244128
2019-08-01,20,1.0,Uttar Pradesh,v8EzhiynNtf,40.964533851342495
2019-08-01,21,1.0,Uttar Pradesh,v8EzhiynNtf,11.453802242852547
2019-08-01,22,1.0,Uttar Pradesh,v8EzhiynNtf,0.0032772818819940173
2019-08-01,28,1.0,Uttar Pradesh,v8EzhiynNtf,0.0
2019-08-01,30,1.0,Uttar Pradesh,v8EzhiynNtf,0.0
2019-08-01,32,1.0,Uttar Pradesh,v8EzhiynNtf,39.70708594310142
2019-08-01,35,1.0,Uttar Pradesh,v8EzhiynNtf,100.0
2019-09-01,1,1.0,Uttar Pradesh,v8EzhiynNtf,100.0
2019-09-01,2,1.0,Uttar Pradesh,v8EzhiynNtf,100.0
2019-09-01,5,1.0,Uttar Pradesh,v8EzhiynNtf,21.25340599455041
2019-09-01,6,1.0,Uttar Pradesh,v8EzhiynNtf,30.790190735694818
2019-09-01,9,1.0,Uttar Pradesh,v8EzhiynNtf,36.585870223482665
2019-09-01,10,1.0,Uttar Pradesh,v8EzhiynNtf,37.987326627376255
2019-09-01,11,1.0,Uttar Pradesh,v8EzhiynNtf,52.57706680846665
2019-09-01,14,1.0,Uttar Pradesh,v8EzhiynNtf,75.45160157621629
2019-09-01,16,1.0,Uttar Pradesh,v8EzhiynNtf,4.353259183763903
2019-09-01,17,1.0,Uttar Pradesh,v8EzhiynNtf,94.84662576687114
2019-09-01,18,1.0,Uttar Pradesh,v8EzhiynNtf,15.437116121201932
2019-09-01,19,1.0,Uttar Pradesh,v8EzhiynNtf,4.733440351470091
2019-09-01,20,1.0,Uttar Pradesh,v8EzhiynNtf,41.445768895585
2019-09-01,21,1.0,Uttar Pradesh,v8EzhiynNtf,10.099998522916943
2019-09-01,22,1.0,Uttar Pradesh,v8EzhiynNtf,0.0
2019-09-01,28,1.0,Uttar Pradesh,v8EzhiynNtf,0.0
2019-09-01,30,1.0,Uttar Pradesh,v8EzhiynNtf,0.0
2019-09-01,32,1.0,Uttar Pradesh,v8EzhiynNtf,43.11580726354829
2019-09-01,35,1.0,Uttar Pradesh,v8EzhiynNtf,100.0
2019-10-01,1,1.0,Uttar Pradesh,v8EzhiynNtf,100.0
2019-10-01,2,1.0,Uttar Pradesh,v8EzhiynNtf,100.0
2019-10-01,5,1.0,Uttar Pradesh,v8EzhiynNtf,18.63517060367455
2019-10-01,6,1.0,Uttar Pradesh,v8EzhiynNtf,31.23359580052493
2019-10-01,9,1.0,Uttar Pradesh,v8EzhiynNtf,34.926664862287176
2019-10-01,10,1.0,Uttar Pradesh,v8EzhiynNtf,35.11483586590883
2019-10-01,11,1.0,Uttar Pradesh,v8EzhiynNtf,52.27512920645968
2019-10-01,14,1.0,Uttar Pradesh,v8EzhiynNtf,77.40521230819193
2019-10-01,16,1.0,Uttar Pradesh,v8EzhiynNtf,4.409774581448401
2019-10-01,17,1.0,Uttar Pradesh,v8EzhiynNtf,90.27617951668587
2019-10-01,18,1.0,Uttar Pradesh,v8EzhiynNtf,13.61304175849014
2019-10-01,19,1.0,Uttar Pradesh,v8EzhiynNtf,0.0
2019-10-01,20,1.0,Uttar Pradesh,v8EzhiynNtf,38.74421631932361
2019-10-01,21,1.0,Uttar Pradesh,v8EzhiynNtf,7.9250924744486975
2019-10-01,22,1.0,Uttar Pradesh,v8EzhiynNtf,0.0019332637358388434
2019-10-01,28,1.0,Uttar Pradesh,v8EzhiynNtf,0.0
2019-10-01,30,1.0,Uttar Pradesh,v8EzhiynNtf,0.0
2019-10-01,32,1.0,Uttar Pradesh,v8EzhiynNtf,45.043594306049826
2019-10-01,35,1.0,Uttar Pradesh,v8EzhiynNtf,100.0
2017-10-01,48,1.0,Uttar Pradesh,v8EzhiynNtf,0.0017442474584752447
2017-10-01,49,1.0,Uttar Pradesh,v8EzhiynNtf,2.306574688365732e-05
2017-10-01,50,1.0,Uttar Pradesh,v8EzhiynNtf,0.9867069486404834
2017-10-01,51,1.0,Uttar Pradesh,v8EzhiynNtf,0.6589099816289039
2017-10-01,52,1.0,Uttar Pradesh,v8EzhiynNtf,1.4219330855018588
2017-11-01,48,1.0,Uttar Pradesh,v8EzhiynNtf,0.0020501669727790925
2017-11-01,49,1.0,Uttar Pradesh,v8EzhiynNtf,1.344921192914158e-05
2017-11-01,50,1.0,Uttar Pradesh,v8EzhiynNtf,0.33367875647668394
2017-11-01,51,1.0,Uttar Pradesh,v8EzhiynNtf,1.2453416149068324
2017-11-01,52,1.0,Uttar Pradesh,v8EzhiynNtf,2.089775561097257
2017-12-01,48,1.0,Uttar Pradesh,v8EzhiynNtf,0.0021707928152014913
2017-12-01,49,1.0,Uttar Pradesh,v8EzhiynNtf,1.3755826087111649e-05
2017-12-01,50,1.0,Uttar Pradesh,v8EzhiynNtf,0.5157041540020263
2017-12-01,51,1.0,Uttar Pradesh,v8EzhiynNtf,1.6247544204322202
2017-12-01,52,1.0,Uttar Pradesh,v8EzhiynNtf,0.8053204353083434
2018-01-01,48,1.0,Uttar Pradesh,v8EzhiynNtf,0.001900676194785248
2018-01-01,49,1.0,Uttar Pradesh,v8EzhiynNtf,1.2654802519855496e-05
2018-01-01,50,1.0,Uttar Pradesh,v8EzhiynNtf,0.3359030837004405
2018-01-01,51,1.0,Uttar Pradesh,v8EzhiynNtf,2.1180327868852458
2018-01-01,52,1.0,Uttar Pradesh,v8EzhiynNtf,2.1501547987616103
2018-02-01,48,1.0,Uttar Pradesh,v8EzhiynNtf,0.002040287376814045
2018-02-01,49,1.0,Uttar Pradesh,v8EzhiynNtf,2.9211967050239117e-05
2018-02-01,50,1.0,Uttar Pradesh,v8EzhiynNtf,0.3344465648854962
2018-02-01,51,1.0,Uttar Pradesh,v8EzhiynNtf,1.079885877318117
2018-02-01,52,1.0,Uttar Pradesh,v8EzhiynNtf,1.3421400264200791
2018-03-01,48,1.0,Uttar Pradesh,v8EzhiynNtf,0.0021280007444963406
2018-03-01,49,1.0,Uttar Pradesh,v8EzhiynNtf,3.6863383992310336e-05
2018-03-01,50,1.0,Uttar Pradesh,v8EzhiynNtf,0.35992438563327034
2018-03-01,51,1.0,Uttar Pradesh,v8EzhiynNtf,0.6869747899159664
2018-03-01,52,1.0,Uttar Pradesh,v8EzhiynNtf,1.1039755351681957
2018-04-01,48,1.0,Uttar Pradesh,v8EzhiynNtf,0.0020834516647159225
2018-04-01,49,1.0,Uttar Pradesh,v8EzhiynNtf,4.438854437501716e-05
2018-04-01,50,1.0,Uttar Pradesh,v8EzhiynNtf,0.30074328187535737
2018-04-01,51,1.0,Uttar Pradesh,v8EzhiynNtf,2.7319391634980987
2018-04-01,52,1.0,Uttar Pradesh,v8EzhiynNtf,0.3242867084203201
2018-05-01,48,1.0,Uttar Pradesh,v8EzhiynNtf,0.0024996856340177287
2018-05-01,49,1.0,Uttar Pradesh,v8EzhiynNtf,4.971821522621991e-05
2018-05-01,50,1.0,Uttar Pradesh,v8EzhiynNtf,0.4757529351710056
2018-05-01,51,1.0,Uttar Pradesh,v8EzhiynNtf,0.9495708154506438
2018-05-01,52,1.0,Uttar Pradesh,v8EzhiynNtf,0.8124293785310734
2018-06-01,48,1.0,Uttar Pradesh,v8EzhiynNtf,0.0026718932210765913
2018-06-01,49,1.0,Uttar Pradesh,v8EzhiynNtf,5.753506580798394e-05
2018-06-01,50,1.0,Uttar Pradesh,v8EzhiynNtf,0.5350683722981915
2018-06-01,51,1.0,Uttar Pradesh,v8EzhiynNtf,0.6265457543281121
2018-06-01,52,1.0,Uttar Pradesh,v8EzhiynNtf,0.631578947368421
2018-07-01,48,1.0,Uttar Pradesh,v8EzhiynNtf,0.003630074347893199
2018-07-01,49,1.0,Uttar Pradesh,v8EzhiynNtf,0.0001308561090895303
2018-07-01,50,1.0,Uttar Pradesh,v8EzhiynNtf,0.35686578743211794
2018-07-01,51,1.0,Uttar Pradesh,v8EzhiynNtf,0.5070652173913044
2018-07-01,52,1.0,Uttar Pradesh,v8EzhiynNtf,1.4737406216505895
2018-08-01,48,1.0,Uttar Pradesh,v8EzhiynNtf,0.003265344879532265
2018-08-01,49,1.0,Uttar Pradesh,v8EzhiynNtf,0.00020257825111571584
2018-08-01,50,1.0,Uttar Pradesh,v8EzhiynNtf,0.15459784515159108
2018-08-01,51,1.0,Uttar Pradesh,v8EzhiynNtf,0.8022690437601296
2018-08-01,52,1.0,Uttar Pradesh,v8EzhiynNtf,0.7959595959595959
2018-09-01,48,1.0,Uttar Pradesh,v8EzhiynNtf,0.0030041897388540803
2018-09-01,49,1.0,Uttar Pradesh,v8EzhiynNtf,0.00016450917360712482
2018-09-01,50,1.0,Uttar Pradesh,v8EzhiynNtf,0.23542116630669546
2018-09-01,51,1.0,Uttar Pradesh,v8EzhiynNtf,0.8401048492791612
2018-09-01,52,1.0,Uttar Pradesh,v8EzhiynNtf,0.6817472698907956
2018-10-01,48,1.0,Uttar Pradesh,v8EzhiynNtf,0.0029252446238552648
2018-10-01,49,1.0,Uttar Pradesh,v8EzhiynNtf,0.00015613397655523477
2018-10-01,50,1.0,Uttar Pradesh,v8EzhiynNtf,0.2150520156046814
2018-10-01,51,1.0,Uttar Pradesh,v8EzhiynNtf,0.8019652305366591
2018-10-01,52,1.0,Uttar Pradesh,v8EzhiynNtf,1.0848256361922717
2018-11-01,48,1.0,Uttar Pradesh,v8EzhiynNtf,0.002786247442540523
2018-11-01,49,1.0,Uttar Pradesh,v8EzhiynNtf,0.00016245344342166086
2018-11-01,50,1.0,Uttar Pradesh,v8EzhiynNtf,0.35431963755663176
2018-11-01,51,1.0,Uttar Pradesh,v8EzhiynNtf,0.451058201058201
2018-11-01,52,1.0,Uttar Pradesh,v8EzhiynNtf,1.4545454545454546
2018-12-01,48,1.0,Uttar Pradesh,v8EzhiynNtf,0.00355040592042172
2018-12-01,49,1.0,Uttar Pradesh,v8EzhiynNtf,0.00018709682626222207
2018-12-01,50,1.0,Uttar Pradesh,v8EzhiynNtf,0.33260987520347257
2018-12-01,51,1.0,Uttar Pradesh,v8EzhiynNtf,0.416394779771615
2018-12-01,52,1.0,Uttar Pradesh,v8EzhiynNtf,1.110675808031342
2019-01-01,48,1.0,Uttar Pradesh,v8EzhiynNtf,0.003844820533655036
2019-01-01,49,1.0,Uttar Pradesh,v8EzhiynNtf,0.0003490934407537799
2019-01-01,50,1.0,Uttar Pradesh,v8EzhiynNtf,0.16379498364231188
2019-01-01,51,1.0,Uttar Pradesh,v8EzhiynNtf,0.6795383932534399
2019-01-01,52,1.0,Uttar Pradesh,v8EzhiynNtf,0.6074461136512084
2019-02-01,48,1.0,Uttar Pradesh,v8EzhiynNtf,0.004020809226090001
2019-02-01,49,1.0,Uttar Pradesh,v8EzhiynNtf,0.00030871483920966766
2019-02-01,50,1.0,Uttar Pradesh,v8EzhiynNtf,0.19976981256165727
2019-02-01,51,1.0,Uttar Pradesh,v8EzhiynNtf,0.6292181069958848
2019-02-01,52,1.0,Uttar Pradesh,v8EzhiynNtf,0.5840418574231524
2019-03-01,48,1.0,Uttar Pradesh,v8EzhiynNtf,0.005758290594871974
2019-03-01,49,1.0,Uttar Pradesh,v8EzhiynNtf,0.0006623511898794728
2019-03-01,50,1.0,Uttar Pradesh,v8EzhiynNtf,0.19078090275116869
2019-03-01,51,1.0,Uttar Pradesh,v8EzhiynNtf,0.493673428399277
2019-03-01,52,1.0,Uttar Pradesh,v8EzhiynNtf,0.80553295362083
2019-04-01,48,1.0,Uttar Pradesh,v8EzhiynNtf,0.002527843038724596
2019-04-01,49,1.0,Uttar Pradesh,v8EzhiynNtf,0.0002805433498307977
2019-04-01,50,1.0,Uttar Pradesh,v8EzhiynNtf,0.2755666607174728
2019-04-01,51,1.0,Uttar Pradesh,v8EzhiynNtf,0.4365284974093264
2019-04-01,52,1.0,Uttar Pradesh,v8EzhiynNtf,1.056379821958457
2019-05-01,48,1.0,Uttar Pradesh,v8EzhiynNtf,0.003214589676184979
2019-05-01,49,1.0,Uttar Pradesh,v8EzhiynNtf,0.0004867825177681628
2019-05-01,50,1.0,Uttar Pradesh,v8EzhiynNtf,0.2565830076116026
2019-05-01,51,1.0,Uttar Pradesh,v8EzhiynNtf,0.3828422529565043
2019-05-01,52,1.0,Uttar Pradesh,v8EzhiynNtf,1.0513089005235603
2019-06-01,48,1.0,Uttar Pradesh,v8EzhiynNtf,0.003941819742127103
2019-06-01,49,1.0,Uttar Pradesh,v8EzhiynNtf,0.0005109413909242149
2019-06-01,50,1.0,Uttar Pradesh,v8EzhiynNtf,0.2930079866725464
2019-06-01,51,1.0,Uttar Pradesh,v8EzhiynNtf,0.4105351170568562
2019-06-01,52,1.0,Uttar Pradesh,v8EzhiynNtf,0.6309572301425662
2019-07-01,48,1.0,Uttar Pradesh,v8EzhiynNtf,0.006351389658440099
2019-07-01,49,1.0,Uttar Pradesh,v8EzhiynNtf,0.0007399374663215294
2019-07-01,50,1.0,Uttar Pradesh,v8EzhiynNtf,0.2760860738936257
2019-07-01,51,1.0,Uttar Pradesh,v8EzhiynNtf,0.46801470588235294
2019-07-01,52,1.0,Uttar Pradesh,v8EzhiynNtf,0.7056821157371039
2019-08-01,48,1.0,Uttar Pradesh,v8EzhiynNtf,0.005522473685354235
2019-08-01,49,1.0,Uttar Pradesh,v8EzhiynNtf,0.000722813456747706
2019-08-01,50,1.0,Uttar Pradesh,v8EzhiynNtf,0.26977694652258244
2019-08-01,51,1.0,Uttar Pradesh,v8EzhiynNtf,0.4847862370008987
2019-08-01,52,1.0,Uttar Pradesh,v8EzhiynNtf,0.6882944915254238
2019-09-01,48,1.0,Uttar Pradesh,v8EzhiynNtf,0.004635451449811113
2019-09-01,49,1.0,Uttar Pradesh,v8EzhiynNtf,0.00041786088274369486
2019-09-01,50,1.0,Uttar Pradesh,v8EzhiynNtf,0.3883530046132646
2019-09-01,51,1.0,Uttar Pradesh,v8EzhiynNtf,0.4964517124344338
2019-09-01,52,1.0,Uttar Pradesh,v8EzhiynNtf,0.9779366065879428
2019-10-01,48,1.0,Uttar Pradesh,v8EzhiynNtf,0.0044638456329619755
2019-10-01,49,1.0,Uttar Pradesh,v8EzhiynNtf,0.0003008968875260002
2019-10-01,50,1.0,Uttar Pradesh,v8EzhiynNtf,0.4780763790664781
2019-10-01,51,1.0,Uttar Pradesh,v8EzhiynNtf,0.4634528367560042
2019-10-01,52,1.0,Uttar Pradesh,v8EzhiynNtf,1.0093879083740145
2019-11-01,1,1.0,Uttar Pradesh,v8EzhiynNtf,100.0
2019-11-01,2,1.0,Uttar Pradesh,v8EzhiynNtf,100.0
2019-11-01,5,1.0,Uttar Pradesh,v8EzhiynNtf,15.743440233236154
2019-11-01,6,1.0,Uttar Pradesh,v8EzhiynNtf,61.51603498542274
2019-11-01,9,1.0,Uttar Pradesh,v8EzhiynNtf,36.77265902175213
2019-11-01,10,1.0,Uttar Pradesh,v8EzhiynNtf,38.9830846300012
2019-11-01,11,1.0,Uttar Pradesh,v8EzhiynNtf,50.67668123895452
2019-11-01,14,1.0,Uttar Pradesh,v8EzhiynNtf,59.06409752261109
2019-11-01,16,1.0,Uttar Pradesh,v8EzhiynNtf,4.472341443320887
2019-11-01,17,1.0,Uttar Pradesh,v8EzhiynNtf,100.0
2019-11-01,18,1.0,Uttar Pradesh,v8EzhiynNtf,14.73281391471494
2019-11-01,19,1.0,Uttar Pradesh,v8EzhiynNtf,2.7131326917194154
2019-11-01,20,1.0,Uttar Pradesh,v8EzhiynNtf,32.180395179185986
2019-11-01,21,1.0,Uttar Pradesh,v8EzhiynNtf,5.653626905138393
2019-11-01,22,1.0,Uttar Pradesh,v8EzhiynNtf,0.0
2019-11-01,28,1.0,Uttar Pradesh,v8EzhiynNtf,0.0
2019-11-01,30,1.0,Uttar Pradesh,v8EzhiynNtf,0.0
2019-11-01,32,1.0,Uttar Pradesh,v8EzhiynNtf,63.62016259421174
2019-11-01,35,1.0,Uttar Pradesh,v8EzhiynNtf,100.0
2019-11-01,48,1.0,Uttar Pradesh,v8EzhiynNtf,0.0050947308220856465
2019-11-01,49,1.0,Uttar Pradesh,v8EzhiynNtf,0.0003033753625958957
2019-11-01,50,1.0,Uttar Pradesh,v8EzhiynNtf,0.5665126258458492
2019-11-01,51,1.0,Uttar Pradesh,v8EzhiynNtf,0.5236707938820102
2019-11-01,52,1.0,Uttar Pradesh,v8EzhiynNtf,0.8013908205841447
2019-12-01,1,1.0,Uttar Pradesh,v8EzhiynNtf,100.0
2019-12-01,2,1.0,Uttar Pradesh,v8EzhiynNtf,0.0
2019-12-01,5,1.0,Uttar Pradesh,v8EzhiynNtf,24.324324324324326
2019-12-01,6,1.0,Uttar Pradesh,v8EzhiynNtf,30.88803088803089
2019-12-01,9,1.0,Uttar Pradesh,v8EzhiynNtf,37.917718349527284
2019-12-01,10,1.0,Uttar Pradesh,v8EzhiynNtf,40.110035995281294
2019-12-01,11,1.0,Uttar Pradesh,v8EzhiynNtf,52.41833843630583
2019-12-01,14,1.0,Uttar Pradesh,v8EzhiynNtf,63.77784835972593
2019-12-01,16,1.0,Uttar Pradesh,v8EzhiynNtf,4.3957262745387995
2019-12-01,17,1.0,Uttar Pradesh,v8EzhiynNtf,96.20307167235495
2019-12-01,18,1.0,Uttar Pradesh,v8EzhiynNtf,14.834038151449692
2019-12-01,19,1.0,Uttar Pradesh,v8EzhiynNtf,0.08586075405944595
2019-12-01,20,1.0,Uttar Pradesh,v8EzhiynNtf,32.676052551094145
2019-12-01,21,1.0,Uttar Pradesh,v8EzhiynNtf,4.740555019678093
2019-12-01,22,1.0,Uttar Pradesh,v8EzhiynNtf,0.0013443615794904195
2019-12-01,28,1.0,Uttar Pradesh,v8EzhiynNtf,0.0
2019-12-01,30,1.0,Uttar Pradesh,v8EzhiynNtf,0.0
2019-12-01,32,1.0,Uttar Pradesh,v8EzhiynNtf,42.283046128028296
2019-12-01,35,1.0,Uttar Pradesh,v8EzhiynNtf,100.0
2019-12-01,48,1.0,Uttar Pradesh,v8EzhiynNtf,0.006162984871087752
2019-12-01,49,1.0,Uttar Pradesh,v8EzhiynNtf,0.0003002960450848134
2019-12-01,50,1.0,Uttar Pradesh,v8EzhiynNtf,0.5071279699874948
2019-12-01,51,1.0,Uttar Pradesh,v8EzhiynNtf,0.5707710011507479
2019-12-01,52,1.0,Uttar Pradesh,v8EzhiynNtf,1.1774193548387095
2020-01-01,1,1.0,Uttar Pradesh,v8EzhiynNtf,100.0
2020-01-01,2,1.0,Uttar Pradesh,v8EzhiynNtf,0.0
2020-01-01,5,1.0,Uttar Pradesh,v8EzhiynNtf,10.411622276029057
2020-01-01,6,1.0,Uttar Pradesh,v8EzhiynNtf,28.32929782082325
2020-01-01,9,1.0,Uttar Pradesh,v8EzhiynNtf,39.958482889813034
2020-01-01,10,1.0,Uttar Pradesh,v8EzhiynNtf,40.79854481834529
2020-01-01,11,1.0,Uttar Pradesh,v8EzhiynNtf,68.76080451550644
2020-01-01,14,1.0,Uttar Pradesh,v8EzhiynNtf,76.05870222051699
2020-01-01,16,1.0,Uttar Pradesh,v8EzhiynNtf,4.543971340697182
2020-01-01,17,1.0,Uttar Pradesh,v8EzhiynNtf,97.75095995611628
2020-01-01,18,1.0,Uttar Pradesh,v8EzhiynNtf,16.188876446435238
2020-01-01,19,1.0,Uttar Pradesh,v8EzhiynNtf,0.002634490752937457
2020-01-01,20,1.0,Uttar Pradesh,v8EzhiynNtf,46.75465331824461
2020-01-01,21,1.0,Uttar Pradesh,v8EzhiynNtf,4.8966584974694
2020-01-01,22,1.0,Uttar Pradesh,v8EzhiynNtf,0.0017356651415955625
2020-01-01,28,1.0,Uttar Pradesh,v8EzhiynNtf,0.0
2020-01-01,30,1.0,Uttar Pradesh,v8EzhiynNtf,0.0
2020-01-01,32,1.0,Uttar Pradesh,v8EzhiynNtf,52.42299303874997
2020-01-01,35,1.0,Uttar Pradesh,v8EzhiynNtf,0.0
2020-01-01,48,1.0,Uttar Pradesh,v8EzhiynNtf,0.005782046799484224
2020-01-01,49,1.0,Uttar Pradesh,v8EzhiynNtf,0.0002594137239823957
2020-01-01,50,1.0,Uttar Pradesh,v8EzhiynNtf,0.4473074696004633
2020-01-01,51,1.0,Uttar Pradesh,v8EzhiynNtf,0.6485436893203883
2020-01-01,52,1.0,Uttar Pradesh,v8EzhiynNtf,1.0419161676646709
2020-02-01,1,1.0,Uttar Pradesh,v8EzhiynNtf,100.0
2020-02-01,2,1.0,Uttar Pradesh,v8EzhiynNtf,0.0
2020-02-01,5,1.0,Uttar Pradesh,v8EzhiynNtf,18.43137254901961
2020-02-01,6,1.0,Uttar Pradesh,v8EzhiynNtf,61.17647058823529
2020-02-01,9,1.0,Uttar Pradesh,v8EzhiynNtf,39.85980619855877
2020-02-01,10,1.0,Uttar Pradesh,v8EzhiynNtf,41.19192798052162
2020-02-01,11,1.0,Uttar Pradesh,v8EzhiynNtf,55.124651795926106
2020-02-01,14,1.0,Uttar Pradesh,v8EzhiynNtf,77.37719493220716
2020-02-01,16,1.0,Uttar Pradesh,v8EzhiynNtf,5.123599289909273
2020-02-01,17,1.0,Uttar Pradesh,v8EzhiynNtf,96.15861214374223
2020-02-01,18,1.0,Uttar Pradesh,v8EzhiynNtf,16.261407774655005
2020-02-01,19,1.0,Uttar Pradesh,v8EzhiynNtf,0.0
2020-02-01,20,1.0,Uttar Pradesh,v8EzhiynNtf,43.55585649431296
2020-02-01,21,1.0,Uttar Pradesh,v8EzhiynNtf,4.288962018566206
2020-02-01,22,1.0,Uttar Pradesh,v8EzhiynNtf,0.0
2020-02-01,28,1.0,Uttar Pradesh,v8EzhiynNtf,0.0
2020-02-01,30,1.0,Uttar Pradesh,v8EzhiynNtf,0.0
2020-02-01,32,1.0,Uttar Pradesh,v8EzhiynNtf,43.637431380920475
2020-02-01,35,1.0,Uttar Pradesh,v8EzhiynNtf,0.0
2020-02-01,48,1.0,Uttar Pradesh,v8EzhiynNtf,0.008423287165935359
2020-02-01,49,1.0,Uttar Pradesh,v8EzhiynNtf,0.00032370386518938205
2020-02-01,50,1.0,Uttar Pradesh,v8EzhiynNtf,0.4105955143078113
2020-02-01,51,1.0,Uttar Pradesh,v8EzhiynNtf,0.7387455264644942
2020-02-01,52,1.0,Uttar Pradesh,v8EzhiynNtf,1.1664966853646102
2020-03-01,1,1.0,Uttar Pradesh,v8EzhiynNtf,100.0
2020-03-01,2,1.0,Uttar Pradesh,v8EzhiynNtf,0.0
2020-03-01,5,1.0,Uttar Pradesh,v8EzhiynNtf,16.964285714285715
2020-03-01,6,1.0,Uttar Pradesh,v8EzhiynNtf,33.92857142857143
2020-03-01,9,1.0,Uttar Pradesh,v8EzhiynNtf,39.964569601991464
2020-03-01,10,1.0,Uttar Pradesh,v8EzhiynNtf,40.85846227829481
2020-03-01,11,1.0,Uttar Pradesh,v8EzhiynNtf,60.38513761986931
2020-03-01,14,1.0,Uttar Pradesh,v8EzhiynNtf,56.84611306568993
2020-03-01,16,1.0,Uttar Pradesh,v8EzhiynNtf,5.637393567367259
2020-03-01,17,1.0,Uttar Pradesh,v8EzhiynNtf,100.0
2020-03-01,18,1.0,Uttar Pradesh,v8EzhiynNtf,16.096177644426295
2020-03-01,19,1.0,Uttar Pradesh,v8EzhiynNtf,0.0
2020-03-01,20,1.0,Uttar Pradesh,v8EzhiynNtf,18.40223756046505
2020-03-01,21,1.0,Uttar Pradesh,v8EzhiynNtf,3.2067692568809933
2020-03-01,22,1.0,Uttar Pradesh,v8EzhiynNtf,0.0
2020-03-01,28,1.0,Uttar Pradesh,v8EzhiynNtf,0.0
2020-03-01,30,1.0,Uttar Pradesh,v8EzhiynNtf,0.0
2020-03-01,32,1.0,Uttar Pradesh,v8EzhiynNtf,49.42971759733844
2020-03-01,35,1.0,Uttar Pradesh,v8EzhiynNtf,0.0
2020-03-01,48,1.0,Uttar Pradesh,v8EzhiynNtf,0.006377140346813601
2020-03-01,49,1.0,Uttar Pradesh,v8EzhiynNtf,0.0002806434902376622
2020-03-01,50,1.0,Uttar Pradesh,v8EzhiynNtf,0.4505798394290812
2020-03-01,51,1.0,Uttar Pradesh,v8EzhiynNtf,0.6766976836270046
2020-03-01,52,1.0,Uttar Pradesh,v8EzhiynNtf,1.623171445289643
2020-04-01,1,1.0,Uttar Pradesh,v8EzhiynNtf,100.0
2020-04-01,2,1.0,Uttar Pradesh,v8EzhiynNtf,0.0
2020-04-01,5,1.0,Uttar Pradesh,v8EzhiynNtf,32.29166666666667
2020-04-01,6,1.0,Uttar Pradesh,v8EzhiynNtf,2.083333333333333
2020-04-01,9,1.0,Uttar Pradesh,v8EzhiynNtf,38.693247453355276
2020-04-01,10,1.0,Uttar Pradesh,v8EzhiynNtf,41.23289109812021
2020-04-01,11,1.0,Uttar Pradesh,v8EzhiynNtf,52.35936570168376
2020-04-01,14,1.0,Uttar Pradesh,v8EzhiynNtf,100.0
2020-04-01,16,1.0,Uttar Pradesh,v8EzhiynNtf,5.694507648685546
2020-04-01,17,1.0,Uttar Pradesh,v8EzhiynNtf,99.81662591687042
2020-04-01,18,1.0,Uttar Pradesh,v8EzhiynNtf,16.003865366781227
2020-04-01,19,1.0,Uttar Pradesh,v8EzhiynNtf,7.313173444560306
2020-04-01,20,1.0,Uttar Pradesh,v8EzhiynNtf,23.825567963034267
2020-04-01,21,1.0,Uttar Pradesh,v8EzhiynNtf,2.9098260230335704
2020-04-01,22,1.0,Uttar Pradesh,v8EzhiynNtf,0.0
2020-04-01,28,1.0,Uttar Pradesh,v8EzhiynNtf,0.0
2020-04-01,30,1.0,Uttar Pradesh,v8EzhiynNtf,0.0
2020-04-01,32,1.0,Uttar Pradesh,v8EzhiynNtf,100.0
2020-04-01,35,1.0,Uttar Pradesh,v8EzhiynNtf,0.0
2020-04-01,48,1.0,Uttar Pradesh,v8EzhiynNtf,0.0
2020-04-01,49,1.0,Uttar Pradesh,v8EzhiynNtf,0.0
2020-04-01,50,1.0,Uttar Pradesh,v8EzhiynNtf,0.5185758513931888
2020-04-01,51,1.0,Uttar Pradesh,v8EzhiynNtf,0.6716417910447762
2020-04-01,52,1.0,Uttar Pradesh,v8EzhiynNtf,3.515555555555556
2020-05-01,1,1.0,Uttar Pradesh,v8EzhiynNtf,100.0
2020-05-01,2,1.0,Uttar Pradesh,v8EzhiynNtf,0.0
2020-05-01,5,1.0,Uttar Pradesh,v8EzhiynNtf,27.56410256410257
2020-05-01,6,1.0,Uttar Pradesh,v8EzhiynNtf,34.615384615384606
2020-05-01,9,1.0,Uttar Pradesh,v8EzhiynNtf,40.04639871805604
2020-05-01,10,1.0,Uttar Pradesh,v8EzhiynNtf,41.48858567618957
2020-05-01,11,1.0,Uttar Pradesh,v8EzhiynNtf,48.92553484089305
2020-05-01,14,1.0,Uttar Pradesh,v8EzhiynNtf,68.39170015582712
2020-05-01,16,1.0,Uttar Pradesh,v8EzhiynNtf,5.4661994905707765
2020-05-01,17,1.0,Uttar Pradesh,v8EzhiynNtf,100.0
2020-05-01,18,1.0,Uttar Pradesh,v8EzhiynNtf,15.489705006877012
2020-05-01,19,1.0,Uttar Pradesh,v8EzhiynNtf,2.5451480076516546
2020-05-01,20,1.0,Uttar Pradesh,v8EzhiynNtf,26.854453918180408
2020-05-01,21,1.0,Uttar Pradesh,v8EzhiynNtf,3.3256400750989563
2020-05-01,22,1.0,Uttar Pradesh,v8EzhiynNtf,0.0
2020-05-01,28,1.0,Uttar Pradesh,v8EzhiynNtf,0.0
2020-05-01,30,1.0,Uttar Pradesh,v8EzhiynNtf,0.0
2020-05-01,32,1.0,Uttar Pradesh,v8EzhiynNtf,25.51449351555841
2020-05-01,35,1.0,Uttar Pradesh,v8EzhiynNtf,0.0
2020-05-01,48,1.0,Uttar Pradesh,v8EzhiynNtf,0.0
2020-05-01,49,1.0,Uttar Pradesh,v8EzhiynNtf,0.0
2020-05-01,50,1.0,Uttar Pradesh,v8EzhiynNtf,0.6666666666666666
2020-05-01,51,1.0,Uttar Pradesh,v8EzhiynNtf,0.6221864951768489
2020-05-01,52,1.0,Uttar Pradesh,v8EzhiynNtf,2.1550387596899223
2020-06-01,1,1.0,Uttar Pradesh,v8EzhiynNtf,100.0
2020-06-01,2,1.0,Uttar Pradesh,v8EzhiynNtf,0.0
2020-06-01,5,1.0,Uttar Pradesh,v8EzhiynNtf,21.484375
2020-06-01,6,1.0,Uttar Pradesh,v8EzhiynNtf,34.375
2020-06-01,9,1.0,Uttar Pradesh,v8EzhiynNtf,36.80617622584522
2020-06-01,10,1.0,Uttar Pradesh,v8EzhiynNtf,38.00865000359561
2020-06-01,11,1.0,Uttar Pradesh,v8EzhiynNtf,46.100820825756884
2020-06-01,14,1.0,Uttar Pradesh,v8EzhiynNtf,62.056395411171856
2020-06-01,16,1.0,Uttar Pradesh,v8EzhiynNtf,5.3862195785948375
2020-06-01,17,1.0,Uttar Pradesh,v8EzhiynNtf,98.72340425531915
2020-06-01,18,1.0,Uttar Pradesh,v8EzhiynNtf,13.90972123956417
2020-06-01,19,1.0,Uttar Pradesh,v8EzhiynNtf,3.312139583025284
2020-06-01,20,1.0,Uttar Pradesh,v8EzhiynNtf,33.264503138451424
2020-06-01,21,1.0,Uttar Pradesh,v8EzhiynNtf,3.079380733709331
2020-06-01,22,1.0,Uttar Pradesh,v8EzhiynNtf,0.0
2020-06-01,28,1.0,Uttar Pradesh,v8EzhiynNtf,0.0
2020-06-01,30,1.0,Uttar Pradesh,v8EzhiynNtf,0.0
2020-06-01,32,1.0,Uttar Pradesh,v8EzhiynNtf,21.57368152173192
2020-06-01,35,1.0,Uttar Pradesh,v8EzhiynNtf,0.0
2020-06-01,48,1.0,Uttar Pradesh,v8EzhiynNtf,0.0
2020-06-01,49,1.0,Uttar Pradesh,v8EzhiynNtf,0.0
2020-06-01,50,1.0,Uttar Pradesh,v8EzhiynNtf,0.5625
2020-06-01,51,1.0,Uttar Pradesh,v8EzhiynNtf,0.6503014642549526
2020-06-01,52,1.0,Uttar Pradesh,v8EzhiynNtf,1.8476821192052981
2020-07-01,1,1.0,Uttar Pradesh,v8EzhiynNtf,100.0
2020-07-01,2,1.0,Uttar Pradesh,v8EzhiynNtf,0.0
2020-07-01,5,1.0,Uttar Pradesh,v8EzhiynNtf,16.76300578034682
2020-07-01,6,1.0,Uttar Pradesh,v8EzhiynNtf,31.50289017341041
2020-07-01,9,1.0,Uttar Pradesh,v8EzhiynNtf,33.02497727184595
2020-07-01,10,1.0,Uttar Pradesh,v8EzhiynNtf,35.06426358626573
2020-07-01,11,1.0,Uttar Pradesh,v8EzhiynNtf,45.32661757672637
2020-07-01,14,1.0,Uttar Pradesh,v8EzhiynNtf,64.4971418869206
2020-07-01,16,1.0,Uttar Pradesh,v8EzhiynNtf,4.210417465563077
2020-07-01,17,1.0,Uttar Pradesh,v8EzhiynNtf,74.58866544789763
2020-07-01,18,1.0,Uttar Pradesh,v8EzhiynNtf,14.715853197124481
2020-07-01,19,1.0,Uttar Pradesh,v8EzhiynNtf,0.0
2020-07-01,20,1.0,Uttar Pradesh,v8EzhiynNtf,28.75940902490833
2020-07-01,21,1.0,Uttar Pradesh,v8EzhiynNtf,2.95616805477162
2020-07-01,22,1.0,Uttar Pradesh,v8EzhiynNtf,0.0
2020-07-01,28,1.0,Uttar Pradesh,v8EzhiynNtf,0.0
2020-07-01,30,1.0,Uttar Pradesh,v8EzhiynNtf,0.0
2020-07-01,32,1.0,Uttar Pradesh,v8EzhiynNtf,29.29385929685648
2020-07-01,35,1.0,Uttar Pradesh,v8EzhiynNtf,0.0
2020-07-01,48,1.0,Uttar Pradesh,v8EzhiynNtf,0.0049270366089252254
2020-07-01,49,1.0,Uttar Pradesh,v8EzhiynNtf,0.00020904608701415904
2020-07-01,50,1.0,Uttar Pradesh,v8EzhiynNtf,0.3628646580583453
2020-07-01,51,1.0,Uttar Pradesh,v8EzhiynNtf,0.6945634266886326
2020-07-01,52,1.0,Uttar Pradesh,v8EzhiynNtf,1.601518026565465
2020-08-01,1,1.0,Uttar Pradesh,v8EzhiynNtf,100.0
2020-08-01,2,1.0,Uttar Pradesh,v8EzhiynNtf,0.0
2020-08-01,5,1.0,Uttar Pradesh,v8EzhiynNtf,9.060402684563758
2020-08-01,6,1.0,Uttar Pradesh,v8EzhiynNtf,19.798657718120804
2020-08-01,9,1.0,Uttar Pradesh,v8EzhiynNtf,31.548637967835326
2020-08-01,10,1.0,Uttar Pradesh,v8EzhiynNtf,34.16633205829934
2020-08-01,11,1.0,Uttar Pradesh,v8EzhiynNtf,43.981276020203296
2020-08-01,14,1.0,Uttar Pradesh,v8EzhiynNtf,65.62195051948797
2020-08-01,16,1.0,Uttar Pradesh,v8EzhiynNtf,3.7081651486013367
2020-08-01,17,1.0,Uttar Pradesh,v8EzhiynNtf,94.13067552602436
2020-08-01,18,1.0,Uttar Pradesh,v8EzhiynNtf,14.500115446779034
2020-08-01,19,1.0,Uttar Pradesh,v8EzhiynNtf,0.0
2020-08-01,20,1.0,Uttar Pradesh,v8EzhiynNtf,28.58788224603225
2020-08-01,21,1.0,Uttar Pradesh,v8EzhiynNtf,2.649746049860169
2020-08-01,22,1.0,Uttar Pradesh,v8EzhiynNtf,0.0
2020-08-01,28,1.0,Uttar Pradesh,v8EzhiynNtf,0.0
2020-08-01,30,1.0,Uttar Pradesh,v8EzhiynNtf,0.0
2020-08-01,32,1.0,Uttar Pradesh,v8EzhiynNtf,43.27197934895359
2020-08-01,35,1.0,Uttar Pradesh,v8EzhiynNtf,0.0
2020-08-01,48,1.0,Uttar Pradesh,v8EzhiynNtf,0.005469714769577026
2020-08-01,49,1.0,Uttar Pradesh,v8EzhiynNtf,0.00036017995056363385
2020-08-01,50,1.0,Uttar Pradesh,v8EzhiynNtf,0.32305778269283936
2020-08-01,51,1.0,Uttar Pradesh,v8EzhiynNtf,0.6337184424475824
2020-08-01,52,1.0,Uttar Pradesh,v8EzhiynNtf,1.2542201215395004
2020-09-01,1,1.0,Uttar Pradesh,v8EzhiynNtf,100.0
2020-09-01,2,1.0,Uttar Pradesh,v8EzhiynNtf,0.0
2020-09-01,5,1.0,Uttar Pradesh,v8EzhiynNtf,12.061068702290076
2020-09-01,6,1.0,Uttar Pradesh,v8EzhiynNtf,26.87022900763359
2020-09-01,9,1.0,Uttar Pradesh,v8EzhiynNtf,31.88830939581161
2020-09-01,10,1.0,Uttar Pradesh,v8EzhiynNtf,34.110888229158306
2020-09-01,11,1.0,Uttar Pradesh,v8EzhiynNtf,44.64639332423975
2020-09-01,14,1.0,Uttar Pradesh,v8EzhiynNtf,56.98691775685359
2020-09-01,16,1.0,Uttar Pradesh,v8EzhiynNtf,3.710824039155901
2020-09-01,17,1.0,Uttar Pradesh,v8EzhiynNtf,96.11650485436894
2020-09-01,18,1.0,Uttar Pradesh,v8EzhiynNtf,14.353067268689944
2020-09-01,19,1.0,Uttar Pradesh,v8EzhiynNtf,0.0
2020-09-01,20,1.0,Uttar Pradesh,v8EzhiynNtf,28.52988846987082
2020-09-01,21,1.0,Uttar Pradesh,v8EzhiynNtf,2.2052475326967818
2020-09-01,22,1.0,Uttar Pradesh,v8EzhiynNtf,0.0
2020-09-01,28,1.0,Uttar Pradesh,v8EzhiynNtf,0.0
2020-09-01,30,1.0,Uttar Pradesh,v8EzhiynNtf,0.0
2020-09-01,32,1.0,Uttar Pradesh,v8EzhiynNtf,35.64024439393207
2020-09-01,35,1.0,Uttar Pradesh,v8EzhiynNtf,0.0
2020-09-01,48,1.0,Uttar Pradesh,v8EzhiynNtf,0.002556186728485368
2020-09-01,49,1.0,Uttar Pradesh,v8EzhiynNtf,0.00014997255469668115
2020-09-01,50,1.0,Uttar Pradesh,v8EzhiynNtf,0.32503342245989303
2020-09-01,51,1.0,Uttar Pradesh,v8EzhiynNtf,0.7799485861182519
2020-09-01,52,1.0,Uttar Pradesh,v8EzhiynNtf,1.4970336189848386
2020-10-01,1,1.0,Uttar Pradesh,v8EzhiynNtf,100.0
2020-10-01,2,1.0,Uttar Pradesh,v8EzhiynNtf,0.0
2020-10-01,5,1.0,Uttar Pradesh,v8EzhiynNtf,7.947019867549669
2020-10-01,6,1.0,Uttar Pradesh,v8EzhiynNtf,30.132450331125828
2020-10-01,9,1.0,Uttar Pradesh,v8EzhiynNtf,33.03258058356911
2020-10-01,10,1.0,Uttar Pradesh,v8EzhiynNtf,37.16929058686709
2020-10-01,11,1.0,Uttar Pradesh,v8EzhiynNtf,46.733089166999356
2020-10-01,14,1.0,Uttar Pradesh,v8EzhiynNtf,69.44260119442602
2020-10-01,16,1.0,Uttar Pradesh,v8EzhiynNtf,4.100605787089272
2020-10-01,17,1.0,Uttar Pradesh,v8EzhiynNtf,100.0
2020-10-01,18,1.0,Uttar Pradesh,v8EzhiynNtf,15.84386256665787
2020-10-01,19,1.0,Uttar Pradesh,v8EzhiynNtf,2.354005167958656
2020-10-01,20,1.0,Uttar Pradesh,v8EzhiynNtf,23.751366926455017
2020-10-01,21,1.0,Uttar Pradesh,v8EzhiynNtf,4.084289458610336
2020-10-01,22,1.0,Uttar Pradesh,v8EzhiynNtf,0.0
2020-10-01,28,1.0,Uttar Pradesh,v8EzhiynNtf,0.0
2020-10-01,30,1.0,Uttar Pradesh,v8EzhiynNtf,0.0
2020-10-01,32,1.0,Uttar Pradesh,v8EzhiynNtf,38.311663266053905
2020-10-01,35,1.0,Uttar Pradesh,v8EzhiynNtf,0.0
2020-10-01,48,1.0,Uttar Pradesh,v8EzhiynNtf,0.005575058743780909
2020-10-01,49,1.0,Uttar Pradesh,v8EzhiynNtf,0.0003724213080200228
2020-10-01,50,1.0,Uttar Pradesh,v8EzhiynNtf,0.3384790925565474
2020-10-01,51,1.0,Uttar Pradesh,v8EzhiynNtf,0.5601824310926036
2020-10-01,52,1.0,Uttar Pradesh,v8EzhiynNtf,1.5178761061946902
2020-11-01,1,1.0,Uttar Pradesh,v8EzhiynNtf,100.0
2020-11-01,2,1.0,Uttar Pradesh,v8EzhiynNtf,0.0
2020-11-01,5,1.0,Uttar Pradesh,v8EzhiynNtf,12.287334593572776
2020-11-01,6,1.0,Uttar Pradesh,v8EzhiynNtf,32.136105860113425
2020-11-01,9,1.0,Uttar Pradesh,v8EzhiynNtf,35.42529188075942
2020-11-01,10,1.0,Uttar Pradesh,v8EzhiynNtf,41.11635164866062
2020-11-01,11,1.0,Uttar Pradesh,v8EzhiynNtf,49.18814623208474
2020-11-01,14,1.0,Uttar Pradesh,v8EzhiynNtf,82.02377195750499
2020-11-01,16,1.0,Uttar Pradesh,v8EzhiynNtf,4.448677486697548
2020-11-01,17,1.0,Uttar Pradesh,v8EzhiynNtf,89.87626546681665
2020-11-01,18,1.0,Uttar Pradesh,v8EzhiynNtf,15.866859551542664
2020-11-01,19,1.0,Uttar Pradesh,v8EzhiynNtf,0.6696857417318512
2020-11-01,20,1.0,Uttar Pradesh,v8EzhiynNtf,41.18207314415852
2020-11-01,21,1.0,Uttar Pradesh,v8EzhiynNtf,3.522601868318022
2020-11-01,22,1.0,Uttar Pradesh,v8EzhiynNtf,0.0
2020-11-01,28,1.0,Uttar Pradesh,v8EzhiynNtf,0.0
2020-11-01,30,1.0,Uttar Pradesh,v8EzhiynNtf,0.0
2020-11-01,32,1.0,Uttar Pradesh,v8EzhiynNtf,39.17054191106022
2020-11-01,35,1.0,Uttar Pradesh,v8EzhiynNtf,0.0
2020-11-01,48,1.0,Uttar Pradesh,v8EzhiynNtf,0.005690482936408392
2020-11-01,49,1.0,Uttar Pradesh,v8EzhiynNtf,0.0004013421385038919
2020-11-01,50,1.0,Uttar Pradesh,v8EzhiynNtf,0.38882660687593423
2020-11-01,51,1.0,Uttar Pradesh,v8EzhiynNtf,0.4710876181323082
2020-11-01,52,1.0,Uttar Pradesh,v8EzhiynNtf,1.180210812648759
2020-12-01,1,1.0,Uttar Pradesh,v8EzhiynNtf,100.0
2020-12-01,2,1.0,Uttar Pradesh,v8EzhiynNtf,0.0
2020-12-01,5,1.0,Uttar Pradesh,v8EzhiynNtf,10.666666666666668
2020-12-01,6,1.0,Uttar Pradesh,v8EzhiynNtf,41.111111111111114
2020-12-01,9,1.0,Uttar Pradesh,v8EzhiynNtf,35.45848244845553
2020-12-01,10,1.0,Uttar Pradesh,v8EzhiynNtf,40.12399757396051
2020-12-01,11,1.0,Uttar Pradesh,v8EzhiynNtf,47.0492053301932
2020-12-01,14,1.0,Uttar Pradesh,v8EzhiynNtf,57.09655407710679
2020-12-01,16,1.0,Uttar Pradesh,v8EzhiynNtf,4.316505935639016
2020-12-01,17,1.0,Uttar Pradesh,v8EzhiynNtf,96.84106614017769
2020-12-01,18,1.0,Uttar Pradesh,v8EzhiynNtf,15.368666784123228
2020-12-01,19,1.0,Uttar Pradesh,v8EzhiynNtf,2.3802181165718133
2020-12-01,20,1.0,Uttar Pradesh,v8EzhiynNtf,26.80596294969515
2020-12-01,21,1.0,Uttar Pradesh,v8EzhiynNtf,4.716944325231165
2020-12-01,22,1.0,Uttar Pradesh,v8EzhiynNtf,0.0
2020-12-01,28,1.0,Uttar Pradesh,v8EzhiynNtf,0.0
2020-12-01,30,1.0,Uttar Pradesh,v8EzhiynNtf,0.0
2020-12-01,32,1.0,Uttar Pradesh,v8EzhiynNtf,36.509107783360655
2020-12-01,35,1.0,Uttar Pradesh,v8EzhiynNtf,0.0
2020-12-01,48,1.0,Uttar Pradesh,v8EzhiynNtf,0.007641181166566878
2020-12-01,49,1.0,Uttar Pradesh,v8EzhiynNtf,0.0004714899808379072
2020-12-01,50,1.0,Uttar Pradesh,v8EzhiynNtf,0.4344114528101803
2020-12-01,51,1.0,Uttar Pradesh,v8EzhiynNtf,0.4732088368119126
2020-12-01,52,1.0,Uttar Pradesh,v8EzhiynNtf,1.6401857106009798
2021-01-01,1,1.0,Uttar Pradesh,v8EzhiynNtf,100.0
2021-01-01,2,1.0,Uttar Pradesh,v8EzhiynNtf,0.0
2021-01-01,5,1.0,Uttar Pradesh,v8EzhiynNtf,12.06225680933852
2021-01-01,6,1.0,Uttar Pradesh,v8EzhiynNtf,100.0
2021-01-01,9,1.0,Uttar Pradesh,v8EzhiynNtf,35.121491575699636
2021-01-01,10,1.0,Uttar Pradesh,v8EzhiynNtf,39.669219072629616
2021-01-01,11,1.0,Uttar Pradesh,v8EzhiynNtf,45.65212214810304
2021-01-01,14,1.0,Uttar Pradesh,v8EzhiynNtf,57.95348837209302
2021-01-01,16,1.0,Uttar Pradesh,v8EzhiynNtf,4.305186566021819
2021-01-01,17,1.0,Uttar Pradesh,v8EzhiynNtf,73.33333333333333
2021-01-01,18,1.0,Uttar Pradesh,v8EzhiynNtf,15.468174252774231
2021-01-01,19,1.0,Uttar Pradesh,v8EzhiynNtf,4.082792450572788
2021-01-01,20,1.0,Uttar Pradesh,v8EzhiynNtf,24.68372730643499
2021-01-01,21,1.0,Uttar Pradesh,v8EzhiynNtf,3.745947729537949
2021-01-01,22,1.0,Uttar Pradesh,v8EzhiynNtf,0.04592289715652224
2021-01-01,28,1.0,Uttar Pradesh,v8EzhiynNtf,0.0
2021-01-01,30,1.0,Uttar Pradesh,v8EzhiynNtf,0.0
2021-01-01,32,1.0,Uttar Pradesh,v8EzhiynNtf,38.211453645533034
2021-01-01,35,1.0,Uttar Pradesh,v8EzhiynNtf,0.0
2021-01-01,48,1.0,Uttar Pradesh,v8EzhiynNtf,0.008963017345196526
2021-01-01,49,1.0,Uttar Pradesh,v8EzhiynNtf,0.0005436541098057018
2021-01-01,50,1.0,Uttar Pradesh,v8EzhiynNtf,0.4196658097686376
2021-01-01,51,1.0,Uttar Pradesh,v8EzhiynNtf,0.5220958214832639
2021-01-01,52,1.0,Uttar Pradesh,v8EzhiynNtf,1.4885816048606746
2021-02-01,1,1.0,Uttar Pradesh,v8EzhiynNtf,100.0
2021-02-01,2,1.0,Uttar Pradesh,v8EzhiynNtf,0.0
2021-02-01,5,1.0,Uttar Pradesh,v8EzhiynNtf,10.052910052910052
2021-02-01,6,1.0,Uttar Pradesh,v8EzhiynNtf,16.93121693121693
2021-02-01,9,1.0,Uttar Pradesh,v8EzhiynNtf,34.419567649592985
2021-02-01,10,1.0,Uttar Pradesh,v8EzhiynNtf,38.600005143966776
2021-02-01,11,1.0,Uttar Pradesh,v8EzhiynNtf,42.605547768161415
2021-02-01,14,1.0,Uttar Pradesh,v8EzhiynNtf,56.33958103638368
2021-02-01,16,1.0,Uttar Pradesh,v8EzhiynNtf,4.151824179215804
2021-02-01,17,1.0,Uttar Pradesh,v8EzhiynNtf,84.09311348205624
2021-02-01,18,1.0,Uttar Pradesh,v8EzhiynNtf,14.811449209303136
2021-02-01,19,1.0,Uttar Pradesh,v8EzhiynNtf,3.3009269726430026
2021-02-01,20,1.0,Uttar Pradesh,v8EzhiynNtf,24.82799861112897
2021-02-01,21,1.0,Uttar Pradesh,v8EzhiynNtf,3.1950463600005143
2021-02-01,22,1.0,Uttar Pradesh,v8EzhiynNtf,0.0
2021-02-01,28,1.0,Uttar Pradesh,v8EzhiynNtf,0.0
2021-02-01,30,1.0,Uttar Pradesh,v8EzhiynNtf,0.0
2021-02-01,32,1.0,Uttar Pradesh,v8EzhiynNtf,39.17864544049912
2021-02-01,35,1.0,Uttar Pradesh,v8EzhiynNtf,0.0
2021-02-01,48,1.0,Uttar Pradesh,v8EzhiynNtf,0.009595029597878392
2021-02-01,49,1.0,Uttar Pradesh,v8EzhiynNtf,0.0005828359383218124
2021-02-01,50,1.0,Uttar Pradesh,v8EzhiynNtf,0.4190288601524364
2021-02-01,51,1.0,Uttar Pradesh,v8EzhiynNtf,0.5561005518087063
2021-02-01,52,1.0,Uttar Pradesh,v8EzhiynNtf,1.1767732451304669
2021-03-01,1,1.0,Uttar Pradesh,v8EzhiynNtf,100.0
2021-03-01,2,1.0,Uttar Pradesh,v8EzhiynNtf,0.0
2021-03-01,5,1.0,Uttar Pradesh,v8EzhiynNtf,5.2249637155297535
2021-03-01,6,1.0,Uttar Pradesh,v8EzhiynNtf,18.432510885341074
2021-03-01,9,1.0,Uttar Pradesh,v8EzhiynNtf,32.104651693171235
2021-03-01,10,1.0,Uttar Pradesh,v8EzhiynNtf,36.00722290939434
2021-03-01,11,1.0,Uttar Pradesh,v8EzhiynNtf,42.521256872093865
2021-03-01,14,1.0,Uttar Pradesh,v8EzhiynNtf,86.21957462651835
2021-03-01,16,1.0,Uttar Pradesh,v8EzhiynNtf,5.399473575474305
2021-03-01,17,1.0,Uttar Pradesh,v8EzhiynNtf,85.3174603174603
2021-03-01,18,1.0,Uttar Pradesh,v8EzhiynNtf,14.555015329954953
2021-03-01,19,1.0,Uttar Pradesh,v8EzhiynNtf,0.01578083575306148
2021-03-01,20,1.0,Uttar Pradesh,v8EzhiynNtf,32.40220765596199
2021-03-01,21,1.0,Uttar Pradesh,v8EzhiynNtf,3.5078869770299685
2021-03-01,22,1.0,Uttar Pradesh,v8EzhiynNtf,0.0
2021-03-01,28,1.0,Uttar Pradesh,v8EzhiynNtf,0.0
2021-03-01,30,1.0,Uttar Pradesh,v8EzhiynNtf,0.0
2021-03-01,32,1.0,Uttar Pradesh,v8EzhiynNtf,38.05574892678965
2021-03-01,35,1.0,Uttar Pradesh,v8EzhiynNtf,0.0
2021-03-01,48,1.0,Uttar Pradesh,v8EzhiynNtf,0.010160076953577443
2021-03-01,49,1.0,Uttar Pradesh,v8EzhiynNtf,0.0008410616620460557
2021-03-01,50,1.0,Uttar Pradesh,v8EzhiynNtf,0.3864870478620813
2021-03-01,51,1.0,Uttar Pradesh,v8EzhiynNtf,0.5526295585412668
2021-03-01,52,1.0,Uttar Pradesh,v8EzhiynNtf,0.9322033898305084
2021-04-01,1,1.0,Uttar Pradesh,v8EzhiynNtf,100.0
2021-04-01,2,1.0,Uttar Pradesh,v8EzhiynNtf,0.0
2021-04-01,5,1.0,Uttar Pradesh,v8EzhiynNtf,3.9915966386554618
2021-04-01,6,1.0,Uttar Pradesh,v8EzhiynNtf,5.2521008403361344
2021-04-01,9,1.0,Uttar Pradesh,v8EzhiynNtf,33.11987541185563
2021-04-01,10,1.0,Uttar Pradesh,v8EzhiynNtf,39.290010285495136
2021-04-01,11,1.0,Uttar Pradesh,v8EzhiynNtf,41.88172261704835
2021-04-01,14,1.0,Uttar Pradesh,v8EzhiynNtf,51.53393487642213
2021-04-01,16,1.0,Uttar Pradesh,v8EzhiynNtf,4.0996705154950694
2021-04-01,17,1.0,Uttar Pradesh,v8EzhiynNtf,85.27696793002916
2021-04-01,18,1.0,Uttar Pradesh,v8EzhiynNtf,13.81741889264149
2021-04-01,19,1.0,Uttar Pradesh,v8EzhiynNtf,13.756190285628536
2021-04-01,20,1.0,Uttar Pradesh,v8EzhiynNtf,17.757878282496645
2021-04-01,21,1.0,Uttar Pradesh,v8EzhiynNtf,2.4673566277522414
2021-04-01,22,1.0,Uttar Pradesh,v8EzhiynNtf,1.1720815633952597
2021-04-01,28,1.0,Uttar Pradesh,v8EzhiynNtf,0.0
2021-04-01,30,1.0,Uttar Pradesh,v8EzhiynNtf,0.0
2021-04-01,32,1.0,Uttar Pradesh,v8EzhiynNtf,33.381057849496386
2021-04-01,35,1.0,Uttar Pradesh,v8EzhiynNtf,0.0
2021-04-01,48,1.0,Uttar Pradesh,v8EzhiynNtf,0.004549827456119725
2021-04-01,49,1.0,Uttar Pradesh,v8EzhiynNtf,0.00040374753379711007
2021-04-01,50,1.0,Uttar Pradesh,v8EzhiynNtf,0.4499320064284831
2021-04-01,51,1.0,Uttar Pradesh,v8EzhiynNtf,0.5197142464624261
2021-04-01,52,1.0,Uttar Pradesh,v8EzhiynNtf,0.9251916468411314
2021-05-01,1,1.0,Uttar Pradesh,v8EzhiynNtf,58.54417350770981
2021-05-01,2,1.0,Uttar Pradesh,v8EzhiynNtf,0.0
2021-05-01,5,1.0,Uttar Pradesh,v8EzhiynNtf,4.933920704845815
2021-05-01,6,1.0,Uttar Pradesh,v8EzhiynNtf,6.519823788546256
2021-05-01,9,1.0,Uttar Pradesh,v8EzhiynNtf,29.3274918082556
2021-05-01,10,1.0,Uttar Pradesh,v8EzhiynNtf,32.775352532897834
2021-05-01,11,1.0,Uttar Pradesh,v8EzhiynNtf,36.06565957936832
2021-05-01,14,1.0,Uttar Pradesh,v8EzhiynNtf,54.27661977615772
2021-05-01,16,1.0,Uttar Pradesh,v8EzhiynNtf,3.1296127634182347
2021-05-01,17,1.0,Uttar Pradesh,v8EzhiynNtf,97.0873786407767
2021-05-01,18,1.0,Uttar Pradesh,v8EzhiynNtf,13.088176607168775
2021-05-01,19,1.0,Uttar Pradesh,v8EzhiynNtf,0.0
2021-05-01,20,1.0,Uttar Pradesh,v8EzhiynNtf,21.273934026360145
2021-05-01,21,1.0,Uttar Pradesh,v8EzhiynNtf,2.7899040021774857
2021-05-01,22,1.0,Uttar Pradesh,v8EzhiynNtf,0.0
2021-05-01,28,1.0,Uttar Pradesh,v8EzhiynNtf,0.0
2021-05-01,30,1.0,Uttar Pradesh,v8EzhiynNtf,0.0
2021-05-01,32,1.0,Uttar Pradesh,v8EzhiynNtf,31.37595964329525
2021-05-01,35,1.0,Uttar Pradesh,v8EzhiynNtf,0.0
2021-05-01,48,1.0,Uttar Pradesh,v8EzhiynNtf,0.0035771088135740704
2021-05-01,49,1.0,Uttar Pradesh,v8EzhiynNtf,0.00017946275902676592
2021-05-01,50,1.0,Uttar Pradesh,v8EzhiynNtf,0.6841885690446391
2021-05-01,51,1.0,Uttar Pradesh,v8EzhiynNtf,0.5579268292682927
2021-05-01,52,1.0,Uttar Pradesh,v8EzhiynNtf,1.042622950819672
2021-06-01,1,1.0,Uttar Pradesh,v8EzhiynNtf,100.0
2021-06-01,2,1.0,Uttar Pradesh,v8EzhiynNtf,0.0
2021-06-01,5,1.0,Uttar Pradesh,v8EzhiynNtf,4.475524475524477
2021-06-01,6,1.0,Uttar Pradesh,v8EzhiynNtf,12.307692307692307
2021-06-01,9,1.0,Uttar Pradesh,v8EzhiynNtf,30.68871099617805
2021-06-01,10,1.0,Uttar Pradesh,v8EzhiynNtf,35.21705234735982
2021-06-01,11,1.0,Uttar Pradesh,v8EzhiynNtf,37.98558688749025
2021-06-01,14,1.0,Uttar Pradesh,v8EzhiynNtf,78.38410402512966
2021-06-01,16,1.0,Uttar Pradesh,v8EzhiynNtf,3.7610998079519313
2021-06-01,17,1.0,Uttar Pradesh,v8EzhiynNtf,88.4761904761905
2021-06-01,18,1.0,Uttar Pradesh,v8EzhiynNtf,13.13646292709063
2021-06-01,19,1.0,Uttar Pradesh,v8EzhiynNtf,0.0035539128580567205
2021-06-01,20,1.0,Uttar Pradesh,v8EzhiynNtf,23.161757715198412
2021-06-01,21,1.0,Uttar Pradesh,v8EzhiynNtf,3.3598904755566537
2021-06-01,22,1.0,Uttar Pradesh,v8EzhiynNtf,0.009507330151546842
2021-06-01,28,1.0,Uttar Pradesh,v8EzhiynNtf,0.0
2021-06-01,30,1.0,Uttar Pradesh,v8EzhiynNtf,0.0
2021-06-01,32,1.0,Uttar Pradesh,v8EzhiynNtf,30.477664402067
2021-06-01,35,1.0,Uttar Pradesh,v8EzhiynNtf,0.0
2021-06-01,48,1.0,Uttar Pradesh,v8EzhiynNtf,0.00480831210273005
2021-06-01,49,1.0,Uttar Pradesh,v8EzhiynNtf,0.00031153297468100664
2021-06-01,50,1.0,Uttar Pradesh,v8EzhiynNtf,0.6028198349755668
2021-06-01,51,1.0,Uttar Pradesh,v8EzhiynNtf,0.5746179401993355
2021-06-01,52,1.0,Uttar Pradesh,v8EzhiynNtf,0.9380203515263644
2021-07-01,1,1.0,Uttar Pradesh,v8EzhiynNtf,100.0
2021-07-01,2,1.0,Uttar Pradesh,v8EzhiynNtf,0.0
2021-07-01,5,1.0,Uttar Pradesh,v8EzhiynNtf,5.836575875486381
2021-07-01,6,1.0,Uttar Pradesh,v8EzhiynNtf,21.20622568093385
2021-07-01,9,1.0,Uttar Pradesh,v8EzhiynNtf,34.87732094091229
2021-07-01,10,1.0,Uttar Pradesh,v8EzhiynNtf,43.97156834192277
2021-07-01,11,1.0,Uttar Pradesh,v8EzhiynNtf,43.713252208560725
2021-07-01,14,1.0,Uttar Pradesh,v8EzhiynNtf,80.30442057537648
2021-07-01,16,1.0,Uttar Pradesh,v8EzhiynNtf,4.238157344915352
2021-07-01,17,1.0,Uttar Pradesh,v8EzhiynNtf,75.26358475263584
2021-07-01,18,1.0,Uttar Pradesh,v8EzhiynNtf,14.39260859490047
2021-07-01,19,1.0,Uttar Pradesh,v8EzhiynNtf,0.0681956857255662
2021-07-01,20,1.0,Uttar Pradesh,v8EzhiynNtf,23.913658254508924
2021-07-01,21,1.0,Uttar Pradesh,v8EzhiynNtf,5.77961244138292
2021-07-01,22,1.0,Uttar Pradesh,v8EzhiynNtf,0.0
2021-07-01,28,1.0,Uttar Pradesh,v8EzhiynNtf,0.0
2021-07-01,30,1.0,Uttar Pradesh,v8EzhiynNtf,0.0
2021-07-01,32,1.0,Uttar Pradesh,v8EzhiynNtf,32.80884474207838
2021-07-01,35,1.0,Uttar Pradesh,v8EzhiynNtf,0.0
2021-07-01,48,1.0,Uttar Pradesh,v8EzhiynNtf,0.009530083524561871
2021-07-01,49,1.0,Uttar Pradesh,v8EzhiynNtf,0.0008161550004800896
2021-07-01,50,1.0,Uttar Pradesh,v8EzhiynNtf,0.447053787114332
2021-07-01,51,1.0,Uttar Pradesh,v8EzhiynNtf,0.5616963064295486
2021-07-01,52,1.0,Uttar Pradesh,v8EzhiynNtf,1.0146127618119825
2021-08-01,1,1.0,Uttar Pradesh,v8EzhiynNtf,100.0
2021-08-01,2,1.0,Uttar Pradesh,v8EzhiynNtf,0.0
2021-08-01,5,1.0,Uttar Pradesh,v8EzhiynNtf,5.17464424320828
2021-08-01,6,1.0,Uttar Pradesh,v8EzhiynNtf,19.27554980595084
2021-08-01,9,1.0,Uttar Pradesh,v8EzhiynNtf,32.576438334678514
2021-08-01,10,1.0,Uttar Pradesh,v8EzhiynNtf,35.34511209648696
2021-08-01,11,1.0,Uttar Pradesh,v8EzhiynNtf,47.601713551895074
2021-08-01,14,1.0,Uttar Pradesh,v8EzhiynNtf,75.47499127312621
2021-08-01,16,1.0,Uttar Pradesh,v8EzhiynNtf,4.474056549826654
2021-08-01,17,1.0,Uttar Pradesh,v8EzhiynNtf,97.58883248730965
2021-08-01,18,1.0,Uttar Pradesh,v8EzhiynNtf,15.472691848033998
2021-08-01,19,1.0,Uttar Pradesh,v8EzhiynNtf,0.2417243000067145
2021-08-01,20,1.0,Uttar Pradesh,v8EzhiynNtf,23.949861288562268
2021-08-01,21,1.0,Uttar Pradesh,v8EzhiynNtf,6.4865977629717255
2021-08-01,22,1.0,Uttar Pradesh,v8EzhiynNtf,0.008822635615346157
2021-08-01,28,1.0,Uttar Pradesh,v8EzhiynNtf,0.0
2021-08-01,30,1.0,Uttar Pradesh,v8EzhiynNtf,0.0
2021-08-01,32,1.0,Uttar Pradesh,v8EzhiynNtf,43.886565098362496
2021-08-01,35,1.0,Uttar Pradesh,v8EzhiynNtf,0.0
2021-08-01,48,1.0,Uttar Pradesh,v8EzhiynNtf,0.009986292842677442
2021-08-01,49,1.0,Uttar Pradesh,v8EzhiynNtf,0.0009441928673295766
2021-08-01,50,1.0,Uttar Pradesh,v8EzhiynNtf,0.3423037231086767
2021-08-01,51,1.0,Uttar Pradesh,v8EzhiynNtf,0.6001855287569573
2021-08-01,52,1.0,Uttar Pradesh,v8EzhiynNtf,0.9903400309119008
2021-09-01,1,1.0,Uttar Pradesh,v8EzhiynNtf,100.0
2021-09-01,2,1.0,Uttar Pradesh,v8EzhiynNtf,0.0
2021-09-01,5,1.0,Uttar Pradesh,v8EzhiynNtf,0.0012117871886267936
2021-09-01,6,1.0,Uttar Pradesh,v8EzhiynNtf,0.003927088111290535
2021-09-01,9,1.0,Uttar Pradesh,v8EzhiynNtf,34.5939416465341
2021-09-01,10,1.0,Uttar Pradesh,v8EzhiynNtf,39.92527017057774
2021-09-01,11,1.0,Uttar Pradesh,v8EzhiynNtf,47.18228559522
2021-09-01,14,1.0,Uttar Pradesh,v8EzhiynNtf,90.80691337079844
2021-09-01,16,1.0,Uttar Pradesh,v8EzhiynNtf,4.2357227731693445
2021-09-01,17,1.0,Uttar Pradesh,v8EzhiynNtf,97.48251748251751
2021-09-01,18,1.0,Uttar Pradesh,v8EzhiynNtf,15.961397812093141
2021-09-01,19,1.0,Uttar Pradesh,v8EzhiynNtf,0.27838536488367466
2021-09-01,20,1.0,Uttar Pradesh,v8EzhiynNtf,18.04356518164361
2021-09-01,21,1.0,Uttar Pradesh,v8EzhiynNtf,3.5295343323590864
2021-09-01,22,1.0,Uttar Pradesh,v8EzhiynNtf,0.0
2021-09-01,28,1.0,Uttar Pradesh,v8EzhiynNtf,0.0
2021-09-01,30,1.0,Uttar Pradesh,v8EzhiynNtf,0.0
2021-09-01,32,1.0,Uttar Pradesh,v8EzhiynNtf,51.172329396472904
2021-09-01,35,1.0,Uttar Pradesh,v8EzhiynNtf,0.0
2021-09-01,48,1.0,Uttar Pradesh,v8EzhiynNtf,0.007953377866114374
2021-09-01,49,1.0,Uttar Pradesh,v8EzhiynNtf,0.000626362018383642
2021-09-01,50,1.0,Uttar Pradesh,v8EzhiynNtf,0.4086077784040583
2021-09-01,51,1.0,Uttar Pradesh,v8EzhiynNtf,0.704798502315499
2021-09-01,52,1.0,Uttar Pradesh,v8EzhiynNtf,0.8339158395078988
2021-10-01,1,1.0,Uttar Pradesh,v8EzhiynNtf,100.0
2021-10-01,2,1.0,Uttar Pradesh,v8EzhiynNtf,0.0
2021-10-01,5,1.0,Uttar Pradesh,v8EzhiynNtf,7.573415765069552
2021-10-01,6,1.0,Uttar Pradesh,v8EzhiynNtf,20.401854714064914
2021-10-01,9,1.0,Uttar Pradesh,v8EzhiynNtf,34.40805907391237
2021-10-01,10,1.0,Uttar Pradesh,v8EzhiynNtf,40.51443227767415
2021-10-01,11,1.0,Uttar Pradesh,v8EzhiynNtf,47.85668430324365
2021-10-01,14,1.0,Uttar Pradesh,v8EzhiynNtf,90.76727156956385
2021-10-01,16,1.0,Uttar Pradesh,v8EzhiynNtf,4.226693400431431
2021-10-01,17,1.0,Uttar Pradesh,v8EzhiynNtf,87.02439024390246
2021-10-01,18,1.0,Uttar Pradesh,v8EzhiynNtf,17.13062519852815
2021-10-01,19,1.0,Uttar Pradesh,v8EzhiynNtf,0.24863072931680605
2021-10-01,20,1.0,Uttar Pradesh,v8EzhiynNtf,17.58495525948283
2021-10-01,21,1.0,Uttar Pradesh,v8EzhiynNtf,2.8067410465721245
2021-10-01,22,1.0,Uttar Pradesh,v8EzhiynNtf,0.0
2021-10-01,28,1.0,Uttar Pradesh,v8EzhiynNtf,0.0
2021-10-01,30,1.0,Uttar Pradesh,v8EzhiynNtf,0.0
2021-10-01,32,1.0,Uttar Pradesh,v8EzhiynNtf,51.87607769913022
2021-10-01,35,1.0,Uttar Pradesh,v8EzhiynNtf,0.0
2021-10-01,48,1.0,Uttar Pradesh,v8EzhiynNtf,0.007617285140528221
2021-10-01,49,1.0,Uttar Pradesh,v8EzhiynNtf,0.0005959240219189888
2021-10-01,50,1.0,Uttar Pradesh,v8EzhiynNtf,0.4773814057805425
2021-10-01,51,1.0,Uttar Pradesh,v8EzhiynNtf,0.6591614218597642
2021-10-01,52,1.0,Uttar Pradesh,v8EzhiynNtf,0.8297471759010221
2021-11-01,1,1.0,Uttar Pradesh,v8EzhiynNtf,100.0
2021-11-01,2,1.0,Uttar Pradesh,v8EzhiynNtf,0.0
2021-11-01,5,1.0,Uttar Pradesh,v8EzhiynNtf,7.4498567335243555
2021-11-01,6,1.0,Uttar Pradesh,v8EzhiynNtf,20.200573065902574
2021-11-01,9,1.0,Uttar Pradesh,v8EzhiynNtf,34.154715694076764
2021-11-01,10,1.0,Uttar Pradesh,v8EzhiynNtf,39.875915609621416
2021-11-01,11,1.0,Uttar Pradesh,v8EzhiynNtf,46.46213314709846
2021-11-01,14,1.0,Uttar Pradesh,v8EzhiynNtf,86.94677871148458
2021-11-01,16,1.0,Uttar Pradesh,v8EzhiynNtf,4.153903623459096
2021-11-01,17,1.0,Uttar Pradesh,v8EzhiynNtf,98.4709480122324
2021-11-01,18,1.0,Uttar Pradesh,v8EzhiynNtf,16.652212394637267
2021-11-01,19,1.0,Uttar Pradesh,v8EzhiynNtf,0.2101601565330821
2021-11-01,20,1.0,Uttar Pradesh,v8EzhiynNtf,22.86011271540173
2021-11-01,21,1.0,Uttar Pradesh,v8EzhiynNtf,3.6208604700264733
2021-11-01,22,1.0,Uttar Pradesh,v8EzhiynNtf,0.0
2021-11-01,28,1.0,Uttar Pradesh,v8EzhiynNtf,0.0
2021-11-01,30,1.0,Uttar Pradesh,v8EzhiynNtf,0.0
2021-11-01,32,1.0,Uttar Pradesh,v8EzhiynNtf,51.52432496602836
2021-11-01,35,1.0,Uttar Pradesh,v8EzhiynNtf,0.0
2021-11-01,48,1.0,Uttar Pradesh,v8EzhiynNtf,0.007888192555624283
2021-11-01,49,1.0,Uttar Pradesh,v8EzhiynNtf,0.0005366367562285169
2021-11-01,50,1.0,Uttar Pradesh,v8EzhiynNtf,0.6495300751879699
2021-11-01,51,1.0,Uttar Pradesh,v8EzhiynNtf,0.5461582983649255
2021-11-01,52,1.0,Uttar Pradesh,v8EzhiynNtf,0.9758908464697312
2021-12-01,1,1.0,Uttar Pradesh,v8EzhiynNtf,100.0
2021-12-01,2,1.0,Uttar Pradesh,v8EzhiynNtf,0.0
2021-12-01,5,1.0,Uttar Pradesh,v8EzhiynNtf,10.196779964221824
2021-12-01,6,1.0,Uttar Pradesh,v8EzhiynNtf,15.026833631484795
2021-12-01,9,1.0,Uttar Pradesh,v8EzhiynNtf,34.58819940584518
2021-12-01,10,1.0,Uttar Pradesh,v8EzhiynNtf,39.91306065994864
2021-12-01,11,1.0,Uttar Pradesh,v8EzhiynNtf,44.89266042006816
2021-12-01,14,1.0,Uttar Pradesh,v8EzhiynNtf,71.75872708572811
2021-12-01,16,1.0,Uttar Pradesh,v8EzhiynNtf,4.382671755460573
2021-12-01,17,1.0,Uttar Pradesh,v8EzhiynNtf,99.82964224872231
2021-12-01,18,1.0,Uttar Pradesh,v8EzhiynNtf,15.831712216357335
2021-12-01,19,1.0,Uttar Pradesh,v8EzhiynNtf,0.0
2021-12-01,20,1.0,Uttar Pradesh,v8EzhiynNtf,19.83589679593174
2021-12-01,21,1.0,Uttar Pradesh,v8EzhiynNtf,3.3468872735088064
2021-12-01,22,1.0,Uttar Pradesh,v8EzhiynNtf,0.004506425122280112
2021-12-01,28,1.0,Uttar Pradesh,v8EzhiynNtf,0.0
2021-12-01,30,1.0,Uttar Pradesh,v8EzhiynNtf,0.0
2021-12-01,32,1.0,Uttar Pradesh,v8EzhiynNtf,46.59511183698993
2021-12-01,35,1.0,Uttar Pradesh,v8EzhiynNtf,0.0
2021-12-01,48,1.0,Uttar Pradesh,v8EzhiynNtf,0.009267568414797887
2021-12-01,49,1.0,Uttar Pradesh,v8EzhiynNtf,0.0005884847435784149
2021-12-01,50,1.0,Uttar Pradesh,v8EzhiynNtf,0.5845046280425095
2021-12-01,51,1.0,Uttar Pradesh,v8EzhiynNtf,0.5770527859237536
2021-12-01,52,1.0,Uttar Pradesh,v8EzhiynNtf,1.0058442383432855
2022-01-01,1,1.0,Uttar Pradesh,v8EzhiynNtf,100.0
2022-01-01,2,1.0,Uttar Pradesh,v8EzhiynNtf,0.0
2022-01-01,5,1.0,Uttar Pradesh,v8EzhiynNtf,7.615230460921844
2022-01-01,6,1.0,Uttar Pradesh,v8EzhiynNtf,14.629258517034069
2022-01-01,9,1.0,Uttar Pradesh,v8EzhiynNtf,33.779269937096586
2022-01-01,10,1.0,Uttar Pradesh,v8EzhiynNtf,39.57370787901189
2022-01-01,11,1.0,Uttar Pradesh,v8EzhiynNtf,42.43345174781138
2022-01-01,14,1.0,Uttar Pradesh,v8EzhiynNtf,64.02435075448481
2022-01-01,16,1.0,Uttar Pradesh,v8EzhiynNtf,4.302963099858313
2022-01-01,17,1.0,Uttar Pradesh,v8EzhiynNtf,96.53916211293264
2022-01-01,18,1.0,Uttar Pradesh,v8EzhiynNtf,15.134338342593114
2022-01-01,19,1.0,Uttar Pradesh,v8EzhiynNtf,0.0
2022-01-01,20,1.0,Uttar Pradesh,v8EzhiynNtf,18.328918458284566
2022-01-01,21,1.0,Uttar Pradesh,v8EzhiynNtf,4.945686769748866
2022-01-01,22,1.0,Uttar Pradesh,v8EzhiynNtf,0.0
2022-01-01,28,1.0,Uttar Pradesh,v8EzhiynNtf,0.0
2022-01-01,30,1.0,Uttar Pradesh,v8EzhiynNtf,0.0
2022-01-01,32,1.0,Uttar Pradesh,v8EzhiynNtf,45.1796110197996
2022-01-01,35,1.0,Uttar Pradesh,v8EzhiynNtf,0.0
2022-01-01,48,1.0,Uttar Pradesh,v8EzhiynNtf,0.008598428654613993
2022-01-01,49,1.0,Uttar Pradesh,v8EzhiynNtf,0.0006129208815852492
2022-01-01,50,1.0,Uttar Pradesh,v8EzhiynNtf,0.5453610368236989
2022-01-01,51,1.0,Uttar Pradesh,v8EzhiynNtf,0.6404375707280272
2022-01-01,52,1.0,Uttar Pradesh,v8EzhiynNtf,1.0011779950524209
2022-02-01,1,1.0,Uttar Pradesh,v8EzhiynNtf,100.0
2022-02-01,2,1.0,Uttar Pradesh,v8EzhiynNtf,0.0
2022-02-01,5,1.0,Uttar Pradesh,v8EzhiynNtf,10.179640718562874
2022-02-01,6,1.0,Uttar Pradesh,v8EzhiynNtf,12.375249500998006
2022-02-01,9,1.0,Uttar Pradesh,v8EzhiynNtf,35.54596526582952
2022-02-01,10,1.0,Uttar Pradesh,v8EzhiynNtf,41.444944026717614
2022-02-01,11,1.0,Uttar Pradesh,v8EzhiynNtf,43.6632794354826
2022-02-01,14,1.0,Uttar Pradesh,v8EzhiynNtf,69.93086865043583
2022-02-01,16,1.0,Uttar Pradesh,v8EzhiynNtf,3.970570062453065
2022-02-01,17,1.0,Uttar Pradesh,v8EzhiynNtf,94.75524475524477
2022-02-01,18,1.0,Uttar Pradesh,v8EzhiynNtf,16.847780058933644
2022-02-01,19,1.0,Uttar Pradesh,v8EzhiynNtf,0.0
2022-02-01,20,1.0,Uttar Pradesh,v8EzhiynNtf,17.984644974445256
2022-02-01,21,1.0,Uttar Pradesh,v8EzhiynNtf,4.290281593297782
2022-02-01,22,1.0,Uttar Pradesh,v8EzhiynNtf,0.0
2022-02-01,28,1.0,Uttar Pradesh,v8EzhiynNtf,0.0
2022-02-01,30,1.0,Uttar Pradesh,v8EzhiynNtf,0.0
2022-02-01,32,1.0,Uttar Pradesh,v8EzhiynNtf,42.837522583361114
2022-02-01,35,1.0,Uttar Pradesh,v8EzhiynNtf,0.0
2022-02-01,48,1.0,Uttar Pradesh,v8EzhiynNtf,0.009734343832786138
2022-02-01,49,1.0,Uttar Pradesh,v8EzhiynNtf,0.0006044728875374787
2022-02-01,50,1.0,Uttar Pradesh,v8EzhiynNtf,0.5743846474760117
2022-02-01,51,1.0,Uttar Pradesh,v8EzhiynNtf,0.6890615920976176
2022-02-01,52,1.0,Uttar Pradesh,v8EzhiynNtf,0.888268156424581
2022-03-01,1,1.0,Uttar Pradesh,v8EzhiynNtf,100.0
2022-03-01,2,1.0,Uttar Pradesh,v8EzhiynNtf,0.0
2022-03-01,5,1.0,Uttar Pradesh,v8EzhiynNtf,9.724770642201836
2022-03-01,6,1.0,Uttar Pradesh,v8EzhiynNtf,17.431192660550455
2022-03-01,9,1.0,Uttar Pradesh,v8EzhiynNtf,35.48144801159535
2022-03-01,10,1.0,Uttar Pradesh,v8EzhiynNtf,42.95975072324295
2022-03-01,11,1.0,Uttar Pradesh,v8EzhiynNtf,44.758322428453226
2022-03-01,14,1.0,Uttar Pradesh,v8EzhiynNtf,55.114078002834795
2022-03-01,16,1.0,Uttar Pradesh,v8EzhiynNtf,4.50053693086795
2022-03-01,17,1.0,Uttar Pradesh,v8EzhiynNtf,98.19004524886877
2022-03-01,18,1.0,Uttar Pradesh,v8EzhiynNtf,16.079774288729514
2022-03-01,19,1.0,Uttar Pradesh,v8EzhiynNtf,0.0035364430455847506
2022-03-01,20,1.0,Uttar Pradesh,v8EzhiynNtf,18.25066162792745
2022-03-01,21,1.0,Uttar Pradesh,v8EzhiynNtf,3.520858150493213
2022-03-01,22,1.0,Uttar Pradesh,v8EzhiynNtf,0.0
2022-03-01,28,1.0,Uttar Pradesh,v8EzhiynNtf,0.0
2022-03-01,30,1.0,Uttar Pradesh,v8EzhiynNtf,0.0
2022-03-01,32,1.0,Uttar Pradesh,v8EzhiynNtf,41.81636081674851
2022-03-01,35,1.0,Uttar Pradesh,v8EzhiynNtf,0.0
2022-03-01,48,1.0,Uttar Pradesh,v8EzhiynNtf,0.010928247345026636
2022-03-01,49,1.0,Uttar Pradesh,v8EzhiynNtf,0.0008306269490909253
2022-03-01,50,1.0,Uttar Pradesh,v8EzhiynNtf,0.5269901026170379
2022-03-01,51,1.0,Uttar Pradesh,v8EzhiynNtf,0.6763452010600299
2022-03-01,52,1.0,Uttar Pradesh,v8EzhiynNtf,1.0232538330494036
2022-04-01,1,1.0,Uttar Pradesh,v8EzhiynNtf,100.0
2022-04-01,2,1.0,Uttar Pradesh,v8EzhiynNtf,0.0
2022-04-01,5,1.0,Uttar Pradesh,v8EzhiynNtf,6.26865671641791
2022-04-01,6,1.0,Uttar Pradesh,v8EzhiynNtf,10.44776119402985
2022-04-01,9,1.0,Uttar Pradesh,v8EzhiynNtf,36.43306586618946
2022-04-01,10,1.0,Uttar Pradesh,v8EzhiynNtf,45.11920568030941
2022-04-01,11,1.0,Uttar Pradesh,v8EzhiynNtf,41.839750620562256
2022-04-01,14,1.0,Uttar Pradesh,v8EzhiynNtf,67.14874722486522
2022-04-01,16,1.0,Uttar Pradesh,v8EzhiynNtf,4.755527333602725
2022-04-01,17,1.0,Uttar Pradesh,v8EzhiynNtf,93.92265193370164
2022-04-01,18,1.0,Uttar Pradesh,v8EzhiynNtf,15.264264986616581
2022-04-01,19,1.0,Uttar Pradesh,v8EzhiynNtf,3.583593859362605
2022-04-01,20,1.0,Uttar Pradesh,v8EzhiynNtf,15.95162500721584
2022-04-01,21,1.0,Uttar Pradesh,v8EzhiynNtf,3.021416613750505
2022-04-01,22,1.0,Uttar Pradesh,v8EzhiynNtf,0.0
2022-04-01,28,1.0,Uttar Pradesh,v8EzhiynNtf,0.0
2022-04-01,30,1.0,Uttar Pradesh,v8EzhiynNtf,0.0
2022-04-01,32,1.0,Uttar Pradesh,v8EzhiynNtf,31.116192268864303
2022-04-01,35,1.0,Uttar Pradesh,v8EzhiynNtf,0.0
2022-04-01,48,1.0,Uttar Pradesh,v8EzhiynNtf,0.006601800685943957
2022-04-01,49,1.0,Uttar Pradesh,v8EzhiynNtf,0.0005059511113432321
2022-04-01,50,1.0,Uttar Pradesh,v8EzhiynNtf,0.537158335385373
2022-04-01,51,1.0,Uttar Pradesh,v8EzhiynNtf,0.6624186302374622
2022-04-01,52,1.0,Uttar Pradesh,v8EzhiynNtf,0.9735640138408304
2022-05-01,1,1.0,Uttar Pradesh,v8EzhiynNtf,100.0
2022-05-01,2,1.0,Uttar Pradesh,v8EzhiynNtf,0.0
2022-05-01,5,1.0,Uttar Pradesh,v8EzhiynNtf,6.59025787965616
2022-05-01,6,1.0,Uttar Pradesh,v8EzhiynNtf,12.320916905444125
2022-05-01,9,1.0,Uttar Pradesh,v8EzhiynNtf,37.2737159455404
2022-05-01,10,1.0,Uttar Pradesh,v8EzhiynNtf,43.311169541535314
2022-05-01,11,1.0,Uttar Pradesh,v8EzhiynNtf,42.56228117270779
2022-05-01,14,1.0,Uttar Pradesh,v8EzhiynNtf,75.80245690509213
2022-05-01,16,1.0,Uttar Pradesh,v8EzhiynNtf,5.676316864213506
2022-05-01,17,1.0,Uttar Pradesh,v8EzhiynNtf,100.0
2022-05-01,18,1.0,Uttar Pradesh,v8EzhiynNtf,15.25478567859571
2022-05-01,19,1.0,Uttar Pradesh,v8EzhiynNtf,0.0
2022-05-01,20,1.0,Uttar Pradesh,v8EzhiynNtf,18.151365390527847
2022-05-01,21,1.0,Uttar Pradesh,v8EzhiynNtf,3.2722567145276082
2022-05-01,22,1.0,Uttar Pradesh,v8EzhiynNtf,0.0
2022-05-01,28,1.0,Uttar Pradesh,v8EzhiynNtf,0.0
2022-05-01,30,1.0,Uttar Pradesh,v8EzhiynNtf,0.0
2022-05-01,32,1.0,Uttar Pradesh,v8EzhiynNtf,38.75069079048033
2022-05-01,35,1.0,Uttar Pradesh,v8EzhiynNtf,0.0
2022-05-01,48,1.0,Uttar Pradesh,v8EzhiynNtf,0.007794615211700278
2022-05-01,49,1.0,Uttar Pradesh,v8EzhiynNtf,0.0006527155558550093
2022-05-01,50,1.0,Uttar Pradesh,v8EzhiynNtf,0.5162435579309028
2022-05-01,51,1.0,Uttar Pradesh,v8EzhiynNtf,0.6286326998447089
2022-05-01,52,1.0,Uttar Pradesh,v8EzhiynNtf,0.8474297141512763
2022-06-01,1,1.0,Uttar Pradesh,v8EzhiynNtf,100.0
2022-06-01,2,1.0,Uttar Pradesh,v8EzhiynNtf,0.0
2022-06-01,5,1.0,Uttar Pradesh,v8EzhiynNtf,10.425531914893618
2022-06-01,6,1.0,Uttar Pradesh,v8EzhiynNtf,21.27659574468085
2022-06-01,9,1.0,Uttar Pradesh,v8EzhiynNtf,38.20474684207218
2022-06-01,10,1.0,Uttar Pradesh,v8EzhiynNtf,45.35308041980016
2022-06-01,11,1.0,Uttar Pradesh,v8EzhiynNtf,44.76108678802606
2022-06-01,14,1.0,Uttar Pradesh,v8EzhiynNtf,81.69672979173227
2022-06-01,16,1.0,Uttar Pradesh,v8EzhiynNtf,5.755284161132875
2022-06-01,17,1.0,Uttar Pradesh,v8EzhiynNtf,96.398891966759
2022-06-01,18,1.0,Uttar Pradesh,v8EzhiynNtf,16.559247155652386
2022-06-01,19,1.0,Uttar Pradesh,v8EzhiynNtf,0.0
2022-06-01,20,1.0,Uttar Pradesh,v8EzhiynNtf,16.58545782097744
2022-06-01,21,1.0,Uttar Pradesh,v8EzhiynNtf,3.14766323815908
2022-06-01,22,1.0,Uttar Pradesh,v8EzhiynNtf,0.0
2022-06-01,28,1.0,Uttar Pradesh,v8EzhiynNtf,0.0
2022-06-01,30,1.0,Uttar Pradesh,v8EzhiynNtf,0.0
2022-06-01,32,1.0,Uttar Pradesh,v8EzhiynNtf,40.08193680151738
2022-06-01,35,1.0,Uttar Pradesh,v8EzhiynNtf,0.0
2022-06-01,48,1.0,Uttar Pradesh,v8EzhiynNtf,0.008571080728185538
2022-06-01,49,1.0,Uttar Pradesh,v8EzhiynNtf,0.0007268203874302258
2022-06-01,50,1.0,Uttar Pradesh,v8EzhiynNtf,0.5069423017587165
2022-06-01,51,1.0,Uttar Pradesh,v8EzhiynNtf,0.6191925339825523
2022-06-01,52,1.0,Uttar Pradesh,v8EzhiynNtf,1.0466360856269112
2022-07-01,1,1.0,Uttar Pradesh,v8EzhiynNtf,100.0
2022-07-01,2,1.0,Uttar Pradesh,v8EzhiynNtf,0.0
2022-07-01,5,1.0,Uttar Pradesh,v8EzhiynNtf,5.753424657534247
2022-07-01,6,1.0,Uttar Pradesh,v8EzhiynNtf,12.876712328767125
2022-07-01,9,1.0,Uttar Pradesh,v8EzhiynNtf,37.97681972821804
2022-07-01,10,1.0,Uttar Pradesh,v8EzhiynNtf,44.64028293001711
2022-07-01,11,1.0,Uttar Pradesh,v8EzhiynNtf,44.699098544986256
2022-07-01,14,1.0,Uttar Pradesh,v8EzhiynNtf,77.26605912424984
2022-07-01,16,1.0,Uttar Pradesh,v8EzhiynNtf,5.436408018913257
2022-07-01,17,1.0,Uttar Pradesh,v8EzhiynNtf,96.875
2022-07-01,18,1.0,Uttar Pradesh,v8EzhiynNtf,16.419379621626813
2022-07-01,19,1.0,Uttar Pradesh,v8EzhiynNtf,2.479242193895451
2022-07-01,20,1.0,Uttar Pradesh,v8EzhiynNtf,16.449920233724793
2022-07-01,21,1.0,Uttar Pradesh,v8EzhiynNtf,3.528168066580814
2022-07-01,22,1.0,Uttar Pradesh,v8EzhiynNtf,0.0
2022-07-01,28,1.0,Uttar Pradesh,v8EzhiynNtf,0.0
2022-07-01,30,1.0,Uttar Pradesh,v8EzhiynNtf,0.0
2022-07-01,32,1.0,Uttar Pradesh,v8EzhiynNtf,41.240915796950986
2022-07-01,35,1.0,Uttar Pradesh,v8EzhiynNtf,0.0
2022-07-01,48,1.0,Uttar Pradesh,v8EzhiynNtf,0.012257207629279293
2022-07-01,49,1.0,Uttar Pradesh,v8EzhiynNtf,0.0010005647316418359
2022-07-01,50,1.0,Uttar Pradesh,v8EzhiynNtf,0.4948574274685593
2022-07-01,51,1.0,Uttar Pradesh,v8EzhiynNtf,0.5961451361280258
2022-07-01,52,1.0,Uttar Pradesh,v8EzhiynNtf,1.0263380043896675
2022-08-01,1,1.0,Uttar Pradesh,v8EzhiynNtf,100.0
2022-08-01,2,1.0,Uttar Pradesh,v8EzhiynNtf,0.0
2022-08-01,5,1.0,Uttar Pradesh,v8EzhiynNtf,8.472012102874432
2022-08-01,6,1.0,Uttar Pradesh,v8EzhiynNtf,16.338880484114974
2022-08-01,9,1.0,Uttar Pradesh,v8EzhiynNtf,40.22301403279582
2022-08-01,10,1.0,Uttar Pradesh,v8EzhiynNtf,42.22933544666269
2022-08-01,11,1.0,Uttar Pradesh,v8EzhiynNtf,49.76364351188283
2022-08-01,14,1.0,Uttar Pradesh,v8EzhiynNtf,73.57952294159601
2022-08-01,16,1.0,Uttar Pradesh,v8EzhiynNtf,5.1020187042030285
2022-08-01,17,1.0,Uttar Pradesh,v8EzhiynNtf,82.56018790369936
2022-08-01,18,1.0,Uttar Pradesh,v8EzhiynNtf,17.511550873601458
2022-08-01,19,1.0,Uttar Pradesh,v8EzhiynNtf,0.0
2022-08-01,20,1.0,Uttar Pradesh,v8EzhiynNtf,16.25581604128422
2022-08-01,21,1.0,Uttar Pradesh,v8EzhiynNtf,3.677378811190328
2022-08-01,22,1.0,Uttar Pradesh,v8EzhiynNtf,0.003714836748403394
2022-08-01,28,1.0,Uttar Pradesh,v8EzhiynNtf,0.0
2022-08-01,30,1.0,Uttar Pradesh,v8EzhiynNtf,0.0
2022-08-01,32,1.0,Uttar Pradesh,v8EzhiynNtf,44.640491378253145
2022-08-01,35,1.0,Uttar Pradesh,v8EzhiynNtf,0.0
2022-08-01,48,1.0,Uttar Pradesh,v8EzhiynNtf,0.010858123027442677
2022-08-01,49,1.0,Uttar Pradesh,v8EzhiynNtf,0.000855594351647011
2022-08-01,50,1.0,Uttar Pradesh,v8EzhiynNtf,0.5639980196289717
2022-08-01,51,1.0,Uttar Pradesh,v8EzhiynNtf,0.6011566663224207
2022-08-01,52,1.0,Uttar Pradesh,v8EzhiynNtf,1.1479986256656929
2022-09-01,1,1.0,Uttar Pradesh,v8EzhiynNtf,100.0
2022-09-01,2,1.0,Uttar Pradesh,v8EzhiynNtf,0.0
2022-09-01,5,1.0,Uttar Pradesh,v8EzhiynNtf,14.17910447761194
2022-09-01,6,1.0,Uttar Pradesh,v8EzhiynNtf,27.98507462686567
2022-09-01,9,1.0,Uttar Pradesh,v8EzhiynNtf,36.8906271825674
2022-09-01,10,1.0,Uttar Pradesh,v8EzhiynNtf,41.51010383200634
2022-09-01,11,1.0,Uttar Pradesh,v8EzhiynNtf,47.81917865623691
2022-09-01,14,1.0,Uttar Pradesh,v8EzhiynNtf,80.53529898695257
2022-09-01,16,1.0,Uttar Pradesh,v8EzhiynNtf,5.159589328118453
2022-09-01,17,1.0,Uttar Pradesh,v8EzhiynNtf,80.43087971274686
2022-09-01,18,1.0,Uttar Pradesh,v8EzhiynNtf,17.052823217584535
2022-09-01,19,1.0,Uttar Pradesh,v8EzhiynNtf,0.0
2022-09-01,20,1.0,Uttar Pradesh,v8EzhiynNtf,15.859407738510964
2022-09-01,21,1.0,Uttar Pradesh,v8EzhiynNtf,3.3992759696419426
2022-09-01,22,1.0,Uttar Pradesh,v8EzhiynNtf,0.0
2022-09-01,28,1.0,Uttar Pradesh,v8EzhiynNtf,0.0
2022-09-01,30,1.0,Uttar Pradesh,v8EzhiynNtf,0.0
2022-09-01,32,1.0,Uttar Pradesh,v8EzhiynNtf,49.14879759095253
2022-09-01,35,1.0,Uttar Pradesh,v8EzhiynNtf,0.0
2022-09-01,48,1.0,Uttar Pradesh,v8EzhiynNtf,0.010923518340256427
2022-09-01,49,1.0,Uttar Pradesh,v8EzhiynNtf,0.0008669816778171099
2022-09-01,50,1.0,Uttar Pradesh,v8EzhiynNtf,0.5798988331321492
2022-09-01,51,1.0,Uttar Pradesh,v8EzhiynNtf,0.6115874510581355
2022-09-01,52,1.0,Uttar Pradesh,v8EzhiynNtf,1.0841166936790925
2022-10-01,1,1.0,Uttar Pradesh,v8EzhiynNtf,100.0
2022-10-01,2,1.0,Uttar Pradesh,v8EzhiynNtf,0.0
2022-10-01,5,1.0,Uttar Pradesh,v8EzhiynNtf,10.906515580736544
2022-10-01,6,1.0,Uttar Pradesh,v8EzhiynNtf,14.44759206798867
2022-10-01,9,1.0,Uttar Pradesh,v8EzhiynNtf,36.481576921363896
2022-10-01,10,1.0,Uttar Pradesh,v8EzhiynNtf,41.61751512722136
2022-10-01,11,1.0,Uttar Pradesh,v8EzhiynNtf,46.34687943397788
2022-10-01,14,1.0,Uttar Pradesh,v8EzhiynNtf,83.74818313953489
2022-10-01,16,1.0,Uttar Pradesh,v8EzhiynNtf,4.890339575101644
2022-10-01,17,1.0,Uttar Pradesh,v8EzhiynNtf,81.10119047619048
2022-10-01,18,1.0,Uttar Pradesh,v8EzhiynNtf,17.093639190521763
2022-10-01,19,1.0,Uttar Pradesh,v8EzhiynNtf,0.0
2022-10-01,20,1.0,Uttar Pradesh,v8EzhiynNtf,14.959883436090276
2022-10-01,21,1.0,Uttar Pradesh,v8EzhiynNtf,2.7209910477390293
2022-10-01,22,1.0,Uttar Pradesh,v8EzhiynNtf,0.0
2022-10-01,28,1.0,Uttar Pradesh,v8EzhiynNtf,0.0
2022-10-01,30,1.0,Uttar Pradesh,v8EzhiynNtf,0.0
2022-10-01,32,1.0,Uttar Pradesh,v8EzhiynNtf,46.56629368740936
2022-10-01,35,1.0,Uttar Pradesh,v8EzhiynNtf,0.0
2022-10-01,48,1.0,Uttar Pradesh,v8EzhiynNtf,0.011164205176925993
2022-10-01,49,1.0,Uttar Pradesh,v8EzhiynNtf,0.0008084254053888117
2022-10-01,50,1.0,Uttar Pradesh,v8EzhiynNtf,0.6587966958451485
2022-10-01,51,1.0,Uttar Pradesh,v8EzhiynNtf,0.6177598951997755
2022-10-01,52,1.0,Uttar Pradesh,v8EzhiynNtf,1.2476522265980006
2022-11-01,1,1.0,Uttar Pradesh,v8EzhiynNtf,100.0
2022-11-01,2,1.0,Uttar Pradesh,v8EzhiynNtf,0.0
2022-11-01,5,1.0,Uttar Pradesh,v8EzhiynNtf,8.225108225108226
2022-11-01,6,1.0,Uttar Pradesh,v8EzhiynNtf,15.44011544011544
2022-11-01,9,1.0,Uttar Pradesh,v8EzhiynNtf,38.16697459219606
2022-11-01,10,1.0,Uttar Pradesh,v8EzhiynNtf,43.80722282754592
2022-11-01,11,1.0,Uttar Pradesh,v8EzhiynNtf,47.24998815671041
2022-11-01,14,1.0,Uttar Pradesh,v8EzhiynNtf,87.60330578512396
2022-11-01,16,1.0,Uttar Pradesh,v8EzhiynNtf,4.684889541585738
2022-11-01,17,1.0,Uttar Pradesh,v8EzhiynNtf,73.55889724310777
2022-11-01,18,1.0,Uttar Pradesh,v8EzhiynNtf,17.43675749589486
2022-11-01,19,1.0,Uttar Pradesh,v8EzhiynNtf,0.0
2022-11-01,20,1.0,Uttar Pradesh,v8EzhiynNtf,17.895368484216842
2022-11-01,21,1.0,Uttar Pradesh,v8EzhiynNtf,3.774061616687985
2022-11-01,22,1.0,Uttar Pradesh,v8EzhiynNtf,0.0003158210557897895
2022-11-01,28,1.0,Uttar Pradesh,v8EzhiynNtf,0.0
2022-11-01,30,1.0,Uttar Pradesh,v8EzhiynNtf,0.0
2022-11-01,32,1.0,Uttar Pradesh,v8EzhiynNtf,48.42120361820579
2022-11-01,35,1.0,Uttar Pradesh,v8EzhiynNtf,0.0
2022-11-01,48,1.0,Uttar Pradesh,v8EzhiynNtf,0.011464833702511943
2022-11-01,49,1.0,Uttar Pradesh,v8EzhiynNtf,0.0008797893050631291
2022-11-01,50,1.0,Uttar Pradesh,v8EzhiynNtf,0.6451512405120653
2022-11-01,51,1.0,Uttar Pradesh,v8EzhiynNtf,0.6244786865095043
2022-11-01,52,1.0,Uttar Pradesh,v8EzhiynNtf,1.15493848857645
2022-12-01,1,1.0,Uttar Pradesh,v8EzhiynNtf,100.0
2022-12-01,2,1.0,Uttar Pradesh,v8EzhiynNtf,0.0
2022-12-01,5,1.0,Uttar Pradesh,v8EzhiynNtf,10.569105691056912
2022-12-01,6,1.0,Uttar Pradesh,v8EzhiynNtf,19.715447154471548
2022-12-01,9,1.0,Uttar Pradesh,v8EzhiynNtf,37.51637797861396
2022-12-01,10,1.0,Uttar Pradesh,v8EzhiynNtf,44.28739456938064
2022-12-01,11,1.0,Uttar Pradesh,v8EzhiynNtf,45.28532030467229
2022-12-01,14,1.0,Uttar Pradesh,v8EzhiynNtf,70.28207807009214
2022-12-01,16,1.0,Uttar Pradesh,v8EzhiynNtf,4.675640626099545
2022-12-01,17,1.0,Uttar Pradesh,v8EzhiynNtf,74.95049504950495
2022-12-01,18,1.0,Uttar Pradesh,v8EzhiynNtf,17.381841466080118
2022-12-01,19,1.0,Uttar Pradesh,v8EzhiynNtf,5.897558259762984
2022-12-01,20,1.0,Uttar Pradesh,v8EzhiynNtf,15.354920430669631
2022-12-01,21,1.0,Uttar Pradesh,v8EzhiynNtf,2.728378554984769
2022-12-01,22,1.0,Uttar Pradesh,v8EzhiynNtf,0.0
2022-12-01,28,1.0,Uttar Pradesh,v8EzhiynNtf,0.0
2022-12-01,30,1.0,Uttar Pradesh,v8EzhiynNtf,0.0
2022-12-01,32,1.0,Uttar Pradesh,v8EzhiynNtf,47.19414619317997
2022-12-01,35,1.0,Uttar Pradesh,v8EzhiynNtf,0.0
2022-12-01,48,1.0,Uttar Pradesh,v8EzhiynNtf,0.012432023435333207
2022-12-01,49,1.0,Uttar Pradesh,v8EzhiynNtf,0.0008950139358944868
2022-12-01,50,1.0,Uttar Pradesh,v8EzhiynNtf,0.6513265959520032
2022-12-01,51,1.0,Uttar Pradesh,v8EzhiynNtf,0.6399230604830092
2022-12-01,52,1.0,Uttar Pradesh,v8EzhiynNtf,0.997060984570169
2023-01-01,1,1.0,Uttar Pradesh,v8EzhiynNtf,100.0
2023-01-01,2,1.0,Uttar Pradesh,v8EzhiynNtf,0.0
2023-01-01,5,1.0,Uttar Pradesh,v8EzhiynNtf,13.192612137203168
2023-01-01,6,1.0,Uttar Pradesh,v8EzhiynNtf,16.094986807387862
2023-01-01,9,1.0,Uttar Pradesh,v8EzhiynNtf,38.10096153846153
2023-01-01,10,1.0,Uttar Pradesh,v8EzhiynNtf,43.0922519509476
2023-01-01,11,1.0,Uttar Pradesh,v8EzhiynNtf,43.838489409141594
2023-01-01,14,1.0,Uttar Pradesh,v8EzhiynNtf,59.462427193736275
2023-01-01,16,1.0,Uttar Pradesh,v8EzhiynNtf,4.611204013377926
2023-01-01,17,1.0,Uttar Pradesh,v8EzhiynNtf,82.6086956521739
2023-01-01,18,1.0,Uttar Pradesh,v8EzhiynNtf,16.406280013830372
2023-01-01,19,1.0,Uttar Pradesh,v8EzhiynNtf,0.0
2023-01-01,20,1.0,Uttar Pradesh,v8EzhiynNtf,13.07378762541806
2023-01-01,21,1.0,Uttar Pradesh,v8EzhiynNtf,14.365245261984393
2023-01-01,22,1.0,Uttar Pradesh,v8EzhiynNtf,0.0
2023-01-01,28,1.0,Uttar Pradesh,v8EzhiynNtf,0.0
2023-01-01,30,1.0,Uttar Pradesh,v8EzhiynNtf,0.0
2023-01-01,32,1.0,Uttar Pradesh,v8EzhiynNtf,38.779744349468615
2023-01-01,35,1.0,Uttar Pradesh,v8EzhiynNtf,0.0
2023-01-01,48,1.0,Uttar Pradesh,v8EzhiynNtf,0.011423729691023551
2023-01-01,49,1.0,Uttar Pradesh,v8EzhiynNtf,0.0008569149824719898
2023-01-01,50,1.0,Uttar Pradesh,v8EzhiynNtf,0.6646990404187264
2023-01-01,51,1.0,Uttar Pradesh,v8EzhiynNtf,0.6890940111115972
2023-01-01,52,1.0,Uttar Pradesh,v8EzhiynNtf,1.02431437277806
2023-02-01,1,1.0,Uttar Pradesh,v8EzhiynNtf,100.0
2023-02-01,2,1.0,Uttar Pradesh,v8EzhiynNtf,0.0
2023-02-01,5,1.0,Uttar Pradesh,v8EzhiynNtf,7.598039215686274
2023-02-01,6,1.0,Uttar Pradesh,v8EzhiynNtf,13.970588235294118
2023-02-01,9,1.0,Uttar Pradesh,v8EzhiynNtf,38.56673979572386
2023-02-01,10,1.0,Uttar Pradesh,v8EzhiynNtf,39.51880387202761
2023-02-01,11,1.0,Uttar Pradesh,v8EzhiynNtf,45.242278992551924
2023-02-01,14,1.0,Uttar Pradesh,v8EzhiynNtf,46.71411197693798
2023-02-01,16,1.0,Uttar Pradesh,v8EzhiynNtf,4.35204536081045
2023-02-01,17,1.0,Uttar Pradesh,v8EzhiynNtf,69.52380952380952
2023-02-01,18,1.0,Uttar Pradesh,v8EzhiynNtf,17.46300616830196
2023-02-01,19,1.0,Uttar Pradesh,v8EzhiynNtf,0.0
2023-02-01,20,1.0,Uttar Pradesh,v8EzhiynNtf,18.133926683787877
2023-02-01,21,1.0,Uttar Pradesh,v8EzhiynNtf,2.7813302556744337
2023-02-01,22,1.0,Uttar Pradesh,v8EzhiynNtf,0.0
2023-02-01,28,1.0,Uttar Pradesh,v8EzhiynNtf,0.0
2023-02-01,30,1.0,Uttar Pradesh,v8EzhiynNtf,0.0
2023-02-01,32,1.0,Uttar Pradesh,v8EzhiynNtf,43.37007245486922
2023-02-01,35,1.0,Uttar Pradesh,v8EzhiynNtf,0.0
2023-02-01,48,1.0,Uttar Pradesh,v8EzhiynNtf,0.01180824755213186
2023-02-01,49,1.0,Uttar Pradesh,v8EzhiynNtf,0.0008555445165215401
2023-02-01,50,1.0,Uttar Pradesh,v8EzhiynNtf,0.7176933158584534
2023-02-01,51,1.0,Uttar Pradesh,v8EzhiynNtf,0.6596461326191055
2023-02-01,52,1.0,Uttar Pradesh,v8EzhiynNtf,0.9701630267609966
