,date,district_id,indicator_id,perc_point
0,202503,ClbehnmwSec,indicator_1,100.0
1,202503,dScWdMRN8PL,indicator_1,100.0
2,202503,gmw76vAUMqz,indicator_1,100.0
3,202503,MVQs2RrS1Nw,indicator_1,100.0
4,202503,LeuBT7KfuuA,indicator_1,100.0
5,202503,hgquAmZaNBu,indicator_1,100.0
6,202503,uCYjHW7FuGG,indicator_1,100.0
7,202503,FKYZ3JbWq84,indicator_1,100.0
8,202503,AdiUcz9BXhx,indicator_1,91.64328774021617
9,202503,YQNQoPjAIpV,indicator_1,100.0
10,202503,IU006h5U7jj,indicator_1,97.26520559196516
11,202503,PeUY1vj02UQ,indicator_1,94.602573884843
12,202503,UAicdMLyuk4,indicator_1,100.0
13,202503,YzHpzrN0eLv,indicator_1,100.0
14,202503,Bd6E8zkVvVt,indicator_1,100.0
15,202503,Pm0jLk6EAiE,indicator_1,100.0
16,202503,uEEwlAGZXWW,indicator_1,100.0
17,202503,IhQbDYRiF8w,indicator_1,100.0
18,202503,NNk3JP90QZ5,indicator_1,100.0
19,202503,NL5xiiHZQSC,indicator_1,99.58942927045022
20,202503,k3D0AumUCiC,indicator_1,100.0
21,202503,QVMRMhzVrrS,indicator_1,96.83312976627188
22,202503,Tf9b9qcbghH,indicator_1,100.0
23,202503,Mq751wBMqGF,indicator_1,100.0
24,202503,fagfcadhxej,indicator_1,86.878763817697
25,202503,vR85cHdsw1w,indicator_1,100.0
26,202503,xUeHwd9FQkg,indicator_1,96.28659248336916
27,202503,iE0E3nLioFr,indicator_1,100.0
28,202503,AcnMkNGgc3S,indicator_1,100.0
29,202503,uS0pNSxN3sS,indicator_1,100.0
30,202503,y8WarEkWCul,indicator_1,100.0
31,202503,DggJGxqbWHn,indicator_1,95.47419685904303
32,202503,i2fSZZ3QAJJ,indicator_1,95.17419552534433
33,202503,VSI7HobT5qL,indicator_1,99.93174522161877
34,202503,oyTwneTbWDx,indicator_1,100.0
35,202503,J1P16zQEOUT,indicator_1,100.0
36,202503,fe1yBApr2sl,indicator_1,100.0
37,202503,cP0p8qfm3il,indicator_1,100.0
38,202503,sUQMxIc3yXj,indicator_1,91.57765841174026
39,202503,eA37kyBRRuZ,indicator_1,100.0
40,202503,vVqY3DPcpHf,indicator_1,100.0
41,202503,NjckKfm3g0k,indicator_1,100.0
42,202503,c96jwckSd6j,indicator_1,98.93748911680447
43,202503,GaiLSoQq1ue,indicator_1,100.0
44,202503,oNDvGBE5fLq,indicator_1,100.0
45,202503,CBSB9v92AwT,indicator_1,100.0
46,202503,frD2HOp3wAs,indicator_1,100.0
47,202503,ZLcx4iOVyN5,indicator_1,100.0
48,202503,m1IAjmqkoFC,indicator_1,100.0
49,202503,hITp09XOBLZ,indicator_1,100.0
50,202503,HJIS3IrQ0Nj,indicator_1,100.0
51,202503,ogBt4gWCiem,indicator_1,100.0
52,202503,bNmwkrQeP3e,indicator_1,100.0
53,202503,M5NHlfAaKYI,indicator_1,100.0
54,202503,CZ8kLjgqvSH,indicator_1,100.0
55,202503,v8YGmR7nOdj,indicator_1,87.543135132358
56,202503,MTIkUw5q5pX,indicator_1,100.0
57,202503,d9ZuMopgX29,indicator_1,100.0
58,202503,StsLkYw1G0m,indicator_1,95.72698392512393
59,202503,MfHac5N78aK,indicator_1,100.0
60,202503,lLvTDpBDY8u,indicator_1,100.0
61,202503,XxaOowFtkiJ,indicator_1,100.0
62,202503,aT03mfdlNiF,indicator_1,100.0
63,202503,ibLiLcaKzw2,indicator_1,97.7618221101617
64,202503,jM27ji8tyrM,indicator_1,96.00992863384306
65,202503,b4XkXzoGqFY,indicator_1,87.09866967348296
66,202503,tzH6nJu9SwS,indicator_1,100.0
67,202503,o4ZQTVcMI7U,indicator_1,100.0
68,202503,PAj0oVY0Dxu,indicator_1,100.0
69,202503,fz7bJo3egPX,indicator_1,100.0
70,202503,tXgaew1Pd2Y,indicator_1,100.0
71,202503,N5WWbRtsjWp,indicator_1,100.0
72,202503,eJTsuE56XDF,indicator_1,100.0
73,202503,XBLhrSWGytu,indicator_1,100.0
74,202503,KP2BUB1npih,indicator_1,100.0
0,202503,HJIS3IrQ0Nj,indicator_2,72.59891567176295
1,202503,Pm0jLk6EAiE,indicator_2,72.33405494073179
2,202503,MfHac5N78aK,indicator_2,90.8737772145904
3,202503,tzH6nJu9SwS,indicator_2,58.2646317145589
4,202503,PeUY1vj02UQ,indicator_2,78.0140161933795
5,202503,M5NHlfAaKYI,indicator_2,66.01418271799088
6,202503,Tf9b9qcbghH,indicator_2,58.87725760106154
7,202503,GaiLSoQq1ue,indicator_2,55.91583659400554
8,202503,CBSB9v92AwT,indicator_2,77.99125951309975
9,202503,Bd6E8zkVvVt,indicator_2,64.31966005985524
10,202503,IhQbDYRiF8w,indicator_2,71.43589437050952
11,202503,xUeHwd9FQkg,indicator_2,55.17719285551842
12,202503,QVMRMhzVrrS,indicator_2,57.46840699052497
13,202503,eJTsuE56XDF,indicator_2,62.309885421551115
14,202503,YQNQoPjAIpV,indicator_2,59.70289690869029
15,202503,DggJGxqbWHn,indicator_2,59.19314259912783
16,202503,lLvTDpBDY8u,indicator_2,59.3658476058549
17,202503,oNDvGBE5fLq,indicator_2,53.56091782391943
18,202503,vR85cHdsw1w,indicator_2,62.25756304119302
19,202503,v8YGmR7nOdj,indicator_2,77.31244078102384
20,202503,vVqY3DPcpHf,indicator_2,62.93269843712809
21,202503,oyTwneTbWDx,indicator_2,66.86136662297493
22,202503,LeuBT7KfuuA,indicator_2,81.9936718481681
23,202503,Mq751wBMqGF,indicator_2,59.26660370748411
24,202503,ogBt4gWCiem,indicator_2,66.04006416206907
25,202503,J1P16zQEOUT,indicator_2,51.339676848352255
26,202503,c96jwckSd6j,indicator_2,65.61990544960744
27,202503,NNk3JP90QZ5,indicator_2,68.57723824518739
28,202503,IU006h5U7jj,indicator_2,64.49935914513402
29,202503,FKYZ3JbWq84,indicator_2,60.66498231722501
30,202503,uEEwlAGZXWW,indicator_2,58.41107599945595
31,202503,N5WWbRtsjWp,indicator_2,84.7368541675358
32,202503,b4XkXzoGqFY,indicator_2,65.83722096291909
33,202503,ClbehnmwSec,indicator_2,78.38702183095289
34,202503,sUQMxIc3yXj,indicator_2,57.8331709608665
35,202503,VSI7HobT5qL,indicator_2,63.05612029379789
36,202503,ZLcx4iOVyN5,indicator_2,61.91265400118946
37,202503,cP0p8qfm3il,indicator_2,39.99270577155076
38,202503,MVQs2RrS1Nw,indicator_2,75.93582574670212
39,202503,bNmwkrQeP3e,indicator_2,94.7401400227621
40,202503,fz7bJo3egPX,indicator_2,65.03663468846081
41,202503,UAicdMLyuk4,indicator_2,85.93665362200042
42,202503,ibLiLcaKzw2,indicator_2,64.4429113921372
43,202503,o4ZQTVcMI7U,indicator_2,68.49495851207482
44,202503,iE0E3nLioFr,indicator_2,68.90906436819236
45,202503,tXgaew1Pd2Y,indicator_2,69.3292525241894
46,202503,uS0pNSxN3sS,indicator_2,55.405287755829356
47,202503,d9ZuMopgX29,indicator_2,69.55082728209821
48,202503,StsLkYw1G0m,indicator_2,62.408582098241915
49,202503,uCYjHW7FuGG,indicator_2,73.88577798570066
50,202503,XxaOowFtkiJ,indicator_2,67.52508645251211
51,202503,jM27ji8tyrM,indicator_2,74.9012734794863
52,202503,CZ8kLjgqvSH,indicator_2,75.07795457483262
53,202503,NjckKfm3g0k,indicator_2,75.40253148688997
54,202503,eA37kyBRRuZ,indicator_2,64.83198069172221
55,202503,fe1yBApr2sl,indicator_2,52.48958470036099
56,202503,fagfcadhxej,indicator_2,58.851920072252604
57,202503,frD2HOp3wAs,indicator_2,80.18729699009286
58,202503,AcnMkNGgc3S,indicator_2,54.52057302309489
59,202503,k3D0AumUCiC,indicator_2,61.856404174629745
60,202503,gmw76vAUMqz,indicator_2,52.67170794102537
61,202503,YzHpzrN0eLv,indicator_2,73.71835722812821
62,202503,y8WarEkWCul,indicator_2,61.76833808946601
63,202503,aT03mfdlNiF,indicator_2,59.5196663994924
64,202503,m1IAjmqkoFC,indicator_2,81.77837578823528
65,202503,KP2BUB1npih,indicator_2,78.89625290283422
66,202503,dScWdMRN8PL,indicator_2,59.374823056198686
67,202503,PAj0oVY0Dxu,indicator_2,71.98782654157749
68,202503,NL5xiiHZQSC,indicator_2,60.51805449168267
69,202503,hITp09XOBLZ,indicator_2,67.92056142576364
70,202503,AdiUcz9BXhx,indicator_2,66.63577391291196
71,202503,hgquAmZaNBu,indicator_2,74.55365836999161
72,202503,XBLhrSWGytu,indicator_2,63.20979452583625
73,202503,MTIkUw5q5pX,indicator_2,57.01927073191172
74,202503,i2fSZZ3QAJJ,indicator_2,74.6327484299805
0,202503,ClbehnmwSec,indicator_31,4.62962962962963
1,202503,dScWdMRN8PL,indicator_31,3.475375480265456
2,202503,gmw76vAUMqz,indicator_31,3.332710978342046
3,202503,LeuBT7KfuuA,indicator_31,21.787180296810863
4,202503,MVQs2RrS1Nw,indicator_31,2.394879911912463
5,202503,FKYZ3JbWq84,indicator_31,2.615685027927887
6,202503,AdiUcz9BXhx,indicator_31,2.5396379963519014
7,202503,hgquAmZaNBu,indicator_31,2.557286892758937
8,202503,uCYjHW7FuGG,indicator_31,0.9025717111770524
9,202503,YQNQoPjAIpV,indicator_31,3.5211267605633805
10,202503,IU006h5U7jj,indicator_31,4.104883974197872
11,202503,YzHpzrN0eLv,indicator_31,1.2385687649826866
12,202503,PeUY1vj02UQ,indicator_31,4.834558823529412
13,202503,UAicdMLyuk4,indicator_31,1.2771520514883348
14,202503,NNk3JP90QZ5,indicator_31,2.067688509412612
15,202503,Bd6E8zkVvVt,indicator_31,0.2735807996020643
16,202503,Pm0jLk6EAiE,indicator_31,1.1519078473722102
17,202503,uEEwlAGZXWW,indicator_31,0.8227934176526588
18,202503,IhQbDYRiF8w,indicator_31,0.007644091117566121
19,202503,k3D0AumUCiC,indicator_31,0.9120886830842629
20,202503,QVMRMhzVrrS,indicator_31,5.208275862068965
21,202503,NL5xiiHZQSC,indicator_31,1.2132746520756512
22,202503,Mq751wBMqGF,indicator_31,4.220321458783721
23,202503,fagfcadhxej,indicator_31,0.573901589989651
24,202503,Tf9b9qcbghH,indicator_31,2.0480422104970843
25,202503,vR85cHdsw1w,indicator_31,5.624573378839591
26,202503,xUeHwd9FQkg,indicator_31,2.129725979882067
27,202503,AcnMkNGgc3S,indicator_31,1.8069548261293467
28,202503,iE0E3nLioFr,indicator_31,1.1098488158699642
29,202503,uS0pNSxN3sS,indicator_31,0.7526029877772747
30,202503,y8WarEkWCul,indicator_31,0.9423955613577024
31,202503,oyTwneTbWDx,indicator_31,1.365015166835187
32,202503,DggJGxqbWHn,indicator_31,0.33966609096142775
33,202503,i2fSZZ3QAJJ,indicator_31,1.157065484982767
34,202503,VSI7HobT5qL,indicator_31,0.9889735136978516
35,202503,sUQMxIc3yXj,indicator_31,0.04596292324191818
36,202503,J1P16zQEOUT,indicator_31,2.1419934358265675
37,202503,fe1yBApr2sl,indicator_31,11.60404406216991
38,202503,cP0p8qfm3il,indicator_31,3.5106250776686965
39,202503,vVqY3DPcpHf,indicator_31,2.8713880195065142
40,202503,eA37kyBRRuZ,indicator_31,0.36714089031665903
41,202503,c96jwckSd6j,indicator_31,1.1523495959293626
42,202503,GaiLSoQq1ue,indicator_31,0.9493896780641017
43,202503,NjckKfm3g0k,indicator_31,1.4914289250572437
44,202503,oNDvGBE5fLq,indicator_31,1.7655860349127181
45,202503,CBSB9v92AwT,indicator_31,4.563320870482217
46,202503,frD2HOp3wAs,indicator_31,1.897569577551177
47,202503,ZLcx4iOVyN5,indicator_31,0.28362442155545603
48,202503,m1IAjmqkoFC,indicator_31,3.5350183989865473
49,202503,hITp09XOBLZ,indicator_31,1.3820422535211268
50,202503,HJIS3IrQ0Nj,indicator_31,0.8183306055646482
51,202503,ogBt4gWCiem,indicator_31,0.8868722285242858
52,202503,bNmwkrQeP3e,indicator_31,2.1059431524547803
53,202503,M5NHlfAaKYI,indicator_31,9.19080919080919
54,202503,CZ8kLjgqvSH,indicator_31,1.5550618851158362
55,202503,v8YGmR7nOdj,indicator_31,8.411088573360379
56,202503,MTIkUw5q5pX,indicator_31,0.32447466007416564
57,202503,d9ZuMopgX29,indicator_31,1.0847160671957128
58,202503,MfHac5N78aK,indicator_31,12.941579410901264
59,202503,lLvTDpBDY8u,indicator_31,1.379583746283449
60,202503,XxaOowFtkiJ,indicator_31,1.629595846197025
61,202503,aT03mfdlNiF,indicator_31,1.332565964228794
62,202503,jM27ji8tyrM,indicator_31,2.7414330218068534
63,202503,StsLkYw1G0m,indicator_31,2.3799221116399827
64,202503,b4XkXzoGqFY,indicator_31,1.2933428548758232
65,202503,tzH6nJu9SwS,indicator_31,1.4469524954365345
66,202503,o4ZQTVcMI7U,indicator_31,1.6100068115672796
67,202503,ibLiLcaKzw2,indicator_31,0.9368863955119214
68,202503,PAj0oVY0Dxu,indicator_31,2.7213529011565747
69,202503,fz7bJo3egPX,indicator_31,4.4135071090047395
70,202503,tXgaew1Pd2Y,indicator_31,3.7644598392261948
71,202503,N5WWbRtsjWp,indicator_31,1.3277428371767994
72,202503,eJTsuE56XDF,indicator_31,1.514895057549086
73,202503,XBLhrSWGytu,indicator_31,0.8092572984419906
74,202503,KP2BUB1npih,indicator_31,2.6779843385737343
0,202503,N5WWbRtsjWp,indicator_32,35.60379454747458
1,202503,eJTsuE56XDF,indicator_32,7.271180030257186
2,202503,XBLhrSWGytu,indicator_32,18.469542597008452
3,202503,KP2BUB1npih,indicator_32,13.26710816777042
4,202503,frD2HOp3wAs,indicator_32,26.7813478615246
5,202503,ZLcx4iOVyN5,indicator_32,20.958083832335326
6,202503,m1IAjmqkoFC,indicator_32,7.421875
7,202503,hITp09XOBLZ,indicator_32,28.61975642760487
8,202503,jM27ji8tyrM,indicator_32,46.03372891942536
9,202503,StsLkYw1G0m,indicator_32,33.33333333333333
10,202503,b4XkXzoGqFY,indicator_32,49.307075127644055
11,202503,tzH6nJu9SwS,indicator_32,57.69105160026127
12,202503,o4ZQTVcMI7U,indicator_32,31.780011827321115
13,202503,NjckKfm3g0k,indicator_32,37.72486772486772
14,202503,oNDvGBE5fLq,indicator_32,16.15551425030979
15,202503,CBSB9v92AwT,indicator_32,25.01015022330491
16,202503,eA37kyBRRuZ,indicator_32,18.156332453825858
17,202503,vVqY3DPcpHf,indicator_32,32.97669086740543
18,202503,c96jwckSd6j,indicator_32,45.891217329879915
19,202503,GaiLSoQq1ue,indicator_32,17.89701716380603
20,202503,J1P16zQEOUT,indicator_32,57.39227340267459
21,202503,fe1yBApr2sl,indicator_32,56.75190668461193
22,202503,cP0p8qfm3il,indicator_32,25.056689342403626
23,202503,DggJGxqbWHn,indicator_32,19.741235392320533
24,202503,i2fSZZ3QAJJ,indicator_32,6.280788177339902
25,202503,VSI7HobT5qL,indicator_32,13.99644760213144
26,202503,sUQMxIc3yXj,indicator_32,14.522594752186588
27,202503,iE0E3nLioFr,indicator_32,25.248105858499624
28,202503,uS0pNSxN3sS,indicator_32,37.09175738724728
29,202503,y8WarEkWCul,indicator_32,33.72470474480282
30,202503,oyTwneTbWDx,indicator_32,24.57547169811321
31,202503,Tf9b9qcbghH,indicator_32,28.77164056059357
32,202503,vR85cHdsw1w,indicator_32,51.757489974050486
33,202503,xUeHwd9FQkg,indicator_32,27.445805843543823
34,202503,AcnMkNGgc3S,indicator_32,29.640427599611275
35,202503,NL5xiiHZQSC,indicator_32,19.65480803099683
36,202503,Mq751wBMqGF,indicator_32,36.270795585570745
37,202503,fagfcadhxej,indicator_32,9.006622516556291
38,202503,Bd6E8zkVvVt,indicator_32,5.575467941059339
39,202503,Pm0jLk6EAiE,indicator_32,34.01360544217687
40,202503,uEEwlAGZXWW,indicator_32,4.1993539455468385
41,202503,IhQbDYRiF8w,indicator_32,16.361185983827493
42,202503,k3D0AumUCiC,indicator_32,15.898111550285462
43,202503,QVMRMhzVrrS,indicator_32,45.49293071460559
44,202503,MTIkUw5q5pX,indicator_32,21.455497382198953
45,202503,d9ZuMopgX29,indicator_32,13.497696426347902
46,202503,MfHac5N78aK,indicator_32,58.67578291058524
47,202503,lLvTDpBDY8u,indicator_32,41.02695763799743
48,202503,XxaOowFtkiJ,indicator_32,13.958608542492293
49,202503,aT03mfdlNiF,indicator_32,29.956753160345972
50,202503,HJIS3IrQ0Nj,indicator_32,28.838174273858918
51,202503,ogBt4gWCiem,indicator_32,9.450692041522492
52,202503,bNmwkrQeP3e,indicator_32,26.125127067738656
53,202503,M5NHlfAaKYI,indicator_32,31.27413127413127
54,202503,CZ8kLjgqvSH,indicator_32,3.3076574535568644
55,202503,v8YGmR7nOdj,indicator_32,46.2190897144905
56,202503,PeUY1vj02UQ,indicator_32,6.002034587995931
57,202503,UAicdMLyuk4,indicator_32,51.06774668630338
58,202503,NNk3JP90QZ5,indicator_32,40.28108623153883
59,202503,hgquAmZaNBu,indicator_32,40.61318773624528
60,202503,uCYjHW7FuGG,indicator_32,44.48286702294876
61,202503,YQNQoPjAIpV,indicator_32,36.76625659050966
62,202503,IU006h5U7jj,indicator_32,21.894171779141107
63,202503,YzHpzrN0eLv,indicator_32,4.059040590405904
64,202503,ibLiLcaKzw2,indicator_32,19.96307408262174
65,202503,PAj0oVY0Dxu,indicator_32,16.560509554140125
66,202503,fz7bJo3egPX,indicator_32,50.87837837837837
67,202503,tXgaew1Pd2Y,indicator_32,55.157953592395856
68,202503,MVQs2RrS1Nw,indicator_32,36.83738987606391
69,202503,FKYZ3JbWq84,indicator_32,53.07017543859649
70,202503,AdiUcz9BXhx,indicator_32,37.238493723849366
71,202503,ClbehnmwSec,indicator_32,54.622178606476936
72,202503,dScWdMRN8PL,indicator_32,31.28347183748846
73,202503,gmw76vAUMqz,indicator_32,42.54713625044468
74,202503,LeuBT7KfuuA,indicator_32,64.90142136634572
0,202503,ClbehnmwSec,indicator_4,5.541130176406028
1,202503,dScWdMRN8PL,indicator_4,2.9411332186291377
2,202503,gmw76vAUMqz,indicator_4,3.4335182985370936
3,202503,MVQs2RrS1Nw,indicator_4,1.1519006360494817
4,202503,LeuBT7KfuuA,indicator_4,0.9106900036178096
5,202503,hgquAmZaNBu,indicator_4,2.2022664100919394
6,202503,uCYjHW7FuGG,indicator_4,1.7577038602736679
7,202503,FKYZ3JbWq84,indicator_4,2.1124972800464206
8,202503,AdiUcz9BXhx,indicator_4,0.6821454738384578
9,202503,YQNQoPjAIpV,indicator_4,1.2307447991106875
10,202503,IU006h5U7jj,indicator_4,3.257328990228013
11,202503,PeUY1vj02UQ,indicator_4,3.5349829920629627
12,202503,UAicdMLyuk4,indicator_4,7.448269940757276
13,202503,YzHpzrN0eLv,indicator_4,3.282441463127241
14,202503,Bd6E8zkVvVt,indicator_4,1.4169825356902477
15,202503,Pm0jLk6EAiE,indicator_4,2.571599675907986
16,202503,uEEwlAGZXWW,indicator_4,8.875992148160792
17,202503,IhQbDYRiF8w,indicator_4,6.507088078085057
18,202503,NNk3JP90QZ5,indicator_4,7.795698924731182
19,202503,NL5xiiHZQSC,indicator_4,6.384124298130913
20,202503,k3D0AumUCiC,indicator_4,8.785407556238427
21,202503,QVMRMhzVrrS,indicator_4,7.809264627580903
22,202503,Tf9b9qcbghH,indicator_4,1.2910798122065728
23,202503,Mq751wBMqGF,indicator_4,3.495469333978651
24,202503,fagfcadhxej,indicator_4,9.246179529985874
25,202503,vR85cHdsw1w,indicator_4,2.1561660925930948
26,202503,xUeHwd9FQkg,indicator_4,4.087578221383236
27,202503,iE0E3nLioFr,indicator_4,12.410478703354693
28,202503,AcnMkNGgc3S,indicator_4,2.984418770712416
29,202503,uS0pNSxN3sS,indicator_4,6.749171212341341
30,202503,y8WarEkWCul,indicator_4,9.131126263641848
31,202503,DggJGxqbWHn,indicator_4,14.130801213619508
32,202503,i2fSZZ3QAJJ,indicator_4,13.00455159305757
33,202503,VSI7HobT5qL,indicator_4,12.21222391024892
34,202503,oyTwneTbWDx,indicator_4,7.843616371411119
35,202503,J1P16zQEOUT,indicator_4,4.043956043956044
36,202503,fe1yBApr2sl,indicator_4,1.202680258862608
37,202503,cP0p8qfm3il,indicator_4,4.080411305459591
38,202503,sUQMxIc3yXj,indicator_4,16.96630087944587
39,202503,eA37kyBRRuZ,indicator_4,4.964910443071122
40,202503,vVqY3DPcpHf,indicator_4,7.7302023093249215
41,202503,NjckKfm3g0k,indicator_4,6.6778831977520685
42,202503,c96jwckSd6j,indicator_4,4.4376970687843045
43,202503,GaiLSoQq1ue,indicator_4,9.05417539658785
44,202503,oNDvGBE5fLq,indicator_4,3.6435274429639675
45,202503,CBSB9v92AwT,indicator_4,0.6278739081457406
46,202503,frD2HOp3wAs,indicator_4,9.737751832951336
47,202503,ZLcx4iOVyN5,indicator_4,1.2834105239662965
48,202503,m1IAjmqkoFC,indicator_4,3.802281368821293
49,202503,hITp09XOBLZ,indicator_4,8.26923076923077
50,202503,HJIS3IrQ0Nj,indicator_4,6.06491707536221
51,202503,ogBt4gWCiem,indicator_4,3.7513060335603416
52,202503,bNmwkrQeP3e,indicator_4,8.766977717264968
53,202503,M5NHlfAaKYI,indicator_4,4.744620492300831
54,202503,CZ8kLjgqvSH,indicator_4,3.7747819191118164
55,202503,v8YGmR7nOdj,indicator_4,12.078220858895705
56,202503,MTIkUw5q5pX,indicator_4,8.686960039983816
57,202503,d9ZuMopgX29,indicator_4,4.05805950972535
58,202503,StsLkYw1G0m,indicator_4,3.1391164535640455
59,202503,MfHac5N78aK,indicator_4,13.151452737494303
60,202503,lLvTDpBDY8u,indicator_4,13.826255017592546
61,202503,XxaOowFtkiJ,indicator_4,7.930498932246165
62,202503,aT03mfdlNiF,indicator_4,2.892485691427165
63,202503,ibLiLcaKzw2,indicator_4,11.685163440778759
64,202503,jM27ji8tyrM,indicator_4,8.120453391981052
65,202503,b4XkXzoGqFY,indicator_4,8.690580344123651
66,202503,tzH6nJu9SwS,indicator_4,9.149879206376381
67,202503,o4ZQTVcMI7U,indicator_4,9.930651872399444
68,202503,PAj0oVY0Dxu,indicator_4,8.896949007894175
69,202503,fz7bJo3egPX,indicator_4,5.1091318390917095
70,202503,tXgaew1Pd2Y,indicator_4,0.46333904985407826
71,202503,N5WWbRtsjWp,indicator_4,3.690893474778895
72,202503,eJTsuE56XDF,indicator_4,4.14683169364223
73,202503,XBLhrSWGytu,indicator_4,8.43233519469325
74,202503,KP2BUB1npih,indicator_4,4.1216527571552914
0,202503,ClbehnmwSec,indicator_5,96.72082876033943
1,202503,dScWdMRN8PL,indicator_5,100.0
2,202503,gmw76vAUMqz,indicator_5,100.0
3,202503,MVQs2RrS1Nw,indicator_5,100.0
4,202503,LeuBT7KfuuA,indicator_5,89.95496450804026
5,202503,hgquAmZaNBu,indicator_5,99.22172332691896
6,202503,uCYjHW7FuGG,indicator_5,89.5906107464679
7,202503,FKYZ3JbWq84,indicator_5,86.782838906216
8,202503,AdiUcz9BXhx,indicator_5,95.84649200373917
9,202503,YQNQoPjAIpV,indicator_5,100.0
10,202503,IU006h5U7jj,indicator_5,100.0
11,202503,PeUY1vj02UQ,indicator_5,70.39951977589541
12,202503,UAicdMLyuk4,indicator_5,85.09702069202369
13,202503,YzHpzrN0eLv,indicator_5,100.0
14,202503,Bd6E8zkVvVt,indicator_5,94.64026355875164
15,202503,Pm0jLk6EAiE,indicator_5,100.0
16,202503,uEEwlAGZXWW,indicator_5,100.0
17,202503,IhQbDYRiF8w,indicator_5,85.70506365068299
18,202503,NNk3JP90QZ5,indicator_5,87.90994623655915
19,202503,NL5xiiHZQSC,indicator_5,79.56311052995923
20,202503,k3D0AumUCiC,indicator_5,88.39380687861956
21,202503,QVMRMhzVrrS,indicator_5,88.08692736989488
22,202503,Tf9b9qcbghH,indicator_5,100.0
23,202503,Mq751wBMqGF,indicator_5,71.30488559059988
24,202503,fagfcadhxej,indicator_5,96.85373057660203
25,202503,vR85cHdsw1w,indicator_5,100.0
26,202503,xUeHwd9FQkg,indicator_5,87.82793525276097
27,202503,iE0E3nLioFr,indicator_5,88.95495665284584
28,202503,AcnMkNGgc3S,indicator_5,100.0
29,202503,uS0pNSxN3sS,indicator_5,96.40088227913304
30,202503,y8WarEkWCul,indicator_5,82.08964773412792
31,202503,DggJGxqbWHn,indicator_5,89.92864366782784
32,202503,i2fSZZ3QAJJ,indicator_5,85.24483569249237
33,202503,VSI7HobT5qL,indicator_5,97.3939464765689
34,202503,oyTwneTbWDx,indicator_5,100.0
35,202503,J1P16zQEOUT,indicator_5,100.0
36,202503,fe1yBApr2sl,indicator_5,100.0
37,202503,cP0p8qfm3il,indicator_5,90.72658523979217
38,202503,sUQMxIc3yXj,indicator_5,89.25986458090124
39,202503,eA37kyBRRuZ,indicator_5,85.78087357285011
40,202503,vVqY3DPcpHf,indicator_5,93.03795003602235
41,202503,NjckKfm3g0k,indicator_5,88.35793453939951
42,202503,c96jwckSd6j,indicator_5,95.34041807777648
43,202503,GaiLSoQq1ue,indicator_5,100.0
44,202503,oNDvGBE5fLq,indicator_5,100.0
45,202503,CBSB9v92AwT,indicator_5,100.0
46,202503,frD2HOp3wAs,indicator_5,89.30366843524838
47,202503,ZLcx4iOVyN5,indicator_5,100.0
48,202503,m1IAjmqkoFC,indicator_5,96.05300493729074
49,202503,hITp09XOBLZ,indicator_5,100.0
50,202503,HJIS3IrQ0Nj,indicator_5,90.58065965332635
51,202503,ogBt4gWCiem,indicator_5,65.39986656428202
52,202503,bNmwkrQeP3e,indicator_5,38.95327599375685
53,202503,M5NHlfAaKYI,indicator_5,63.100974938988884
54,202503,CZ8kLjgqvSH,indicator_5,76.26962727993656
55,202503,v8YGmR7nOdj,indicator_5,99.3694614860259
56,202503,MTIkUw5q5pX,indicator_5,100.0
57,202503,d9ZuMopgX29,indicator_5,100.0
58,202503,StsLkYw1G0m,indicator_5,100.0
59,202503,MfHac5N78aK,indicator_5,49.25801495787821
60,202503,lLvTDpBDY8u,indicator_5,100.0
61,202503,XxaOowFtkiJ,indicator_5,95.824111822947
62,202503,aT03mfdlNiF,indicator_5,100.0
63,202503,ibLiLcaKzw2,indicator_5,76.18082648384531
64,202503,jM27ji8tyrM,indicator_5,93.31270995963942
65,202503,b4XkXzoGqFY,indicator_5,100.0
66,202503,tzH6nJu9SwS,indicator_5,100.0
67,202503,o4ZQTVcMI7U,indicator_5,100.0
68,202503,PAj0oVY0Dxu,indicator_5,73.73373159803712
69,202503,fz7bJo3egPX,indicator_5,86.78868552412645
70,202503,tXgaew1Pd2Y,indicator_5,96.4515449649487
71,202503,N5WWbRtsjWp,indicator_5,95.62431811323383
72,202503,eJTsuE56XDF,indicator_5,100.0
73,202503,XBLhrSWGytu,indicator_5,96.6420567402466
74,202503,KP2BUB1npih,indicator_5,100.0
0,202503,ClbehnmwSec,indicator_6,0.8908015663709742
1,202503,dScWdMRN8PL,indicator_6,0.9323345771603798
2,202503,gmw76vAUMqz,indicator_6,0.9424248755179497
3,202503,MVQs2RrS1Nw,indicator_6,1.0251410775127767
4,202503,LeuBT7KfuuA,indicator_6,1.0424047577846793
5,202503,hgquAmZaNBu,indicator_6,1.1750456280073005
6,202503,uCYjHW7FuGG,indicator_6,0.8668930360070598
7,202503,FKYZ3JbWq84,indicator_6,1.0556990802934794
8,202503,AdiUcz9BXhx,indicator_6,1.0015911307293537
9,202503,YQNQoPjAIpV,indicator_6,1.0221053706350827
10,202503,IU006h5U7jj,indicator_6,0.9763322839558695
11,202503,PeUY1vj02UQ,indicator_6,0.8719593394886364
12,202503,UAicdMLyuk4,indicator_6,1.0136845881810261
13,202503,YzHpzrN0eLv,indicator_6,0.8750896828813316
14,202503,Bd6E8zkVvVt,indicator_6,1.208676300225596
15,202503,Pm0jLk6EAiE,indicator_6,1.0754667574432428
16,202503,uEEwlAGZXWW,indicator_6,1.0062245720606708
17,202503,IhQbDYRiF8w,indicator_6,1.0398486957892248
18,202503,NNk3JP90QZ5,indicator_6,0.9286612252556525
19,202503,NL5xiiHZQSC,indicator_6,1.158178530330429
20,202503,k3D0AumUCiC,indicator_6,1.0858199753390876
21,202503,QVMRMhzVrrS,indicator_6,1.1788550650441723
22,202503,Tf9b9qcbghH,indicator_6,1.0166615011381974
23,202503,Mq751wBMqGF,indicator_6,0.8756422816242477
24,202503,fagfcadhxej,indicator_6,1.075402452247894
25,202503,vR85cHdsw1w,indicator_6,0.9954292877717602
26,202503,xUeHwd9FQkg,indicator_6,0.9142788525241818
27,202503,iE0E3nLioFr,indicator_6,1.0103765053072493
28,202503,AcnMkNGgc3S,indicator_6,1.088536240014961
29,202503,uS0pNSxN3sS,indicator_6,1.0519337016574586
30,202503,y8WarEkWCul,indicator_6,0.898931346875821
31,202503,DggJGxqbWHn,indicator_6,1.283739186959348
32,202503,i2fSZZ3QAJJ,indicator_6,1.1701233684963348
33,202503,VSI7HobT5qL,indicator_6,1.2485927795031055
34,202503,oyTwneTbWDx,indicator_6,1.1316444444444445
35,202503,J1P16zQEOUT,indicator_6,0.9379959079794401
36,202503,fe1yBApr2sl,indicator_6,0.926482041057911
37,202503,cP0p8qfm3il,indicator_6,0.9633403741127666
38,202503,sUQMxIc3yXj,indicator_6,1.4366064043483397
39,202503,eA37kyBRRuZ,indicator_6,0.9569649135931773
40,202503,vVqY3DPcpHf,indicator_6,0.8639330946722421
41,202503,NjckKfm3g0k,indicator_6,0.9541668324117905
42,202503,c96jwckSd6j,indicator_6,0.9185432394776918
43,202503,GaiLSoQq1ue,indicator_6,0.9001554580689126
44,202503,oNDvGBE5fLq,indicator_6,0.9344688528069617
45,202503,CBSB9v92AwT,indicator_6,0.9647571277719112
46,202503,frD2HOp3wAs,indicator_6,0.863984980051631
47,202503,ZLcx4iOVyN5,indicator_6,1.0021437209131885
48,202503,m1IAjmqkoFC,indicator_6,1.0202621905310243
49,202503,hITp09XOBLZ,indicator_6,0.9085298603778013
50,202503,HJIS3IrQ0Nj,indicator_6,0.9382215563585089
51,202503,ogBt4gWCiem,indicator_6,0.8467208420143932
52,202503,bNmwkrQeP3e,indicator_6,0.8456632826871977
53,202503,M5NHlfAaKYI,indicator_6,1.095401325295202
54,202503,CZ8kLjgqvSH,indicator_6,0.8251125394188874
55,202503,v8YGmR7nOdj,indicator_6,0.916653104402311
56,202503,MTIkUw5q5pX,indicator_6,1.187078657088178
57,202503,d9ZuMopgX29,indicator_6,1.0348579912831075
58,202503,StsLkYw1G0m,indicator_6,1.026256962073277
59,202503,MfHac5N78aK,indicator_6,1.0518448399613036
60,202503,lLvTDpBDY8u,indicator_6,1.033867351635462
61,202503,XxaOowFtkiJ,indicator_6,1.151413033173313
62,202503,aT03mfdlNiF,indicator_6,1.293058278218493
63,202503,ibLiLcaKzw2,indicator_6,0.949320581677441
64,202503,jM27ji8tyrM,indicator_6,0.9349528622513816
65,202503,b4XkXzoGqFY,indicator_6,1.0089567446752563
66,202503,tzH6nJu9SwS,indicator_6,1.0581249710070975
67,202503,o4ZQTVcMI7U,indicator_6,1.104552858140076
68,202503,PAj0oVY0Dxu,indicator_6,0.9203170773737722
69,202503,fz7bJo3egPX,indicator_6,0.9352142937916996
70,202503,tXgaew1Pd2Y,indicator_6,0.9986305903296854
71,202503,N5WWbRtsjWp,indicator_6,0.9321010746837165
72,202503,eJTsuE56XDF,indicator_6,1.0121869221717936
73,202503,XBLhrSWGytu,indicator_6,0.950022609755618
74,202503,KP2BUB1npih,indicator_6,1.0591669910471
0,202503,ClbehnmwSec,indicator_7,94.61651043565841
1,202503,dScWdMRN8PL,indicator_7,98.2564132683266
2,202503,gmw76vAUMqz,indicator_7,95.9844877158583
3,202503,MVQs2RrS1Nw,indicator_7,100.0
4,202503,LeuBT7KfuuA,indicator_7,100.0
5,202503,hgquAmZaNBu,indicator_7,100.0
6,202503,uCYjHW7FuGG,indicator_7,94.2147416081599
7,202503,FKYZ3JbWq84,indicator_7,100.0
8,202503,AdiUcz9BXhx,indicator_7,86.17039189371881
9,202503,YQNQoPjAIpV,indicator_7,100.0
10,202503,IU006h5U7jj,indicator_7,94.73803255454835
11,202503,PeUY1vj02UQ,indicator_7,90.67750894909372
12,202503,UAicdMLyuk4,indicator_7,92.60235970701767
13,202503,YzHpzrN0eLv,indicator_7,100.0
14,202503,Bd6E8zkVvVt,indicator_7,100.0
15,202503,Pm0jLk6EAiE,indicator_7,97.58223553299143
16,202503,uEEwlAGZXWW,indicator_7,93.57195616942074
17,202503,IhQbDYRiF8w,indicator_7,95.2851398959644
18,202503,NNk3JP90QZ5,indicator_7,89.02453390056027
19,202503,NL5xiiHZQSC,indicator_7,81.21783526167009
20,202503,k3D0AumUCiC,indicator_7,92.9922543499363
21,202503,QVMRMhzVrrS,indicator_7,95.49704814207132
22,202503,Tf9b9qcbghH,indicator_7,100.0
23,202503,Mq751wBMqGF,indicator_7,94.79437612657551
24,202503,fagfcadhxej,indicator_7,74.15090415228585
25,202503,vR85cHdsw1w,indicator_7,100.0
26,202503,xUeHwd9FQkg,indicator_7,92.16704806029954
27,202503,iE0E3nLioFr,indicator_7,100.0
28,202503,AcnMkNGgc3S,indicator_7,97.59808081646746
29,202503,uS0pNSxN3sS,indicator_7,100.0
30,202503,y8WarEkWCul,indicator_7,96.95900191126563
31,202503,DggJGxqbWHn,indicator_7,91.21920414737006
32,202503,i2fSZZ3QAJJ,indicator_7,93.52839297768071
33,202503,VSI7HobT5qL,indicator_7,88.5045805992804
34,202503,oyTwneTbWDx,indicator_7,100.0
35,202503,J1P16zQEOUT,indicator_7,96.76126604138543
36,202503,fe1yBApr2sl,indicator_7,98.12943335485029
37,202503,cP0p8qfm3il,indicator_7,95.45023445448557
38,202503,sUQMxIc3yXj,indicator_7,95.15230326326942
39,202503,eA37kyBRRuZ,indicator_7,98.08480033626161
40,202503,vVqY3DPcpHf,indicator_7,100.0
41,202503,NjckKfm3g0k,indicator_7,90.97948187208517
42,202503,c96jwckSd6j,indicator_7,94.95352301897823
43,202503,GaiLSoQq1ue,indicator_7,92.6918692711886
44,202503,oNDvGBE5fLq,indicator_7,94.92634586179398
45,202503,CBSB9v92AwT,indicator_7,100.0
46,202503,frD2HOp3wAs,indicator_7,88.43719611281686
47,202503,ZLcx4iOVyN5,indicator_7,100.0
48,202503,m1IAjmqkoFC,indicator_7,100.0
49,202503,hITp09XOBLZ,indicator_7,92.70586077567194
50,202503,HJIS3IrQ0Nj,indicator_7,93.4732577105065
51,202503,ogBt4gWCiem,indicator_7,100.0
52,202503,bNmwkrQeP3e,indicator_7,100.0
53,202503,M5NHlfAaKYI,indicator_7,100.0
54,202503,CZ8kLjgqvSH,indicator_7,96.68420606671316
55,202503,v8YGmR7nOdj,indicator_7,92.03437047692017
56,202503,MTIkUw5q5pX,indicator_7,95.08481865392245
57,202503,d9ZuMopgX29,indicator_7,97.5150047999787
58,202503,StsLkYw1G0m,indicator_7,93.24628547796979
59,202503,MfHac5N78aK,indicator_7,100.0
60,202503,lLvTDpBDY8u,indicator_7,96.89975989404954
61,202503,XxaOowFtkiJ,indicator_7,92.6826878213872
62,202503,aT03mfdlNiF,indicator_7,95.67386345585275
63,202503,ibLiLcaKzw2,indicator_7,95.18571067910635
64,202503,jM27ji8tyrM,indicator_7,93.43764728740413
65,202503,b4XkXzoGqFY,indicator_7,88.61057076413087
66,202503,tzH6nJu9SwS,indicator_7,95.85846378614636
67,202503,o4ZQTVcMI7U,indicator_7,93.25575470493655
68,202503,PAj0oVY0Dxu,indicator_7,97.11833217057237
69,202503,fz7bJo3egPX,indicator_7,93.89738130357654
70,202503,tXgaew1Pd2Y,indicator_7,98.40254115991482
71,202503,N5WWbRtsjWp,indicator_7,90.08765758563038
72,202503,eJTsuE56XDF,indicator_7,100.0
73,202503,XBLhrSWGytu,indicator_7,94.65201159730395
74,202503,KP2BUB1npih,indicator_7,91.6585958902282
0,202503,ClbehnmwSec,indicator_8,24.03115091478204
1,202503,dScWdMRN8PL,indicator_8,13.092437586947339
2,202503,gmw76vAUMqz,indicator_8,10.655291478132586
3,202503,MVQs2RrS1Nw,indicator_8,7.028818782107053
4,202503,LeuBT7KfuuA,indicator_8,20.445768072277517
5,202503,hgquAmZaNBu,indicator_8,7.919277703070143
6,202503,uCYjHW7FuGG,indicator_8,4.157081319758913
7,202503,FKYZ3JbWq84,indicator_8,5.765176355684521
8,202503,AdiUcz9BXhx,indicator_8,1.9392264127974175
9,202503,YQNQoPjAIpV,indicator_8,12.565329025161805
10,202503,IU006h5U7jj,indicator_8,4.655901684752094
11,202503,PeUY1vj02UQ,indicator_8,18.27308669917405
12,202503,UAicdMLyuk4,indicator_8,25.475340605168785
13,202503,YzHpzrN0eLv,indicator_8,7.700999603461526
14,202503,Bd6E8zkVvVt,indicator_8,8.684787301675867
15,202503,Pm0jLk6EAiE,indicator_8,8.806808343240835
16,202503,uEEwlAGZXWW,indicator_8,5.703962341947796
17,202503,IhQbDYRiF8w,indicator_8,3.4070239286611916
18,202503,NNk3JP90QZ5,indicator_8,30.493478283801522
19,202503,NL5xiiHZQSC,indicator_8,13.980721654064354
20,202503,k3D0AumUCiC,indicator_8,4.327944766243535
21,202503,QVMRMhzVrrS,indicator_8,3.890248377226813
22,202503,Tf9b9qcbghH,indicator_8,8.070476106781642
23,202503,Mq751wBMqGF,indicator_8,24.845609111929015
24,202503,fagfcadhxej,indicator_8,72.90219523431762
25,202503,vR85cHdsw1w,indicator_8,14.272500416158236
26,202503,xUeHwd9FQkg,indicator_8,10.175702060779399
27,202503,iE0E3nLioFr,indicator_8,7.108446582510765
28,202503,AcnMkNGgc3S,indicator_8,14.575526487963092
29,202503,uS0pNSxN3sS,indicator_8,2.666272653747323
30,202503,y8WarEkWCul,indicator_8,4.367668056909892
31,202503,DggJGxqbWHn,indicator_8,13.848340842177993
32,202503,i2fSZZ3QAJJ,indicator_8,26.55593006290243
33,202503,VSI7HobT5qL,indicator_8,12.494565724489226
34,202503,oyTwneTbWDx,indicator_8,10.601712741889473
35,202503,J1P16zQEOUT,indicator_8,5.3089009587347435
36,202503,fe1yBApr2sl,indicator_8,8.929408845130608
37,202503,cP0p8qfm3il,indicator_8,3.7389209507183985
38,202503,sUQMxIc3yXj,indicator_8,26.861979024459735
39,202503,eA37kyBRRuZ,indicator_8,4.921598593800068
40,202503,vVqY3DPcpHf,indicator_8,6.253038665582469
41,202503,NjckKfm3g0k,indicator_8,9.354993901129145
42,202503,c96jwckSd6j,indicator_8,6.421468973929225
43,202503,GaiLSoQq1ue,indicator_8,5.529158001730765
44,202503,oNDvGBE5fLq,indicator_8,6.150596136665509
45,202503,CBSB9v92AwT,indicator_8,25.976850111069208
46,202503,frD2HOp3wAs,indicator_8,10.299352844276845
47,202503,ZLcx4iOVyN5,indicator_8,8.498506563961584
48,202503,m1IAjmqkoFC,indicator_8,24.90503460374784
49,202503,hITp09XOBLZ,indicator_8,5.345517153761058
50,202503,HJIS3IrQ0Nj,indicator_8,5.178882412444491
51,202503,ogBt4gWCiem,indicator_8,6.946429145121005
52,202503,bNmwkrQeP3e,indicator_8,10.495133103025301
53,202503,M5NHlfAaKYI,indicator_8,5.948898168961963
54,202503,CZ8kLjgqvSH,indicator_8,9.107492584937066
55,202503,v8YGmR7nOdj,indicator_8,9.237684400553233
56,202503,MTIkUw5q5pX,indicator_8,4.486198892037837
57,202503,d9ZuMopgX29,indicator_8,11.47795058683555
58,202503,StsLkYw1G0m,indicator_8,7.032494486584952
59,202503,MfHac5N78aK,indicator_8,7.535714073086731
60,202503,lLvTDpBDY8u,indicator_8,7.6998845683894475
61,202503,XxaOowFtkiJ,indicator_8,11.737691447396273
62,202503,aT03mfdlNiF,indicator_8,5.796852829474374
63,202503,ibLiLcaKzw2,indicator_8,2.7814596384533785
64,202503,jM27ji8tyrM,indicator_8,7.89336210168177
65,202503,b4XkXzoGqFY,indicator_8,3.9963588761258335
66,202503,tzH6nJu9SwS,indicator_8,4.92931350485821
67,202503,o4ZQTVcMI7U,indicator_8,5.044013804668712
68,202503,PAj0oVY0Dxu,indicator_8,15.278418949247046
69,202503,fz7bJo3egPX,indicator_8,6.734794763159842
70,202503,tXgaew1Pd2Y,indicator_8,18.204522491808522
71,202503,N5WWbRtsjWp,indicator_8,17.70266977087722
72,202503,eJTsuE56XDF,indicator_8,7.902553810818466
73,202503,XBLhrSWGytu,indicator_8,2.824687707926082
74,202503,KP2BUB1npih,indicator_8,18.75179945946725
0,202503,ClbehnmwSec,indicator_9,81.97809266437984
1,202503,dScWdMRN8PL,indicator_9,75.59152009453936
2,202503,gmw76vAUMqz,indicator_9,81.40455952050289
3,202503,MVQs2RrS1Nw,indicator_9,99.7039492439855
4,202503,LeuBT7KfuuA,indicator_9,82.96159915135428
5,202503,hgquAmZaNBu,indicator_9,58.629985295531625
6,202503,uCYjHW7FuGG,indicator_9,40.00547259227744
7,202503,FKYZ3JbWq84,indicator_9,86.85539222667032
8,202503,AdiUcz9BXhx,indicator_9,108.72000711220609
9,202503,YQNQoPjAIpV,indicator_9,97.61421154273916
10,202503,IU006h5U7jj,indicator_9,73.3688243509286
11,202503,PeUY1vj02UQ,indicator_9,94.17251783948835
12,202503,UAicdMLyuk4,indicator_9,45.64061212703174
13,202503,YzHpzrN0eLv,indicator_9,109.44521548000468
14,202503,Bd6E8zkVvVt,indicator_9,210.7599218002342
15,202503,Pm0jLk6EAiE,indicator_9,118.81431960870067
16,202503,uEEwlAGZXWW,indicator_9,91.5056625383765
17,202503,IhQbDYRiF8w,indicator_9,92.7049137748997
18,202503,NNk3JP90QZ5,indicator_9,93.63733322943979
19,202503,NL5xiiHZQSC,indicator_9,120.18934307908061
20,202503,k3D0AumUCiC,indicator_9,47.89636494952554
21,202503,QVMRMhzVrrS,indicator_9,79.17305096206789
22,202503,Tf9b9qcbghH,indicator_9,68.52760760734252
23,202503,Mq751wBMqGF,indicator_9,81.03740439712423
24,202503,fagfcadhxej,indicator_9,144.87558408418602
25,202503,vR85cHdsw1w,indicator_9,121.57887458735449
26,202503,xUeHwd9FQkg,indicator_9,51.28762406432249
27,202503,iE0E3nLioFr,indicator_9,93.76279232814403
28,202503,AcnMkNGgc3S,indicator_9,124.48591799993815
29,202503,uS0pNSxN3sS,indicator_9,82.93752469148902
30,202503,y8WarEkWCul,indicator_9,81.84182091223485
31,202503,DggJGxqbWHn,indicator_9,102.22215803660568
32,202503,i2fSZZ3QAJJ,indicator_9,92.00848710029138
33,202503,VSI7HobT5qL,indicator_9,136.64584200414782
34,202503,oyTwneTbWDx,indicator_9,223.13064474592622
35,202503,J1P16zQEOUT,indicator_9,69.56008467494087
36,202503,fe1yBApr2sl,indicator_9,109.3589511719089
37,202503,cP0p8qfm3il,indicator_9,88.09776451147151
38,202503,sUQMxIc3yXj,indicator_9,116.22557880309463
39,202503,eA37kyBRRuZ,indicator_9,107.13621192029751
40,202503,vVqY3DPcpHf,indicator_9,84.76652236256817
41,202503,NjckKfm3g0k,indicator_9,49.5325813626037
42,202503,c96jwckSd6j,indicator_9,66.14113043147101
43,202503,GaiLSoQq1ue,indicator_9,80.1158501223794
44,202503,oNDvGBE5fLq,indicator_9,60.92093319893167
45,202503,CBSB9v92AwT,indicator_9,92.60743060354557
46,202503,frD2HOp3wAs,indicator_9,68.83279855728263
47,202503,ZLcx4iOVyN5,indicator_9,73.63748023139037
48,202503,m1IAjmqkoFC,indicator_9,163.1493878605792
49,202503,hITp09XOBLZ,indicator_9,51.94318784378507
50,202503,HJIS3IrQ0Nj,indicator_9,87.25809014920557
51,202503,ogBt4gWCiem,indicator_9,69.29212401159907
52,202503,bNmwkrQeP3e,indicator_9,79.47693321463645
53,202503,M5NHlfAaKYI,indicator_9,73.78236726025429
54,202503,CZ8kLjgqvSH,indicator_9,67.38706828302949
55,202503,v8YGmR7nOdj,indicator_9,78.16875198788352
56,202503,MTIkUw5q5pX,indicator_9,71.72374577100467
57,202503,d9ZuMopgX29,indicator_9,84.52975962100396
58,202503,StsLkYw1G0m,indicator_9,86.33708502417282
59,202503,MfHac5N78aK,indicator_9,59.17670775859355
60,202503,lLvTDpBDY8u,indicator_9,43.602150083530724
61,202503,XxaOowFtkiJ,indicator_9,67.46312520983997
62,202503,aT03mfdlNiF,indicator_9,66.22927922116868
63,202503,ibLiLcaKzw2,indicator_9,49.0764846341723
64,202503,jM27ji8tyrM,indicator_9,82.72797402709982
65,202503,b4XkXzoGqFY,indicator_9,42.02436177207985
66,202503,tzH6nJu9SwS,indicator_9,67.28185767305914
67,202503,o4ZQTVcMI7U,indicator_9,88.68021049436176
68,202503,PAj0oVY0Dxu,indicator_9,107.6368137257098
69,202503,fz7bJo3egPX,indicator_9,47.65838126141151
70,202503,tXgaew1Pd2Y,indicator_9,94.0875057827157
71,202503,N5WWbRtsjWp,indicator_9,77.41961667081615
72,202503,eJTsuE56XDF,indicator_9,175.07064557083768
73,202503,XBLhrSWGytu,indicator_9,87.89651119105726
74,202503,KP2BUB1npih,indicator_9,79.1555128874013
0,202503,N5WWbRtsjWp,indicator_10,17.50848896434635
1,202503,eJTsuE56XDF,indicator_10,18.70179948586118
2,202503,XBLhrSWGytu,indicator_10,21.860885275519422
3,202503,KP2BUB1npih,indicator_10,20.473174366616988
4,202503,frD2HOp3wAs,indicator_10,19.076120319214244
5,202503,ZLcx4iOVyN5,indicator_10,21.264832793959005
6,202503,m1IAjmqkoFC,indicator_10,18.96551724137931
7,202503,hITp09XOBLZ,indicator_10,16.743827160493826
8,202503,jM27ji8tyrM,indicator_10,18.2559087204564
9,202503,StsLkYw1G0m,indicator_10,24.947589098532493
10,202503,b4XkXzoGqFY,indicator_10,21.272264631043257
11,202503,tzH6nJu9SwS,indicator_10,17.28313518273888
12,202503,o4ZQTVcMI7U,indicator_10,20.61051693404635
13,202503,NjckKfm3g0k,indicator_10,18.175778283978737
14,202503,oNDvGBE5fLq,indicator_10,19.54446262956901
15,202503,CBSB9v92AwT,indicator_10,21.256895193065407
16,202503,eA37kyBRRuZ,indicator_10,18.32591768631813
17,202503,vVqY3DPcpHf,indicator_10,16.30228136882129
18,202503,c96jwckSd6j,indicator_10,22.45011086474501
19,202503,GaiLSoQq1ue,indicator_10,17.136524822695034
20,202503,J1P16zQEOUT,indicator_10,17.783769902413972
21,202503,fe1yBApr2sl,indicator_10,21.71474358974359
22,202503,cP0p8qfm3il,indicator_10,35.714285714285715
23,202503,DggJGxqbWHn,indicator_10,17.133781763826608
24,202503,i2fSZZ3QAJJ,indicator_10,20.27116402116402
25,202503,VSI7HobT5qL,indicator_10,16.557377049180328
26,202503,sUQMxIc3yXj,indicator_10,17.105263157894736
27,202503,iE0E3nLioFr,indicator_10,19.805455274769354
28,202503,uS0pNSxN3sS,indicator_10,20.478927203065133
29,202503,y8WarEkWCul,indicator_10,20.023002927645337
30,202503,oyTwneTbWDx,indicator_10,23.286604361370717
31,202503,Tf9b9qcbghH,indicator_10,16.51376146788991
32,202503,vR85cHdsw1w,indicator_10,21.863659927423534
33,202503,xUeHwd9FQkg,indicator_10,17.84253578732106
34,202503,AcnMkNGgc3S,indicator_10,22.009408602150536
35,202503,NL5xiiHZQSC,indicator_10,18.847736625514404
36,202503,Mq751wBMqGF,indicator_10,15.977777777777776
37,202503,fagfcadhxej,indicator_10,17.114236999147487
38,202503,Bd6E8zkVvVt,indicator_10,17.82485875706215
39,202503,Pm0jLk6EAiE,indicator_10,22.195042400521853
40,202503,uEEwlAGZXWW,indicator_10,16.825019794140932
41,202503,IhQbDYRiF8w,indicator_10,23.24561403508772
42,202503,k3D0AumUCiC,indicator_10,18.11391223155929
43,202503,QVMRMhzVrrS,indicator_10,16.881361323155218
44,202503,MTIkUw5q5pX,indicator_10,19.734513274336283
45,202503,d9ZuMopgX29,indicator_10,17.16441875401413
46,202503,MfHac5N78aK,indicator_10,17.91453356086462
47,202503,lLvTDpBDY8u,indicator_10,20.43010752688172
48,202503,XxaOowFtkiJ,indicator_10,17.918263090676884
49,202503,aT03mfdlNiF,indicator_10,18.73289545703339
50,202503,HJIS3IrQ0Nj,indicator_10,20.982627578718784
51,202503,ogBt4gWCiem,indicator_10,17.209631728045327
52,202503,bNmwkrQeP3e,indicator_10,18.143690736688548
53,202503,M5NHlfAaKYI,indicator_10,18.580517313308302
54,202503,CZ8kLjgqvSH,indicator_10,17.461340206185564
55,202503,v8YGmR7nOdj,indicator_10,18.949120304327153
56,202503,PeUY1vj02UQ,indicator_10,17.264150943396224
57,202503,UAicdMLyuk4,indicator_10,17.77489925158319
58,202503,NNk3JP90QZ5,indicator_10,17.81756180733163
59,202503,hgquAmZaNBu,indicator_10,20.993117010816125
60,202503,uCYjHW7FuGG,indicator_10,18.31911869225302
61,202503,YQNQoPjAIpV,indicator_10,18.884565499351492
62,202503,IU006h5U7jj,indicator_10,17.836792836792835
63,202503,YzHpzrN0eLv,indicator_10,21.044098573281453
64,202503,ibLiLcaKzw2,indicator_10,19.024024024024026
65,202503,PAj0oVY0Dxu,indicator_10,18.812375249501
66,202503,fz7bJo3egPX,indicator_10,16.919642857142858
67,202503,tXgaew1Pd2Y,indicator_10,16.145833333333336
68,202503,MVQs2RrS1Nw,indicator_10,15.8971243418388
69,202503,FKYZ3JbWq84,indicator_10,17.07282913165266
70,202503,AdiUcz9BXhx,indicator_10,16.466466466466468
71,202503,ClbehnmwSec,indicator_10,16.80952380952381
72,202503,dScWdMRN8PL,indicator_10,18.06615776081425
73,202503,gmw76vAUMqz,indicator_10,20.649959250203747
74,202503,LeuBT7KfuuA,indicator_10,16.28666238492828
0,202503,ClbehnmwSec,indicator_11,100.0
1,202503,dScWdMRN8PL,indicator_11,100.0
2,202503,gmw76vAUMqz,indicator_11,100.0
3,202503,MVQs2RrS1Nw,indicator_11,100.0
4,202503,LeuBT7KfuuA,indicator_11,100.0
5,202503,hgquAmZaNBu,indicator_11,100.0
6,202503,uCYjHW7FuGG,indicator_11,100.0
7,202503,FKYZ3JbWq84,indicator_11,100.0
8,202503,AdiUcz9BXhx,indicator_11,99.58824433582582
9,202503,YQNQoPjAIpV,indicator_11,100.0
10,202503,IU006h5U7jj,indicator_11,100.0
11,202503,PeUY1vj02UQ,indicator_11,100.0
12,202503,UAicdMLyuk4,indicator_11,100.0
13,202503,YzHpzrN0eLv,indicator_11,100.0
14,202503,Bd6E8zkVvVt,indicator_11,100.0
15,202503,Pm0jLk6EAiE,indicator_11,100.0
16,202503,uEEwlAGZXWW,indicator_11,100.0
17,202503,IhQbDYRiF8w,indicator_11,100.0
18,202503,NNk3JP90QZ5,indicator_11,100.0
19,202503,NL5xiiHZQSC,indicator_11,100.0
20,202503,k3D0AumUCiC,indicator_11,100.0
21,202503,QVMRMhzVrrS,indicator_11,99.71103317008429
22,202503,Tf9b9qcbghH,indicator_11,100.0
23,202503,Mq751wBMqGF,indicator_11,100.0
24,202503,fagfcadhxej,indicator_11,100.0
25,202503,vR85cHdsw1w,indicator_11,100.0
26,202503,xUeHwd9FQkg,indicator_11,96.69563839831886
27,202503,iE0E3nLioFr,indicator_11,100.0
28,202503,AcnMkNGgc3S,indicator_11,100.0
29,202503,uS0pNSxN3sS,indicator_11,100.0
30,202503,y8WarEkWCul,indicator_11,100.0
31,202503,DggJGxqbWHn,indicator_11,100.0
32,202503,i2fSZZ3QAJJ,indicator_11,99.22657006147372
33,202503,VSI7HobT5qL,indicator_11,100.0
34,202503,oyTwneTbWDx,indicator_11,100.0
35,202503,J1P16zQEOUT,indicator_11,100.0
36,202503,fe1yBApr2sl,indicator_11,100.0
37,202503,cP0p8qfm3il,indicator_11,100.0
38,202503,sUQMxIc3yXj,indicator_11,100.0
39,202503,eA37kyBRRuZ,indicator_11,100.0
40,202503,vVqY3DPcpHf,indicator_11,94.7357298640635
41,202503,NjckKfm3g0k,indicator_11,92.6766846486823
42,202503,c96jwckSd6j,indicator_11,98.1212584178417
43,202503,GaiLSoQq1ue,indicator_11,100.0
44,202503,oNDvGBE5fLq,indicator_11,100.0
45,202503,CBSB9v92AwT,indicator_11,100.0
46,202503,frD2HOp3wAs,indicator_11,100.0
47,202503,ZLcx4iOVyN5,indicator_11,100.0
48,202503,m1IAjmqkoFC,indicator_11,100.0
49,202503,hITp09XOBLZ,indicator_11,100.0
50,202503,HJIS3IrQ0Nj,indicator_11,100.0
51,202503,ogBt4gWCiem,indicator_11,100.0
52,202503,bNmwkrQeP3e,indicator_11,100.0
53,202503,M5NHlfAaKYI,indicator_11,100.0
54,202503,CZ8kLjgqvSH,indicator_11,100.0
55,202503,v8YGmR7nOdj,indicator_11,96.56693426655677
56,202503,MTIkUw5q5pX,indicator_11,100.0
57,202503,d9ZuMopgX29,indicator_11,100.0
58,202503,StsLkYw1G0m,indicator_11,100.0
59,202503,MfHac5N78aK,indicator_11,96.48896382643237
60,202503,lLvTDpBDY8u,indicator_11,100.0
61,202503,XxaOowFtkiJ,indicator_11,100.0
62,202503,aT03mfdlNiF,indicator_11,100.0
63,202503,ibLiLcaKzw2,indicator_11,100.0
64,202503,jM27ji8tyrM,indicator_11,100.0
65,202503,b4XkXzoGqFY,indicator_11,99.4327727996093
66,202503,tzH6nJu9SwS,indicator_11,100.0
67,202503,o4ZQTVcMI7U,indicator_11,100.0
68,202503,PAj0oVY0Dxu,indicator_11,100.0
69,202503,fz7bJo3egPX,indicator_11,100.0
70,202503,tXgaew1Pd2Y,indicator_11,100.0
71,202503,N5WWbRtsjWp,indicator_11,100.0
72,202503,eJTsuE56XDF,indicator_11,100.0
73,202503,XBLhrSWGytu,indicator_11,100.0
74,202503,KP2BUB1npih,indicator_11,85.6928310144587
0,202503,N5WWbRtsjWp,indicator_12,5850.713842333954
1,202503,eJTsuE56XDF,indicator_12,5505.842558425585
2,202503,XBLhrSWGytu,indicator_12,5045.294635004398
3,202503,KP2BUB1npih,indicator_12,5988.616268788683
4,202503,frD2HOp3wAs,indicator_12,5738.9486260454
5,202503,ZLcx4iOVyN5,indicator_12,5171.402100061767
6,202503,m1IAjmqkoFC,indicator_12,5763.669821240799
7,202503,hITp09XOBLZ,indicator_12,4897.277863379559
8,202503,jM27ji8tyrM,indicator_12,4547.2061657032755
9,202503,StsLkYw1G0m,indicator_12,4832.870370370371
10,202503,b4XkXzoGqFY,indicator_12,4737.5036971310265
11,202503,tzH6nJu9SwS,indicator_12,4892.850039777248
12,202503,o4ZQTVcMI7U,indicator_12,4694.035631293571
13,202503,NjckKfm3g0k,indicator_12,4511.010633844093
14,202503,oNDvGBE5fLq,indicator_12,3949.8099709367316
15,202503,CBSB9v92AwT,indicator_12,4901.438240270728
16,202503,eA37kyBRRuZ,indicator_12,5434.5526937912155
17,202503,vVqY3DPcpHf,indicator_12,4778.239202657807
18,202503,c96jwckSd6j,indicator_12,5303.196681307955
19,202503,GaiLSoQq1ue,indicator_12,4425.563463819692
20,202503,J1P16zQEOUT,indicator_12,4667.97158184718
21,202503,fe1yBApr2sl,indicator_12,4816.125087351502
22,202503,cP0p8qfm3il,indicator_12,5558.166862514689
23,202503,DggJGxqbWHn,indicator_12,4944.513586392864
24,202503,i2fSZZ3QAJJ,indicator_12,5610.119047619048
25,202503,VSI7HobT5qL,indicator_12,4637.7192982456145
26,202503,sUQMxIc3yXj,indicator_12,5292.240939254722
27,202503,iE0E3nLioFr,indicator_12,5568.779133194486
28,202503,uS0pNSxN3sS,indicator_12,4694.536293497086
29,202503,y8WarEkWCul,indicator_12,4758.040719976394
30,202503,oyTwneTbWDx,indicator_12,6192.471401968609
31,202503,Tf9b9qcbghH,indicator_12,4991.221469776774
32,202503,vR85cHdsw1w,indicator_12,5042.571306939123
33,202503,xUeHwd9FQkg,indicator_12,4351.05496946141
34,202503,AcnMkNGgc3S,indicator_12,5885.5173302409485
35,202503,NL5xiiHZQSC,indicator_12,5170.295924064768
36,202503,Mq751wBMqGF,indicator_12,4990.984028851108
37,202503,fagfcadhxej,indicator_12,5142.478462557985
38,202503,Bd6E8zkVvVt,indicator_12,4834.372564302416
39,202503,Pm0jLk6EAiE,indicator_12,4780.553203499859
40,202503,uEEwlAGZXWW,indicator_12,5233.978792070078
41,202503,IhQbDYRiF8w,indicator_12,5499.770747363595
42,202503,k3D0AumUCiC,indicator_12,4904.121350887234
43,202503,QVMRMhzVrrS,indicator_12,5103.217972070431
44,202503,MTIkUw5q5pX,indicator_12,4603.46054621475
45,202503,d9ZuMopgX29,indicator_12,5219.458497283117
46,202503,MfHac5N78aK,indicator_12,5146.790038839388
47,202503,lLvTDpBDY8u,indicator_12,5156.05493133583
48,202503,XxaOowFtkiJ,indicator_12,5393.373389063044
49,202503,aT03mfdlNiF,indicator_12,5095.617529880478
50,202503,HJIS3IrQ0Nj,indicator_12,4714.0788997466525
51,202503,ogBt4gWCiem,indicator_12,5434.651068979427
52,202503,bNmwkrQeP3e,indicator_12,5619.9538638985005
53,202503,M5NHlfAaKYI,indicator_12,5491.587802313354
54,202503,CZ8kLjgqvSH,indicator_12,5244.860943168077
55,202503,v8YGmR7nOdj,indicator_12,5626.086956521738
56,202503,PeUY1vj02UQ,indicator_12,5381.6316316316315
57,202503,UAicdMLyuk4,indicator_12,5817.515817515818
58,202503,NNk3JP90QZ5,indicator_12,5430.061232300038
59,202503,hgquAmZaNBu,indicator_12,4844.054580896686
60,202503,uCYjHW7FuGG,indicator_12,4634.193406108722
61,202503,YQNQoPjAIpV,indicator_12,5185.4575163398695
62,202503,IU006h5U7jj,indicator_12,5190.249702734838
63,202503,YzHpzrN0eLv,indicator_12,5151.595275868147
64,202503,ibLiLcaKzw2,indicator_12,5162.864112498207
65,202503,PAj0oVY0Dxu,indicator_12,5794.194390084802
66,202503,fz7bJo3egPX,indicator_12,4644.704734016594
67,202503,tXgaew1Pd2Y,indicator_12,4855.117351503888
68,202503,MVQs2RrS1Nw,indicator_12,5801.647655259822
69,202503,FKYZ3JbWq84,indicator_12,5280.701754385965
70,202503,AdiUcz9BXhx,indicator_12,5703.23488045007
71,202503,ClbehnmwSec,indicator_12,4802.931003094847
72,202503,dScWdMRN8PL,indicator_12,5018.079259473531
73,202503,gmw76vAUMqz,indicator_12,4881.131131131131
74,202503,LeuBT7KfuuA,indicator_12,5279.493269992082
0,202503,AcnMkNGgc3S,indicator_13,2.9735489999999998
1,202503,AdiUcz9BXhx,indicator_13,3.383870499999999
2,202503,Bd6E8zkVvVt,indicator_13,6.460150416666665
3,202503,CBSB9v92AwT,indicator_13,5.4680324166666665
4,202503,CZ8kLjgqvSH,indicator_13,3.222237583333333
5,202503,ClbehnmwSec,indicator_13,3.8068368333333336
6,202503,DggJGxqbWHn,indicator_13,3.4975495833333334
7,202503,FKYZ3JbWq84,indicator_13,3.9915829166666668
8,202503,GaiLSoQq1ue,indicator_13,4.95518525
9,202503,HJIS3IrQ0Nj,indicator_13,4.244560783333333
10,202503,IU006h5U7jj,indicator_13,3.0184676666666665
11,202503,IhQbDYRiF8w,indicator_13,5.5562093333333324
12,202503,J1P16zQEOUT,indicator_13,3.4435860833333334
13,202503,KP2BUB1npih,indicator_13,4.868807416666667
14,202503,LeuBT7KfuuA,indicator_13,6.0257404166666655
15,202503,M5NHlfAaKYI,indicator_13,7.4197810833333335
16,202503,MTIkUw5q5pX,indicator_13,3.231725166666667
17,202503,MVQs2RrS1Nw,indicator_13,3.420000333333333
18,202503,MfHac5N78aK,indicator_13,5.080084833333332
19,202503,Mq751wBMqGF,indicator_13,2.4220125833333332
20,202503,N5WWbRtsjWp,indicator_13,5.201941916666667
21,202503,NL5xiiHZQSC,indicator_13,2.3737359999999996
22,202503,NNk3JP90QZ5,indicator_13,4.472155416666666
23,202503,NjckKfm3g0k,indicator_13,5.204876166666667
24,202503,PAj0oVY0Dxu,indicator_13,3.443238583333333
25,202503,PeUY1vj02UQ,indicator_13,4.0524685
26,202503,Pm0jLk6EAiE,indicator_13,4.7199670000000005
27,202503,QVMRMhzVrrS,indicator_13,6.684098250000002
28,202503,StsLkYw1G0m,indicator_13,2.5095663333333333
29,202503,Tf9b9qcbghH,indicator_13,5.825813583333333
30,202503,UAicdMLyuk4,indicator_13,2.8590447500000002
31,202503,VSI7HobT5qL,indicator_13,1.9885106666666668
32,202503,XBLhrSWGytu,indicator_13,3.07466275
33,202503,XxaOowFtkiJ,indicator_13,4.472271166666666
34,202503,YQNQoPjAIpV,indicator_13,5.366329
35,202503,YzHpzrN0eLv,indicator_13,4.20545775
36,202503,ZLcx4iOVyN5,indicator_13,6.136920333333335
37,202503,aT03mfdlNiF,indicator_13,1.9987397333333332
38,202503,b4XkXzoGqFY,indicator_13,3.65478325
39,202503,bNmwkrQeP3e,indicator_13,4.3883012500000005
40,202503,c96jwckSd6j,indicator_13,3.3239632500000003
41,202503,cP0p8qfm3il,indicator_13,6.591716750000001
42,202503,d9ZuMopgX29,indicator_13,3.312875333333333
43,202503,dScWdMRN8PL,indicator_13,4.885434583333334
44,202503,eA37kyBRRuZ,indicator_13,4.20085865
45,202503,eJTsuE56XDF,indicator_13,6.494701583333332
46,202503,fagfcadhxej,indicator_13,2.9306946666666662
47,202503,fe1yBApr2sl,indicator_13,7.202954583333335
48,202503,frD2HOp3wAs,indicator_13,3.287436166666667
49,202503,fz7bJo3egPX,indicator_13,4.659558250000001
50,202503,gmw76vAUMqz,indicator_13,2.7473111666666665
51,202503,hITp09XOBLZ,indicator_13,2.4067354999999995
52,202503,hgquAmZaNBu,indicator_13,5.589937250000001
53,202503,i2fSZZ3QAJJ,indicator_13,2.785701583333333
54,202503,iE0E3nLioFr,indicator_13,5.6513345
55,202503,ibLiLcaKzw2,indicator_13,2.782671666666667
56,202503,jM27ji8tyrM,indicator_13,2.567487666666667
57,202503,k3D0AumUCiC,indicator_13,2.9765259166666667
58,202503,lLvTDpBDY8u,indicator_13,2.7980058333333333
59,202503,m1IAjmqkoFC,indicator_13,3.2778697500000002
60,202503,o4ZQTVcMI7U,indicator_13,3.7052666666666667
61,202503,oNDvGBE5fLq,indicator_13,2.6010412583333338
62,202503,ogBt4gWCiem,indicator_13,5.344650250000001
63,202503,oyTwneTbWDx,indicator_13,5.034386325
64,202503,sUQMxIc3yXj,indicator_13,3.509707833333333
65,202503,tXgaew1Pd2Y,indicator_13,3.218449966666667
66,202503,tzH6nJu9SwS,indicator_13,3.5765100833333334
67,202503,uCYjHW7FuGG,indicator_13,3.6754678333333337
68,202503,uEEwlAGZXWW,indicator_13,3.8885814999999995
69,202503,uS0pNSxN3sS,indicator_13,4.448753083333332
70,202503,v8YGmR7nOdj,indicator_13,2.9635012499999998
71,202503,vR85cHdsw1w,indicator_13,5.886306
72,202503,vVqY3DPcpHf,indicator_13,4.805151833333334
73,202503,xUeHwd9FQkg,indicator_13,4.50662275
74,202503,y8WarEkWCul,indicator_13,3.529622666666667
0,202503,AcnMkNGgc3S,indicator_14,98.46064833333332
1,202503,AdiUcz9BXhx,indicator_14,91.77613749999999
2,202503,Bd6E8zkVvVt,indicator_14,92.8521475
3,202503,CBSB9v92AwT,indicator_14,96.05710666666668
4,202503,CZ8kLjgqvSH,indicator_14,97.44537416666668
5,202503,ClbehnmwSec,indicator_14,97.13098916666667
6,202503,DggJGxqbWHn,indicator_14,98.57589666666667
7,202503,FKYZ3JbWq84,indicator_14,94.23911083333333
8,202503,GaiLSoQq1ue,indicator_14,91.17546666666665
9,202503,HJIS3IrQ0Nj,indicator_14,98.29049066666666
10,202503,IU006h5U7jj,indicator_14,98.68395166666666
11,202503,IhQbDYRiF8w,indicator_14,94.82243916666665
12,202503,J1P16zQEOUT,indicator_14,93.55216333333334
13,202503,KP2BUB1npih,indicator_14,94.4973225
14,202503,LeuBT7KfuuA,indicator_14,94.54809416666667
15,202503,M5NHlfAaKYI,indicator_14,92.60120916666666
16,202503,MTIkUw5q5pX,indicator_14,92.34187750000001
17,202503,MVQs2RrS1Nw,indicator_14,98.97953666666666
18,202503,MfHac5N78aK,indicator_14,89.32243749999999
19,202503,Mq751wBMqGF,indicator_14,97.8943575
20,202503,N5WWbRtsjWp,indicator_14,96.73929499999998
21,202503,NL5xiiHZQSC,indicator_14,98.4399025
22,202503,NNk3JP90QZ5,indicator_14,96.63126916666668
23,202503,NjckKfm3g0k,indicator_14,95.55255583333333
24,202503,PAj0oVY0Dxu,indicator_14,95.26081166666667
25,202503,PeUY1vj02UQ,indicator_14,95.6249625
26,202503,Pm0jLk6EAiE,indicator_14,95.38951000000002
27,202503,QVMRMhzVrrS,indicator_14,84.42105666666667
28,202503,StsLkYw1G0m,indicator_14,95.77318083333334
29,202503,Tf9b9qcbghH,indicator_14,92.13484083333333
30,202503,UAicdMLyuk4,indicator_14,96.63232833333332
31,202503,VSI7HobT5qL,indicator_14,98.01799750000002
32,202503,XBLhrSWGytu,indicator_14,98.97163166666667
33,202503,XxaOowFtkiJ,indicator_14,95.57896416666665
34,202503,YQNQoPjAIpV,indicator_14,95.95727749999999
35,202503,YzHpzrN0eLv,indicator_14,96.52912833333335
36,202503,ZLcx4iOVyN5,indicator_14,98.86237166666666
37,202503,aT03mfdlNiF,indicator_14,97.45490758333334
38,202503,b4XkXzoGqFY,indicator_14,91.41271416666667
39,202503,bNmwkrQeP3e,indicator_14,93.28239
40,202503,c96jwckSd6j,indicator_14,97.25430250000001
41,202503,cP0p8qfm3il,indicator_14,95.69420500000001
42,202503,d9ZuMopgX29,indicator_14,97.7257908333333
43,202503,dScWdMRN8PL,indicator_14,96.09453666666667
44,202503,eA37kyBRRuZ,indicator_14,95.54450041666666
45,202503,eJTsuE56XDF,indicator_14,92.23883000000001
46,202503,fagfcadhxej,indicator_14,97.75385833333333
47,202503,fe1yBApr2sl,indicator_14,92.74136833333331
48,202503,frD2HOp3wAs,indicator_14,97.49694166666666
49,202503,fz7bJo3egPX,indicator_14,91.8184825
50,202503,gmw76vAUMqz,indicator_14,96.13935250000002
51,202503,hITp09XOBLZ,indicator_14,99.82845833333333
52,202503,hgquAmZaNBu,indicator_14,96.69997000000001
53,202503,i2fSZZ3QAJJ,indicator_14,94.34669333333333
54,202503,iE0E3nLioFr,indicator_14,98.062515
55,202503,ibLiLcaKzw2,indicator_14,97.52168083333332
56,202503,jM27ji8tyrM,indicator_14,96.50574916666666
57,202503,k3D0AumUCiC,indicator_14,98.04266666666666
58,202503,lLvTDpBDY8u,indicator_14,98.7976775
59,202503,m1IAjmqkoFC,indicator_14,99.57460583333334
60,202503,o4ZQTVcMI7U,indicator_14,94.65990666666666
61,202503,oNDvGBE5fLq,indicator_14,96.80926249999999
62,202503,ogBt4gWCiem,indicator_14,92.76505499999998
63,202503,oyTwneTbWDx,indicator_14,98.00649283333333
64,202503,sUQMxIc3yXj,indicator_14,97.02840416666665
65,202503,tXgaew1Pd2Y,indicator_14,96.94757333333332
66,202503,tzH6nJu9SwS,indicator_14,91.70027749999998
67,202503,uCYjHW7FuGG,indicator_14,97.819925
68,202503,uEEwlAGZXWW,indicator_14,87.65331666666667
69,202503,uS0pNSxN3sS,indicator_14,97.30847333333334
70,202503,v8YGmR7nOdj,indicator_14,90.12328000000001
71,202503,vR85cHdsw1w,indicator_14,90.1463875
72,202503,vVqY3DPcpHf,indicator_14,90.89119999999998
73,202503,xUeHwd9FQkg,indicator_14,95.72515416666666
74,202503,y8WarEkWCul,indicator_14,96.15203083333334
