,date,district,district_id,indicator_id,perc_point
0,202503,Maharajganj,AcnMkNGgc3S,indicator_1,100.0
1,202503,Maharajganj,AcnMkNGgc3S,indicator_2,58.03081881892045
2,202503,Maharajganj,AcnMkNGgc3S,indicator_31,2.1247429746401645
3,202503,Maharajganj,AcnMkNGgc3S,indicator_32,36.329588014981276
4,202503,Maharajganj,AcnMkNGgc3S,indicator_4,2.652017427543095
5,202503,Maharajganj,AcnMkNGgc3S,indicator_5,100.0
6,202503,Maharajganj,AcnMkNGgc3S,indicator_6,1.0022142264046499
7,202503,Maharajganj,AcnMkNGgc3S,indicator_7,100.0
8,202503,Maharajganj,AcnMkNGgc3S,indicator_8,2.696669442925578
9,202503,Maharajganj,AcnMkNGgc3S,indicator_9,11.949229420896742
10,202503,Maharajganj,AcnMkNGgc3S,indicator_10,100.0
11,202503,Maharajganj,AcnMkNGgc3S,indicator_11,100.0
12,202503,Maharajganj,AcnMkNGgc3S,indicator_12,7738.693467336676
13,202503,Shamli,AdiUcz9BXhx,indicator_1,100.0
14,202503,Shamli,AdiUcz9BXhx,indicator_2,70.82018673725611
15,202503,Shamli,AdiUcz9BXhx,indicator_31,3.724696356275304
16,202503,Shamli,AdiUcz9BXhx,indicator_32,26.027397260273972
17,202503,Shamli,AdiUcz9BXhx,indicator_4,0.25290844714213456
18,202503,Shamli,AdiUcz9BXhx,indicator_5,100.0
19,202503,Shamli,AdiUcz9BXhx,indicator_6,1.0448213204118717
20,202503,Shamli,AdiUcz9BXhx,indicator_7,88.3032897633765
21,202503,Shamli,AdiUcz9BXhx,indicator_8,0.076548411031477
22,202503,Shamli,AdiUcz9BXhx,indicator_9,10.061863361137476
23,202503,Shamli,AdiUcz9BXhx,indicator_10,100.0
24,202503,Shamli,AdiUcz9BXhx,indicator_11,100.0
25,202503,Shamli,AdiUcz9BXhx,indicator_12,6582.278481012656
26,202503,Auraiya,Bd6E8zkVvVt,indicator_1,100.0
27,202503,Auraiya,Bd6E8zkVvVt,indicator_2,67.380288857625
28,202503,Auraiya,Bd6E8zkVvVt,indicator_31,0.20366598778004072
29,202503,Auraiya,Bd6E8zkVvVt,indicator_32,6.111111111111111
30,202503,Auraiya,Bd6E8zkVvVt,indicator_4,1.784651992861392
31,202503,Auraiya,Bd6E8zkVvVt,indicator_5,100.0
32,202503,Auraiya,Bd6E8zkVvVt,indicator_6,1.1919060052219321
33,202503,Auraiya,Bd6E8zkVvVt,indicator_7,91.46011611468849
34,202503,Auraiya,Bd6E8zkVvVt,indicator_8,1.8767227620524263
35,202503,Auraiya,Bd6E8zkVvVt,indicator_9,22.784381261076764
36,202503,Auraiya,Bd6E8zkVvVt,indicator_10,100.0
37,202503,Auraiya,Bd6E8zkVvVt,indicator_11,100.0
38,202503,Auraiya,Bd6E8zkVvVt,indicator_12,5557.28760717069
39,202503,Maunathbhanjan,CBSB9v92AwT,indicator_1,100.0
40,202503,Maunathbhanjan,CBSB9v92AwT,indicator_2,78.16477297907244
41,202503,Maunathbhanjan,CBSB9v92AwT,indicator_31,4.1469194312796205
42,202503,Maunathbhanjan,CBSB9v92AwT,indicator_32,29.45205479452055
43,202503,Maunathbhanjan,CBSB9v92AwT,indicator_4,0.35511363636363635
44,202503,Maunathbhanjan,CBSB9v92AwT,indicator_5,100.0
45,202503,Maunathbhanjan,CBSB9v92AwT,indicator_6,1.0100190015546726
46,202503,Maunathbhanjan,CBSB9v92AwT,indicator_7,100.0
47,202503,Maunathbhanjan,CBSB9v92AwT,indicator_8,1.0731367531240183
48,202503,Maunathbhanjan,CBSB9v92AwT,indicator_9,6.5776342281034355
49,202503,Maunathbhanjan,CBSB9v92AwT,indicator_10,100.0
50,202503,Maunathbhanjan,CBSB9v92AwT,indicator_11,100.0
51,202503,Maunathbhanjan,CBSB9v92AwT,indicator_12,5649.746192893399
52,202503,Hapur,CZ8kLjgqvSH,indicator_1,100.0
53,202503,Hapur,CZ8kLjgqvSH,indicator_2,77.48807040651832
54,202503,Hapur,CZ8kLjgqvSH,indicator_31,2.197802197802198
55,202503,Hapur,CZ8kLjgqvSH,indicator_32,2.643171806167401
56,202503,Hapur,CZ8kLjgqvSH,indicator_4,2.7290448343079925
57,202503,Hapur,CZ8kLjgqvSH,indicator_5,100.0
58,202503,Hapur,CZ8kLjgqvSH,indicator_6,0.9086705202312139
59,202503,Hapur,CZ8kLjgqvSH,indicator_7,100.0
60,202503,Hapur,CZ8kLjgqvSH,indicator_8,0.6561862312090578
61,202503,Hapur,CZ8kLjgqvSH,indicator_9,6.608400342672782
62,202503,Hapur,CZ8kLjgqvSH,indicator_10,98.96907216494846
63,202503,Hapur,CZ8kLjgqvSH,indicator_11,100.0
64,202503,Hapur,CZ8kLjgqvSH,indicator_12,6058.041112454657
65,202503,Chandauli,ClbehnmwSec,indicator_1,100.0
66,202503,Chandauli,ClbehnmwSec,indicator_2,75.59597967803742
67,202503,Chandauli,ClbehnmwSec,indicator_31,2.923976608187134
68,202503,Chandauli,ClbehnmwSec,indicator_32,59.66850828729282
69,202503,Chandauli,ClbehnmwSec,indicator_4,4.1365046535677354
70,202503,Chandauli,ClbehnmwSec,indicator_5,100.0
71,202503,Chandauli,ClbehnmwSec,indicator_6,1.023171768707483
72,202503,Chandauli,ClbehnmwSec,indicator_7,90.5863412408237
73,202503,Chandauli,ClbehnmwSec,indicator_8,3.0417558321036027
74,202503,Chandauli,ClbehnmwSec,indicator_9,8.664524677422744
75,202503,Chandauli,ClbehnmwSec,indicator_10,92.28571428571428
76,202503,Chandauli,ClbehnmwSec,indicator_11,100.0
77,202503,Chandauli,ClbehnmwSec,indicator_12,5821.955215729105
78,202503,Banda,DggJGxqbWHn,indicator_1,100.0
79,202503,Banda,DggJGxqbWHn,indicator_2,55.34826629957041
80,202503,Banda,DggJGxqbWHn,indicator_31,0.5388760585065435
81,202503,Banda,DggJGxqbWHn,indicator_32,23.961661341853034
82,202503,Banda,DggJGxqbWHn,indicator_4,16.048502139800284
83,202503,Banda,DggJGxqbWHn,indicator_5,88.0527817403709
84,202503,Banda,DggJGxqbWHn,indicator_6,1.5058898439987265
85,202503,Banda,DggJGxqbWHn,indicator_7,94.70302410311528
86,202503,Banda,DggJGxqbWHn,indicator_8,0.9821268670482104
87,202503,Banda,DggJGxqbWHn,indicator_9,6.582714126810586
88,202503,Banda,DggJGxqbWHn,indicator_10,97.08520179372198
89,202503,Banda,DggJGxqbWHn,indicator_11,100.0
90,202503,Banda,DggJGxqbWHn,indicator_12,6154.324828873677
91,202503,Saharanpur,FKYZ3JbWq84,indicator_1,100.0
92,202503,Saharanpur,FKYZ3JbWq84,indicator_2,65.2869910691359
93,202503,Saharanpur,FKYZ3JbWq84,indicator_31,3.339787028073572
94,202503,Saharanpur,FKYZ3JbWq84,indicator_32,53.60169491525424
95,202503,Saharanpur,FKYZ3JbWq84,indicator_4,1.2273413897280967
96,202503,Saharanpur,FKYZ3JbWq84,indicator_5,96.09138972809667
97,202503,Saharanpur,FKYZ3JbWq84,indicator_6,1.128448194141625
98,202503,Saharanpur,FKYZ3JbWq84,indicator_7,100.0
99,202503,Saharanpur,FKYZ3JbWq84,indicator_8,0.6449739499492555
100,202503,Saharanpur,FKYZ3JbWq84,indicator_9,11.44622567441914
101,202503,Saharanpur,FKYZ3JbWq84,indicator_10,100.0
102,202503,Saharanpur,FKYZ3JbWq84,indicator_11,100.0
103,202503,Saharanpur,FKYZ3JbWq84,indicator_12,7078.947368421052
104,202503,Shahjahanpur,GaiLSoQq1ue,indicator_1,100.0
105,202503,Shahjahanpur,GaiLSoQq1ue,indicator_2,58.43648290576239
106,202503,Shahjahanpur,GaiLSoQq1ue,indicator_31,1.0993485342019544
107,202503,Shahjahanpur,GaiLSoQq1ue,indicator_32,20.87114337568058
108,202503,Shahjahanpur,GaiLSoQq1ue,indicator_4,13.242009132420092
109,202503,Shahjahanpur,GaiLSoQq1ue,indicator_5,100.0
110,202503,Shahjahanpur,GaiLSoQq1ue,indicator_6,1.0672572560904534
111,202503,Shahjahanpur,GaiLSoQq1ue,indicator_7,100.0
112,202503,Shahjahanpur,GaiLSoQq1ue,indicator_8,0.5340663978944489
113,202503,Shahjahanpur,GaiLSoQq1ue,indicator_9,8.319262234848456
114,202503,Shahjahanpur,GaiLSoQq1ue,indicator_10,100.0
115,202503,Shahjahanpur,GaiLSoQq1ue,indicator_11,100.0
116,202503,Shahjahanpur,GaiLSoQq1ue,indicator_12,1469.7508896797137
117,202503,Bagpat,HJIS3IrQ0Nj,indicator_1,100.0
118,202503,Bagpat,HJIS3IrQ0Nj,indicator_2,77.9489509844959
119,202503,Bagpat,HJIS3IrQ0Nj,indicator_31,1.0204081632653061
120,202503,Bagpat,HJIS3IrQ0Nj,indicator_32,23.11320754716981
121,202503,Bagpat,HJIS3IrQ0Nj,indicator_4,2.194586686174104
122,202503,Bagpat,HJIS3IrQ0Nj,indicator_5,100.0
123,202503,Bagpat,HJIS3IrQ0Nj,indicator_6,0.9605897363198186
124,202503,Bagpat,HJIS3IrQ0Nj,indicator_7,100.0
125,202503,Bagpat,HJIS3IrQ0Nj,indicator_8,0.7634596608016762
126,202503,Bagpat,HJIS3IrQ0Nj,indicator_9,13.654743487459276
127,202503,Bagpat,HJIS3IrQ0Nj,indicator_10,100.0
128,202503,Bagpat,HJIS3IrQ0Nj,indicator_11,100.0
129,202503,Bagpat,HJIS3IrQ0Nj,indicator_12,5624.321389793704
130,202503,Rampur,IU006h5U7jj,indicator_1,100.0
131,202503,Rampur,IU006h5U7jj,indicator_2,65.82427345505064
132,202503,Rampur,IU006h5U7jj,indicator_31,3.8272816486751715
133,202503,Rampur,IU006h5U7jj,indicator_32,20.46511627906977
134,202503,Rampur,IU006h5U7jj,indicator_4,2.2499488647985273
135,202503,Rampur,IU006h5U7jj,indicator_5,99.8159132746983
136,202503,Rampur,IU006h5U7jj,indicator_6,1.0050172467858263
137,202503,Rampur,IU006h5U7jj,indicator_7,100.0
138,202503,Rampur,IU006h5U7jj,indicator_8,0.36058265271758766
139,202503,Rampur,IU006h5U7jj,indicator_9,7.764708879803728
140,202503,Rampur,IU006h5U7jj,indicator_10,100.0
141,202503,Rampur,IU006h5U7jj,indicator_11,100.0
142,202503,Rampur,IU006h5U7jj,indicator_12,6349.583828775265
143,202503,Kannauj,IhQbDYRiF8w,indicator_1,100.0
144,202503,Kannauj,IhQbDYRiF8w,indicator_2,91.4508046000932
145,202503,Kannauj,IhQbDYRiF8w,indicator_31,0.0
146,202503,Kannauj,IhQbDYRiF8w,indicator_32,11.842105263157894
147,202503,Kannauj,IhQbDYRiF8w,indicator_4,4.396570674873598
148,202503,Kannauj,IhQbDYRiF8w,indicator_5,85.09562541217849
149,202503,Kannauj,IhQbDYRiF8w,indicator_6,1.2446972025822318
150,202503,Kannauj,IhQbDYRiF8w,indicator_7,98.28012264714759
151,202503,Kannauj,IhQbDYRiF8w,indicator_8,0.9018592752338448
152,202503,Kannauj,IhQbDYRiF8w,indicator_9,10.224527185505544
153,202503,Kannauj,IhQbDYRiF8w,indicator_10,100.0
154,202503,Kannauj,IhQbDYRiF8w,indicator_11,100.0
155,202503,Kannauj,IhQbDYRiF8w,indicator_12,6822.5584594222855
156,202503,Basti,J1P16zQEOUT,indicator_1,100.0
157,202503,Basti,J1P16zQEOUT,indicator_2,48.48151517221686
158,202503,Basti,J1P16zQEOUT,indicator_31,2.685185185185185
159,202503,Basti,J1P16zQEOUT,indicator_32,51.19453924914675
160,202503,Basti,J1P16zQEOUT,indicator_4,2.7958993476234855
161,202503,Basti,J1P16zQEOUT,indicator_5,100.0
162,202503,Basti,J1P16zQEOUT,indicator_6,1.0521305530371714
163,202503,Basti,J1P16zQEOUT,indicator_7,100.0
164,202503,Basti,J1P16zQEOUT,indicator_8,0.6817371619266466
165,202503,Basti,J1P16zQEOUT,indicator_9,9.684229012890833
166,202503,Basti,J1P16zQEOUT,indicator_10,87.05701078582435
167,202503,Basti,J1P16zQEOUT,indicator_11,100.0
168,202503,Basti,J1P16zQEOUT,indicator_12,4867.333623314479
169,202503,Mathura,KP2BUB1npih,indicator_1,100.0
170,202503,Mathura,KP2BUB1npih,indicator_2,80.58124195016083
171,202503,Mathura,KP2BUB1npih,indicator_31,3.2060027285129604
172,202503,Mathura,KP2BUB1npih,indicator_32,15.598885793871867
173,202503,Mathura,KP2BUB1npih,indicator_4,1.1648223645894002
174,202503,Mathura,KP2BUB1npih,indicator_5,100.0
175,202503,Mathura,KP2BUB1npih,indicator_6,1.3235443897470718
176,202503,Mathura,KP2BUB1npih,indicator_7,100.0
177,202503,Mathura,KP2BUB1npih,indicator_8,1.344663802144988
178,202503,Mathura,KP2BUB1npih,indicator_9,6.965576254431223
179,202503,Mathura,KP2BUB1npih,indicator_10,100.0
180,202503,Mathura,KP2BUB1npih,indicator_11,100.0
181,202503,Mathura,KP2BUB1npih,indicator_12,6763.925729442971
182,202503,Varanasi,LeuBT7KfuuA,indicator_1,100.0
183,202503,Varanasi,LeuBT7KfuuA,indicator_2,83.53663402702304
184,202503,Varanasi,LeuBT7KfuuA,indicator_31,27.116564417177912
185,202503,Varanasi,LeuBT7KfuuA,indicator_32,67.13906111603188
186,202503,Varanasi,LeuBT7KfuuA,indicator_4,0.5006884466140944
187,202503,Varanasi,LeuBT7KfuuA,indicator_5,32.68243835273501
188,202503,Varanasi,LeuBT7KfuuA,indicator_6,1.0824038621608123
189,202503,Varanasi,LeuBT7KfuuA,indicator_7,100.0
190,202503,Varanasi,LeuBT7KfuuA,indicator_8,2.6581915031690926
191,202503,Varanasi,LeuBT7KfuuA,indicator_9,7.606517224453096
192,202503,Varanasi,LeuBT7KfuuA,indicator_10,98.90815671162491
193,202503,Varanasi,LeuBT7KfuuA,indicator_11,100.0
194,202503,Varanasi,LeuBT7KfuuA,indicator_12,5524.940617577196
195,202503,Ghaziabad,M5NHlfAaKYI,indicator_1,100.0
196,202503,Ghaziabad,M5NHlfAaKYI,indicator_2,67.34074836644228
197,202503,Ghaziabad,M5NHlfAaKYI,indicator_31,11.613691931540341
198,202503,Ghaziabad,M5NHlfAaKYI,indicator_32,28.500619578686493
199,202503,Ghaziabad,M5NHlfAaKYI,indicator_4,1.1441647597254005
200,202503,Ghaziabad,M5NHlfAaKYI,indicator_5,82.78032036613271
201,202503,Ghaziabad,M5NHlfAaKYI,indicator_6,1.0266554094801592
202,202503,Ghaziabad,M5NHlfAaKYI,indicator_7,100.0
203,202503,Ghaziabad,M5NHlfAaKYI,indicator_8,0.5165210985026855
204,202503,Ghaziabad,M5NHlfAaKYI,indicator_9,10.768574350162885
205,202503,Ghaziabad,M5NHlfAaKYI,indicator_10,100.0
206,202503,Ghaziabad,M5NHlfAaKYI,indicator_11,100.0
207,202503,Ghaziabad,M5NHlfAaKYI,indicator_12,8091.482649842273
208,202503,Hardoi,MTIkUw5q5pX,indicator_1,100.0
209,202503,Hardoi,MTIkUw5q5pX,indicator_2,62.39225643498
210,202503,Hardoi,MTIkUw5q5pX,indicator_31,0.45173561578697097
211,202503,Hardoi,MTIkUw5q5pX,indicator_32,23.477297895902545
212,202503,Hardoi,MTIkUw5q5pX,indicator_4,7.319892127905484
213,202503,Hardoi,MTIkUw5q5pX,indicator_5,100.0
214,202503,Hardoi,MTIkUw5q5pX,indicator_6,1.2553843013167296
215,202503,Hardoi,MTIkUw5q5pX,indicator_7,100.0
216,202503,Hardoi,MTIkUw5q5pX,indicator_8,0.38528368612496716
217,202503,Hardoi,MTIkUw5q5pX,indicator_9,7.639149920578485
218,202503,Hardoi,MTIkUw5q5pX,indicator_10,100.0
219,202503,Hardoi,MTIkUw5q5pX,indicator_11,100.0
220,202503,Hardoi,MTIkUw5q5pX,indicator_12,3263.944488924478
221,202503,Muzaffarnagar,MVQs2RrS1Nw,indicator_1,100.0
222,202503,Muzaffarnagar,MVQs2RrS1Nw,indicator_2,80.40645791570464
223,202503,Muzaffarnagar,MVQs2RrS1Nw,indicator_31,3.7776193870277974
224,202503,Muzaffarnagar,MVQs2RrS1Nw,indicator_32,47.987117552334944
225,202503,Muzaffarnagar,MVQs2RrS1Nw,indicator_4,0.6895600606812854
226,202503,Muzaffarnagar,MVQs2RrS1Nw,indicator_5,100.0
227,202503,Muzaffarnagar,MVQs2RrS1Nw,indicator_6,1.135965610571565
228,202503,Muzaffarnagar,MVQs2RrS1Nw,indicator_7,100.0
229,202503,Muzaffarnagar,MVQs2RrS1Nw,indicator_8,0.8780494199170862
230,202503,Muzaffarnagar,MVQs2RrS1Nw,indicator_9,9.815575127435842
231,202503,Muzaffarnagar,MVQs2RrS1Nw,indicator_10,100.0
232,202503,Muzaffarnagar,MVQs2RrS1Nw,indicator_11,100.0
233,202503,Muzaffarnagar,MVQs2RrS1Nw,indicator_12,7547.528517110264
234,202503,Lucknow,MfHac5N78aK,indicator_1,100.0
235,202503,Lucknow,MfHac5N78aK,indicator_2,91.69550493713196
236,202503,Lucknow,MfHac5N78aK,indicator_31,12.740656851642129
237,202503,Lucknow,MfHac5N78aK,indicator_32,60.02565198802907
238,202503,Lucknow,MfHac5N78aK,indicator_4,15.746234596074851
239,202503,Lucknow,MfHac5N78aK,indicator_5,68.00547695116386
240,202503,Lucknow,MfHac5N78aK,indicator_6,1.1627268385864375
241,202503,Lucknow,MfHac5N78aK,indicator_7,100.0
242,202503,Lucknow,MfHac5N78aK,indicator_8,0.7542284006890643
243,202503,Lucknow,MfHac5N78aK,indicator_9,5.799937562093257
244,202503,Lucknow,MfHac5N78aK,indicator_10,100.0
245,202503,Lucknow,MfHac5N78aK,indicator_11,100.0
246,202503,Lucknow,MfHac5N78aK,indicator_12,7374.9143248800565
247,202503,Jhansi,Mq751wBMqGF,indicator_1,100.0
248,202503,Jhansi,Mq751wBMqGF,indicator_2,61.8699509416603
249,202503,Jhansi,Mq751wBMqGF,indicator_31,4.851157662624035
250,202503,Jhansi,Mq751wBMqGF,indicator_32,41.53005464480874
251,202503,Jhansi,Mq751wBMqGF,indicator_4,2.5693730729701953
252,202503,Jhansi,Mq751wBMqGF,indicator_5,64.08016443987667
253,202503,Jhansi,Mq751wBMqGF,indicator_6,0.9696276263781984
254,202503,Jhansi,Mq751wBMqGF,indicator_7,100.0
255,202503,Jhansi,Mq751wBMqGF,indicator_8,0.6414094883137584
256,202503,Jhansi,Mq751wBMqGF,indicator_9,7.12757285328435
257,202503,Jhansi,Mq751wBMqGF,indicator_10,100.0
258,202503,Jhansi,Mq751wBMqGF,indicator_11,100.0
259,202503,Jhansi,Mq751wBMqGF,indicator_12,2418.8562596599654
260,202503,Agra,N5WWbRtsjWp,indicator_1,100.0
261,202503,Agra,N5WWbRtsjWp,indicator_2,87.00674443644874
262,202503,Agra,N5WWbRtsjWp,indicator_31,1.3300665033251664
263,202503,Agra,N5WWbRtsjWp,indicator_32,38.19379115710254
264,202503,Agra,N5WWbRtsjWp,indicator_4,5.918650044075053
265,202503,Agra,N5WWbRtsjWp,indicator_5,100.0
266,202503,Agra,N5WWbRtsjWp,indicator_6,1.0929542408577446
267,202503,Agra,N5WWbRtsjWp,indicator_7,97.20466752747147
268,202503,Agra,N5WWbRtsjWp,indicator_8,2.0960575931115475
269,202503,Agra,N5WWbRtsjWp,indicator_9,10.226041205321357
270,202503,Agra,N5WWbRtsjWp,indicator_10,100.0
271,202503,Agra,N5WWbRtsjWp,indicator_11,100.0
272,202503,Agra,N5WWbRtsjWp,indicator_12,9716.9459962756
273,202503,Jalaun,NL5xiiHZQSC,indicator_1,100.0
274,202503,Jalaun,NL5xiiHZQSC,indicator_2,52.15269854077075
275,202503,Jalaun,NL5xiiHZQSC,indicator_31,2.3140495867768593
276,202503,Jalaun,NL5xiiHZQSC,indicator_32,22.067594433399602
277,202503,Jalaun,NL5xiiHZQSC,indicator_4,3.2206119162640903
278,202503,Jalaun,NL5xiiHZQSC,indicator_5,91.62640901771336
279,202503,Jalaun,NL5xiiHZQSC,indicator_6,1.5206185567010309
280,202503,Jalaun,NL5xiiHZQSC,indicator_7,83.93606168164072
281,202503,Jalaun,NL5xiiHZQSC,indicator_8,0.7460936215806928
282,202503,Jalaun,NL5xiiHZQSC,indicator_9,8.275299841976704
283,202503,Jalaun,NL5xiiHZQSC,indicator_10,100.0
284,202503,Jalaun,NL5xiiHZQSC,indicator_11,100.0
285,202503,Jalaun,NL5xiiHZQSC,indicator_12,6901.172529313231
286,202503,Sonbhadra,NNk3JP90QZ5,indicator_1,93.98138068086897
287,202503,Sonbhadra,NNk3JP90QZ5,indicator_2,70.13987622479057
288,202503,Sonbhadra,NNk3JP90QZ5,indicator_31,2.3419203747072603
289,202503,Sonbhadra,NNk3JP90QZ5,indicator_32,43.60313315926893
290,202503,Sonbhadra,NNk3JP90QZ5,indicator_4,7.751937984496124
291,202503,Sonbhadra,NNk3JP90QZ5,indicator_5,85.67228013900026
292,202503,Sonbhadra,NNk3JP90QZ5,indicator_6,1.1304545454545454
293,202503,Sonbhadra,NNk3JP90QZ5,indicator_7,89.00824634267292
294,202503,Sonbhadra,NNk3JP90QZ5,indicator_8,1.9080254882619223
295,202503,Sonbhadra,NNk3JP90QZ5,indicator_9,7.898439607015601
296,202503,Sonbhadra,NNk3JP90QZ5,indicator_10,100.0
297,202503,Sonbhadra,NNk3JP90QZ5,indicator_11,100.0
298,202503,Sonbhadra,NNk3JP90QZ5,indicator_12,6463.834672789892
299,202503,Azamgarh,NjckKfm3g0k,indicator_1,100.0
300,202503,Azamgarh,NjckKfm3g0k,indicator_2,76.95575676381969
301,202503,Azamgarh,NjckKfm3g0k,indicator_31,2.929838087895143
302,202503,Azamgarh,NjckKfm3g0k,indicator_32,46.10951008645533
303,202503,Azamgarh,NjckKfm3g0k,indicator_4,7.431260837255388
304,202503,Azamgarh,NjckKfm3g0k,indicator_5,100.0
305,202503,Azamgarh,NjckKfm3g0k,indicator_6,1.0816576503011126
306,202503,Azamgarh,NjckKfm3g0k,indicator_7,100.0
307,202503,Azamgarh,NjckKfm3g0k,indicator_8,0.9398885637601032
308,202503,Azamgarh,NjckKfm3g0k,indicator_9,3.636960094549965
309,202503,Azamgarh,NjckKfm3g0k,indicator_10,100.0
310,202503,Azamgarh,NjckKfm3g0k,indicator_11,100.0
311,202503,Azamgarh,NjckKfm3g0k,indicator_12,5837.729213765388
312,202503,Kaushambi,PAj0oVY0Dxu,indicator_1,100.0
313,202503,Kaushambi,PAj0oVY0Dxu,indicator_2,62.629115650561786
314,202503,Kaushambi,PAj0oVY0Dxu,indicator_31,3.4626038781163437
315,202503,Kaushambi,PAj0oVY0Dxu,indicator_32,17.43869209809264
316,202503,Kaushambi,PAj0oVY0Dxu,indicator_4,4.609711124769515
317,202503,Kaushambi,PAj0oVY0Dxu,indicator_5,100.0
318,202503,Kaushambi,PAj0oVY0Dxu,indicator_6,1.0216330858960763
319,202503,Kaushambi,PAj0oVY0Dxu,indicator_7,100.0
320,202503,Kaushambi,PAj0oVY0Dxu,indicator_8,0.8950741776613403
321,202503,Kaushambi,PAj0oVY0Dxu,indicator_9,9.986707260017733
322,202503,Kaushambi,PAj0oVY0Dxu,indicator_10,100.0
323,202503,Kaushambi,PAj0oVY0Dxu,indicator_11,100.0
324,202503,Kaushambi,PAj0oVY0Dxu,indicator_12,7345.075016307902
325,202503,Bhadohi,PeUY1vj02UQ,indicator_1,100.0
326,202503,Bhadohi,PeUY1vj02UQ,indicator_2,82.21712909828342
327,202503,Bhadohi,PeUY1vj02UQ,indicator_31,4.831932773109244
328,202503,Bhadohi,PeUY1vj02UQ,indicator_32,9.146341463414634
329,202503,Bhadohi,PeUY1vj02UQ,indicator_4,2.9006526468455403
330,202503,Bhadohi,PeUY1vj02UQ,indicator_5,75.7070340826686
331,202503,Bhadohi,PeUY1vj02UQ,indicator_6,1.1257501363884344
332,202503,Bhadohi,PeUY1vj02UQ,indicator_7,96.7866431312771
333,202503,Bhadohi,PeUY1vj02UQ,indicator_8,1.9074408499541387
334,202503,Bhadohi,PeUY1vj02UQ,indicator_9,10.205791764187607
335,202503,Bhadohi,PeUY1vj02UQ,indicator_10,100.0
336,202503,Bhadohi,PeUY1vj02UQ,indicator_11,100.0
337,202503,Bhadohi,PeUY1vj02UQ,indicator_12,7834.084084084086
338,202503,Etawah,Pm0jLk6EAiE,indicator_1,100.0
339,202503,Etawah,Pm0jLk6EAiE,indicator_2,70.74054196312386
340,202503,Etawah,Pm0jLk6EAiE,indicator_31,1.6983016983016983
341,202503,Etawah,Pm0jLk6EAiE,indicator_32,32.865497076023395
342,202503,Etawah,Pm0jLk6EAiE,indicator_4,2.1240441801189465
343,202503,Etawah,Pm0jLk6EAiE,indicator_5,100.0
344,202503,Etawah,Pm0jLk6EAiE,indicator_6,1.1759088108441158
345,202503,Etawah,Pm0jLk6EAiE,indicator_7,100.0
346,202503,Etawah,Pm0jLk6EAiE,indicator_8,1.0048296744050116
347,202503,Etawah,Pm0jLk6EAiE,indicator_9,9.427552543645474
348,202503,Etawah,Pm0jLk6EAiE,indicator_10,100.0
349,202503,Etawah,Pm0jLk6EAiE,indicator_11,100.0
350,202503,Etawah,Pm0jLk6EAiE,indicator_12,8230.313293818801
351,202503,Kanpur Nagar,QVMRMhzVrrS,indicator_1,78.23208677489754
352,202503,Kanpur Nagar,QVMRMhzVrrS,indicator_2,56.93338190128576
353,202503,Kanpur Nagar,QVMRMhzVrrS,indicator_31,7.6923076923076925
354,202503,Kanpur Nagar,QVMRMhzVrrS,indicator_32,44.88424197162061
355,202503,Kanpur Nagar,QVMRMhzVrrS,indicator_4,12.518054886856042
356,202503,Kanpur Nagar,QVMRMhzVrrS,indicator_5,100.0
357,202503,Kanpur Nagar,QVMRMhzVrrS,indicator_6,1.3701010598964751
358,202503,Kanpur Nagar,QVMRMhzVrrS,indicator_7,100.0
359,202503,Kanpur Nagar,QVMRMhzVrrS,indicator_8,0.24075210978908568
360,202503,Kanpur Nagar,QVMRMhzVrrS,indicator_9,6.592022053748775
361,202503,Kanpur Nagar,QVMRMhzVrrS,indicator_10,100.0
362,202503,Kanpur Nagar,QVMRMhzVrrS,indicator_11,73.9582649727107
363,202503,Kanpur Nagar,QVMRMhzVrrS,indicator_12,6575.5919854280555
364,202503,Amethi,StsLkYw1G0m,indicator_1,100.0
365,202503,Amethi,StsLkYw1G0m,indicator_2,68.19823901403507
366,202503,Amethi,StsLkYw1G0m,indicator_31,3.3306255077173033
367,202503,Amethi,StsLkYw1G0m,indicator_32,38.55421686746988
368,202503,Amethi,StsLkYw1G0m,indicator_4,1.6680567139282736
369,202503,Amethi,StsLkYw1G0m,indicator_5,100.0
370,202503,Amethi,StsLkYw1G0m,indicator_6,1.2205634481098002
371,202503,Amethi,StsLkYw1G0m,indicator_7,100.0
372,202503,Amethi,StsLkYw1G0m,indicator_8,0.5654098802249556
373,202503,Amethi,StsLkYw1G0m,indicator_9,6.912052145235257
374,202503,Amethi,StsLkYw1G0m,indicator_10,100.0
375,202503,Amethi,StsLkYw1G0m,indicator_11,100.0
376,202503,Amethi,StsLkYw1G0m,indicator_12,6394.444444444452
377,202503,Deoria,Tf9b9qcbghH,indicator_1,100.0
378,202503,Deoria,Tf9b9qcbghH,indicator_2,60.97253834026144
379,202503,Deoria,Tf9b9qcbghH,indicator_31,3.0878859857482186
380,202503,Deoria,Tf9b9qcbghH,indicator_32,33.97849462365591
381,202503,Deoria,Tf9b9qcbghH,indicator_4,1.6317650258362797
382,202503,Deoria,Tf9b9qcbghH,indicator_5,100.0
383,202503,Deoria,Tf9b9qcbghH,indicator_6,1.0388116914230954
384,202503,Deoria,Tf9b9qcbghH,indicator_7,100.0
385,202503,Deoria,Tf9b9qcbghH,indicator_8,1.1040619137496348
386,202503,Deoria,Tf9b9qcbghH,indicator_9,6.371086690519951
387,202503,Deoria,Tf9b9qcbghH,indicator_10,100.0
388,202503,Deoria,Tf9b9qcbghH,indicator_11,100.0
389,202503,Deoria,Tf9b9qcbghH,indicator_12,6764.484574868321
390,202503,Mirzapur,UAicdMLyuk4,indicator_1,100.0
391,202503,Mirzapur,UAicdMLyuk4,indicator_2,85.02323137138009
392,202503,Mirzapur,UAicdMLyuk4,indicator_31,1.2422360248447204
393,202503,Mirzapur,UAicdMLyuk4,indicator_32,55.375253549695735
394,202503,Mirzapur,UAicdMLyuk4,indicator_4,6.971340046475601
395,202503,Mirzapur,UAicdMLyuk4,indicator_5,97.3147430932094
396,202503,Mirzapur,UAicdMLyuk4,indicator_6,1.489545782263879
397,202503,Mirzapur,UAicdMLyuk4,indicator_7,92.50889810353671
398,202503,Mirzapur,UAicdMLyuk4,indicator_8,3.523807312163199
399,202503,Mirzapur,UAicdMLyuk4,indicator_9,4.205834533872205
400,202503,Mirzapur,UAicdMLyuk4,indicator_10,100.0
401,202503,Mirzapur,UAicdMLyuk4,indicator_11,100.0
402,202503,Mirzapur,UAicdMLyuk4,indicator_12,7147.852147852143
403,202503,Hamirpur,VSI7HobT5qL,indicator_1,100.0
404,202503,Hamirpur,VSI7HobT5qL,indicator_2,57.57476528478117
405,202503,Hamirpur,VSI7HobT5qL,indicator_31,0.8415147265077139
406,202503,Hamirpur,VSI7HobT5qL,indicator_32,13.488372093023257
407,202503,Hamirpur,VSI7HobT5qL,indicator_4,8.607198748043817
408,202503,Hamirpur,VSI7HobT5qL,indicator_5,100.0
409,202503,Hamirpur,VSI7HobT5qL,indicator_6,1.5892002734107997
410,202503,Hamirpur,VSI7HobT5qL,indicator_7,83.5258958359129
411,202503,Hamirpur,VSI7HobT5qL,indicator_8,1.1022805641614448
412,202503,Hamirpur,VSI7HobT5qL,indicator_9,10.684116082793892
413,202503,Hamirpur,VSI7HobT5qL,indicator_10,97.37704918032787
414,202503,Hamirpur,VSI7HobT5qL,indicator_11,100.0
415,202503,Hamirpur,VSI7HobT5qL,indicator_12,4685.263157894742
416,202503,Mainpuri,XBLhrSWGytu,indicator_1,100.0
417,202503,Mainpuri,XBLhrSWGytu,indicator_2,65.71844039139913
418,202503,Mainpuri,XBLhrSWGytu,indicator_31,0.8223684210526315
419,202503,Mainpuri,XBLhrSWGytu,indicator_32,25.252525252525253
420,202503,Mainpuri,XBLhrSWGytu,indicator_4,7.689021785561726
421,202503,Mainpuri,XBLhrSWGytu,indicator_5,100.0
422,202503,Mainpuri,XBLhrSWGytu,indicator_6,1.2768679631525077
423,202503,Mainpuri,XBLhrSWGytu,indicator_7,100.0
424,202503,Mainpuri,XBLhrSWGytu,indicator_8,0.17514974513634105
425,202503,Mainpuri,XBLhrSWGytu,indicator_9,7.986828378217152
426,202503,Mainpuri,XBLhrSWGytu,indicator_10,100.0
427,202503,Mainpuri,XBLhrSWGytu,indicator_11,100.0
428,202503,Mainpuri,XBLhrSWGytu,indicator_12,7171.5039577836405
429,202503,Sitapur,XxaOowFtkiJ,indicator_1,100.0
430,202503,Sitapur,XxaOowFtkiJ,indicator_2,70.28441451225305
431,202503,Sitapur,XxaOowFtkiJ,indicator_31,2.8084252758274824
432,202503,Sitapur,XxaOowFtkiJ,indicator_32,16.548940464177598
433,202503,Sitapur,XxaOowFtkiJ,indicator_4,9.47814451382694
434,202503,Sitapur,XxaOowFtkiJ,indicator_5,94.5249776984835
435,202503,Sitapur,XxaOowFtkiJ,indicator_6,1.2861911987860395
436,202503,Sitapur,XxaOowFtkiJ,indicator_7,96.01106044823878
437,202503,Sitapur,XxaOowFtkiJ,indicator_8,1.7045965162398093
438,202503,Sitapur,XxaOowFtkiJ,indicator_9,7.263125592266772
439,202503,Sitapur,XxaOowFtkiJ,indicator_10,100.0
440,202503,Sitapur,XxaOowFtkiJ,indicator_11,100.0
441,202503,Sitapur,XxaOowFtkiJ,indicator_12,8309.822361546498
442,202503,Moradabad,YQNQoPjAIpV,indicator_1,100.0
443,202503,Moradabad,YQNQoPjAIpV,indicator_2,61.053460756507796
444,202503,Moradabad,YQNQoPjAIpV,indicator_31,2.6395939086294415
445,202503,Moradabad,YQNQoPjAIpV,indicator_32,40.0
446,202503,Moradabad,YQNQoPjAIpV,indicator_4,0.0
447,202503,Moradabad,YQNQoPjAIpV,indicator_5,100.0
448,202503,Moradabad,YQNQoPjAIpV,indicator_6,1.018635571054926
449,202503,Moradabad,YQNQoPjAIpV,indicator_7,100.0
450,202503,Moradabad,YQNQoPjAIpV,indicator_8,0.9737443614546366
451,202503,Moradabad,YQNQoPjAIpV,indicator_9,11.414041048930665
452,202503,Moradabad,YQNQoPjAIpV,indicator_10,100.0
453,202503,Moradabad,YQNQoPjAIpV,indicator_11,100.0
454,202503,Moradabad,YQNQoPjAIpV,indicator_12,6299.019607843137
455,202503,Sambhal,YzHpzrN0eLv,indicator_1,100.0
456,202503,Sambhal,YzHpzrN0eLv,indicator_2,75.06501252950896
457,202503,Sambhal,YzHpzrN0eLv,indicator_31,0.8952080042127435
458,202503,Sambhal,YzHpzrN0eLv,indicator_32,3.051643192488263
459,202503,Sambhal,YzHpzrN0eLv,indicator_4,0.6492101276779918
460,202503,Sambhal,YzHpzrN0eLv,indicator_5,99.8052369616966
461,202503,Sambhal,YzHpzrN0eLv,indicator_6,0.9568133486013414
462,202503,Sambhal,YzHpzrN0eLv,indicator_7,100.0
463,202503,Sambhal,YzHpzrN0eLv,indicator_8,0.48834360035230795
464,202503,Sambhal,YzHpzrN0eLv,indicator_9,13.970206451963405
465,202503,Sambhal,YzHpzrN0eLv,indicator_10,100.0
466,202503,Sambhal,YzHpzrN0eLv,indicator_11,100.0
467,202503,Sambhal,YzHpzrN0eLv,indicator_12,6192.490745637224
468,202503,Etah,ZLcx4iOVyN5,indicator_1,100.0
469,202503,Etah,ZLcx4iOVyN5,indicator_2,65.73098807678835
470,202503,Etah,ZLcx4iOVyN5,indicator_31,0.16792611251049538
471,202503,Etah,ZLcx4iOVyN5,indicator_32,24.46808510638298
472,202503,Etah,ZLcx4iOVyN5,indicator_4,1.2010569300984868
473,202503,Etah,ZLcx4iOVyN5,indicator_5,100.0
474,202503,Etah,ZLcx4iOVyN5,indicator_6,1.0823214653220827
475,202503,Etah,ZLcx4iOVyN5,indicator_7,100.0
476,202503,Etah,ZLcx4iOVyN5,indicator_8,1.062313320495198
477,202503,Etah,ZLcx4iOVyN5,indicator_9,5.418772533902111
478,202503,Etah,ZLcx4iOVyN5,indicator_10,100.0
479,202503,Etah,ZLcx4iOVyN5,indicator_11,100.0
480,202503,Etah,ZLcx4iOVyN5,indicator_12,7195.799876466955
481,202503,Unnav,aT03mfdlNiF,indicator_1,100.0
482,202503,Unnav,aT03mfdlNiF,indicator_2,64.18019778556197
483,202503,Unnav,aT03mfdlNiF,indicator_31,2.2232734153263953
484,202503,Unnav,aT03mfdlNiF,indicator_32,37.18411552346571
485,202503,Unnav,aT03mfdlNiF,indicator_4,2.0938023450586263
486,202503,Unnav,aT03mfdlNiF,indicator_5,100.0
487,202503,Unnav,aT03mfdlNiF,indicator_6,1.3454115793619534
488,202503,Unnav,aT03mfdlNiF,indicator_7,100.0
489,202503,Unnav,aT03mfdlNiF,indicator_8,0.6315270562191594
490,202503,Unnav,aT03mfdlNiF,indicator_9,6.315270562191594
491,202503,Unnav,aT03mfdlNiF,indicator_10,97.37274220032842
492,202503,Unnav,aT03mfdlNiF,indicator_11,100.0
493,202503,Unnav,aT03mfdlNiF,indicator_12,5956.175298804781
494,202503,Ayodhya,b4XkXzoGqFY,indicator_1,100.0
495,202503,Ayodhya,b4XkXzoGqFY,indicator_2,70.35315911918737
496,202503,Ayodhya,b4XkXzoGqFY,indicator_31,1.5665796344647518
497,202503,Ayodhya,b4XkXzoGqFY,indicator_32,58.87096774193549
498,202503,Ayodhya,b4XkXzoGqFY,indicator_4,4.444444444444445
499,202503,Ayodhya,b4XkXzoGqFY,indicator_5,100.0
500,202503,Ayodhya,b4XkXzoGqFY,indicator_6,1.1848724398131514
501,202503,Ayodhya,b4XkXzoGqFY,indicator_7,100.0
502,202503,Ayodhya,b4XkXzoGqFY,indicator_8,0.29852319315638753
503,202503,Ayodhya,b4XkXzoGqFY,indicator_9,4.480255342451913
504,202503,Ayodhya,b4XkXzoGqFY,indicator_10,100.0
505,202503,Ayodhya,b4XkXzoGqFY,indicator_11,100.0
506,202503,Ayodhya,b4XkXzoGqFY,indicator_12,5008.873114463181
507,202503,Gautam Buddha Nagar,bNmwkrQeP3e,indicator_1,100.0
508,202503,Gautam Buddha Nagar,bNmwkrQeP3e,indicator_2,95.78170915060872
509,202503,Gautam Buddha Nagar,bNmwkrQeP3e,indicator_31,1.9169329073482428
510,202503,Gautam Buddha Nagar,bNmwkrQeP3e,indicator_32,27.521008403361346
511,202503,Gautam Buddha Nagar,bNmwkrQeP3e,indicator_4,4.900868790376476
512,202503,Gautam Buddha Nagar,bNmwkrQeP3e,indicator_5,53.82044998886166
513,202503,Gautam Buddha Nagar,bNmwkrQeP3e,indicator_6,1.0733392122281011
514,202503,Gautam Buddha Nagar,bNmwkrQeP3e,indicator_7,100.0
515,202503,Gautam Buddha Nagar,bNmwkrQeP3e,indicator_8,0.8305501016782613
516,202503,Gautam Buddha Nagar,bNmwkrQeP3e,indicator_9,8.896953361917133
517,202503,Gautam Buddha Nagar,bNmwkrQeP3e,indicator_10,100.0
518,202503,Gautam Buddha Nagar,bNmwkrQeP3e,indicator_11,100.0
519,202503,Gautam Buddha Nagar,bNmwkrQeP3e,indicator_12,7366.782006920412
520,202503,Pilibhit,c96jwckSd6j,indicator_1,100.0
521,202503,Pilibhit,c96jwckSd6j,indicator_2,66.9748691462225
522,202503,Pilibhit,c96jwckSd6j,indicator_31,0.44198895027624313
523,202503,Pilibhit,c96jwckSd6j,indicator_32,57.543103448275865
524,202503,Pilibhit,c96jwckSd6j,indicator_4,4.627374573794447
525,202503,Pilibhit,c96jwckSd6j,indicator_5,100.0
526,202503,Pilibhit,c96jwckSd6j,indicator_6,0.9130434782608695
527,202503,Pilibhit,c96jwckSd6j,indicator_7,97.91325586538372
528,202503,Pilibhit,c96jwckSd6j,indicator_8,0.6694078505841314
529,202503,Pilibhit,c96jwckSd6j,indicator_9,5.67330725857049
530,202503,Pilibhit,c96jwckSd6j,indicator_10,100.0
531,202503,Pilibhit,c96jwckSd6j,indicator_11,100.0
532,202503,Pilibhit,c96jwckSd6j,indicator_12,6295.754026354319
533,202503,Siddharth Nagar,cP0p8qfm3il,indicator_1,100.0
534,202503,Siddharth Nagar,cP0p8qfm3il,indicator_2,47.53989591324534
535,202503,Siddharth Nagar,cP0p8qfm3il,indicator_31,3.3707865168539324
536,202503,Siddharth Nagar,cP0p8qfm3il,indicator_32,4.62046204620462
537,202503,Siddharth Nagar,cP0p8qfm3il,indicator_4,2.3835534809812295
538,202503,Siddharth Nagar,cP0p8qfm3il,indicator_5,71.47681001092462
539,202503,Siddharth Nagar,cP0p8qfm3il,indicator_6,1.0942820241869202
540,202503,Siddharth Nagar,cP0p8qfm3il,indicator_7,96.72845757613005
541,202503,Siddharth Nagar,cP0p8qfm3il,indicator_8,0.37658196625940704
542,202503,Siddharth Nagar,cP0p8qfm3il,indicator_9,9.768715529514857
543,202503,Siddharth Nagar,cP0p8qfm3il,indicator_10,100.0
544,202503,Siddharth Nagar,cP0p8qfm3il,indicator_11,100.0
545,202503,Siddharth Nagar,cP0p8qfm3il,indicator_12,6963.963963963963
546,202503,Lakhimpur Kheri,d9ZuMopgX29,indicator_1,100.0
547,202503,Lakhimpur Kheri,d9ZuMopgX29,indicator_2,77.21565608907164
548,202503,Lakhimpur Kheri,d9ZuMopgX29,indicator_31,1.1928934010152283
549,202503,Lakhimpur Kheri,d9ZuMopgX29,indicator_32,14.399999999999999
550,202503,Lakhimpur Kheri,d9ZuMopgX29,indicator_4,3.5643564356435644
551,202503,Lakhimpur Kheri,d9ZuMopgX29,indicator_5,94.98349834983499
552,202503,Lakhimpur Kheri,d9ZuMopgX29,indicator_6,0.9646500175870559
553,202503,Lakhimpur Kheri,d9ZuMopgX29,indicator_7,100.0
554,202503,Lakhimpur Kheri,d9ZuMopgX29,indicator_8,1.5819404184391568
555,202503,Lakhimpur Kheri,d9ZuMopgX29,indicator_9,8.54924591911557
556,202503,Lakhimpur Kheri,d9ZuMopgX29,indicator_10,100.0
557,202503,Lakhimpur Kheri,d9ZuMopgX29,indicator_11,100.0
558,202503,Lakhimpur Kheri,d9ZuMopgX29,indicator_12,7089.938167509837
559,202503,Ghazipur,dScWdMRN8PL,indicator_1,100.0
560,202503,Ghazipur,dScWdMRN8PL,indicator_2,57.86772501164934
561,202503,Ghazipur,dScWdMRN8PL,indicator_31,4.756980351602896
562,202503,Ghazipur,dScWdMRN8PL,indicator_32,35.4978354978355
563,202503,Ghazipur,dScWdMRN8PL,indicator_4,1.9966211027491938
564,202503,Ghazipur,dScWdMRN8PL,indicator_5,100.0
565,202503,Ghazipur,dScWdMRN8PL,indicator_6,0.9789239567888159
566,202503,Ghazipur,dScWdMRN8PL,indicator_7,100.0
567,202503,Ghazipur,dScWdMRN8PL,indicator_8,1.2628382564981164
568,202503,Ghazipur,dScWdMRN8PL,indicator_9,5.69608520815039
569,202503,Ghazipur,dScWdMRN8PL,indicator_10,100.0
570,202503,Ghazipur,dScWdMRN8PL,indicator_11,100.0
571,202503,Ghazipur,dScWdMRN8PL,indicator_12,6329.187156494062
572,202503,Budaun,eA37kyBRRuZ,indicator_1,100.0
573,202503,Budaun,eA37kyBRRuZ,indicator_2,67.9900160192136
574,202503,Budaun,eA37kyBRRuZ,indicator_31,0.8864643709512444
575,202503,Budaun,eA37kyBRRuZ,indicator_32,19.729206963249517
576,202503,Budaun,eA37kyBRRuZ,indicator_4,3.494926719278467
577,202503,Budaun,eA37kyBRRuZ,indicator_5,88.07215332581735
578,202503,Budaun,eA37kyBRRuZ,indicator_6,0.9747150259067358
579,202503,Budaun,eA37kyBRRuZ,indicator_7,98.33622424152011
580,202503,Budaun,eA37kyBRRuZ,indicator_8,0.28428660015695756
581,202503,Budaun,eA37kyBRRuZ,indicator_9,9.598746926318677
582,202503,Budaun,eA37kyBRRuZ,indicator_10,100.0
583,202503,Budaun,eA37kyBRRuZ,indicator_11,100.0
584,202503,Budaun,eA37kyBRRuZ,indicator_12,5535.647629712578
585,202503,Firozabad,eJTsuE56XDF,indicator_1,100.0
586,202503,Firozabad,eJTsuE56XDF,indicator_2,63.907500425024026
587,202503,Firozabad,eJTsuE56XDF,indicator_31,1.9455252918287937
588,202503,Firozabad,eJTsuE56XDF,indicator_32,9.513513513513514
589,202503,Firozabad,eJTsuE56XDF,indicator_4,3.2679738562091503
590,202503,Firozabad,eJTsuE56XDF,indicator_5,100.0
591,202503,Firozabad,eJTsuE56XDF,indicator_6,0.9586037966932027
592,202503,Firozabad,eJTsuE56XDF,indicator_7,100.0
593,202503,Firozabad,eJTsuE56XDF,indicator_8,0.5498066194910807
594,202503,Firozabad,eJTsuE56XDF,indicator_9,14.590645888805524
595,202503,Firozabad,eJTsuE56XDF,indicator_10,100.0
596,202503,Firozabad,eJTsuE56XDF,indicator_11,100.0
597,202503,Firozabad,eJTsuE56XDF,indicator_12,7503.075030750308
598,202503,Lalitpur,fagfcadhxej,indicator_1,98.81611071164721
599,202503,Lalitpur,fagfcadhxej,indicator_2,62.53159736143841
600,202503,Lalitpur,fagfcadhxej,indicator_31,0.42194092827004215
601,202503,Lalitpur,fagfcadhxej,indicator_32,12.741312741312742
602,202503,Lalitpur,fagfcadhxej,indicator_4,11.695906432748536
603,202503,Lalitpur,fagfcadhxej,indicator_5,77.97270955165692
604,202503,Lalitpur,fagfcadhxej,indicator_6,1.2276190476190476
605,202503,Lalitpur,fagfcadhxej,indicator_7,84.07099125625122
606,202503,Lalitpur,fagfcadhxej,indicator_8,0.3733437427688012
607,202503,Lalitpur,fagfcadhxej,indicator_9,10.754120980730589
608,202503,Lalitpur,fagfcadhxej,indicator_10,100.0
609,202503,Lalitpur,fagfcadhxej,indicator_11,97.78088116794368
610,202503,Lalitpur,fagfcadhxej,indicator_12,8280.318091451287
611,202503,Sant Kabir Nagar,fe1yBApr2sl,indicator_1,100.0
612,202503,Sant Kabir Nagar,fe1yBApr2sl,indicator_2,62.605447255425815
613,202503,Sant Kabir Nagar,fe1yBApr2sl,indicator_31,14.09749670619236
614,202503,Sant Kabir Nagar,fe1yBApr2sl,indicator_32,60.0
615,202503,Sant Kabir Nagar,fe1yBApr2sl,indicator_4,0.562429696287964
616,202503,Sant Kabir Nagar,fe1yBApr2sl,indicator_5,100.0
617,202503,Sant Kabir Nagar,fe1yBApr2sl,indicator_6,0.9615205585725368
618,202503,Sant Kabir Nagar,fe1yBApr2sl,indicator_7,100.0
619,202503,Sant Kabir Nagar,fe1yBApr2sl,indicator_8,1.3153590470520677
620,202503,Sant Kabir Nagar,fe1yBApr2sl,indicator_9,13.784962813105668
621,202503,Sant Kabir Nagar,fe1yBApr2sl,indicator_10,100.0
622,202503,Sant Kabir Nagar,fe1yBApr2sl,indicator_11,100.0
623,202503,Sant Kabir Nagar,fe1yBApr2sl,indicator_12,3275.6813417190774
624,202503,Aligarh,frD2HOp3wAs,indicator_1,100.0
625,202503,Aligarh,frD2HOp3wAs,indicator_2,84.69392799534945
626,202503,Aligarh,frD2HOp3wAs,indicator_31,2.571428571428571
627,202503,Aligarh,frD2HOp3wAs,indicator_32,30.085146641438033
628,202503,Aligarh,frD2HOp3wAs,indicator_4,11.0803324099723
629,202503,Aligarh,frD2HOp3wAs,indicator_5,88.71555620352821
630,202503,Aligarh,frD2HOp3wAs,indicator_6,1.1113157591803844
631,202503,Aligarh,frD2HOp3wAs,indicator_7,96.85500800242748
632,202503,Aligarh,frD2HOp3wAs,indicator_8,0.7076269010561765
633,202503,Aligarh,frD2HOp3wAs,indicator_9,6.066787277586521
634,202503,Aligarh,frD2HOp3wAs,indicator_10,100.0
635,202503,Aligarh,frD2HOp3wAs,indicator_11,100.0
636,202503,Aligarh,frD2HOp3wAs,indicator_12,7677.419354838711
637,202503,Pratapgarh,fz7bJo3egPX,indicator_1,100.0
638,202503,Pratapgarh,fz7bJo3egPX,indicator_2,67.80558513608017
639,202503,Pratapgarh,fz7bJo3egPX,indicator_31,5.05050505050505
640,202503,Pratapgarh,fz7bJo3egPX,indicator_32,51.89393939393939
641,202503,Pratapgarh,fz7bJo3egPX,indicator_4,3.735214774849554
642,202503,Pratapgarh,fz7bJo3egPX,indicator_5,100.0
643,202503,Pratapgarh,fz7bJo3egPX,indicator_6,0.9884416102032683
644,202503,Pratapgarh,fz7bJo3egPX,indicator_7,97.84564439823271
645,202503,Pratapgarh,fz7bJo3egPX,indicator_8,0.7478174086276332
646,202503,Pratapgarh,fz7bJo3egPX,indicator_9,3.437297228380427
647,202503,Pratapgarh,fz7bJo3egPX,indicator_10,100.0
648,202503,Pratapgarh,fz7bJo3egPX,indicator_11,100.0
649,202503,Pratapgarh,fz7bJo3egPX,indicator_12,5944.363103953148
650,202503,Jaunpur,gmw76vAUMqz,indicator_1,100.0
651,202503,Jaunpur,gmw76vAUMqz,indicator_2,61.42520721335215
652,202503,Jaunpur,gmw76vAUMqz,indicator_31,5.4302807179015185
653,202503,Jaunpur,gmw76vAUMqz,indicator_32,41.6135881104034
654,202503,Jaunpur,gmw76vAUMqz,indicator_4,2.303739145844409
655,202503,Jaunpur,gmw76vAUMqz,indicator_5,100.0
656,202503,Jaunpur,gmw76vAUMqz,indicator_6,1.0621570388107353
657,202503,Jaunpur,gmw76vAUMqz,indicator_7,100.0
658,202503,Jaunpur,gmw76vAUMqz,indicator_8,1.5405822548078087
659,202503,Jaunpur,gmw76vAUMqz,indicator_9,6.885130933973874
660,202503,Jaunpur,gmw76vAUMqz,indicator_10,100.0
661,202503,Jaunpur,gmw76vAUMqz,indicator_11,100.0
662,202503,Jaunpur,gmw76vAUMqz,indicator_12,5880.880880880881
663,202503,Kasganj,hITp09XOBLZ,indicator_1,100.0
664,202503,Kasganj,hITp09XOBLZ,indicator_2,69.79339945457006
665,202503,Kasganj,hITp09XOBLZ,indicator_31,2.456499488229273
666,202503,Kasganj,hITp09XOBLZ,indicator_32,41.228070175438596
667,202503,Kasganj,hITp09XOBLZ,indicator_4,8.221549112938122
668,202503,Kasganj,hITp09XOBLZ,indicator_5,96.27866724361748
669,202503,Kasganj,hITp09XOBLZ,indicator_6,1.0150780829294561
670,202503,Kasganj,hITp09XOBLZ,indicator_7,91.33017611453253
671,202503,Kasganj,hITp09XOBLZ,indicator_8,0.15080152326868612
672,202503,Kasganj,hITp09XOBLZ,indicator_9,3.2620750559699996
673,202503,Kasganj,hITp09XOBLZ,indicator_10,100.0
674,202503,Kasganj,hITp09XOBLZ,indicator_11,100.0
675,202503,Kasganj,hITp09XOBLZ,indicator_12,6277.349768875186
676,202503,Amroha,hgquAmZaNBu,indicator_1,100.0
677,202503,Amroha,hgquAmZaNBu,indicator_2,77.16973349015285
678,202503,Amroha,hgquAmZaNBu,indicator_31,3.0456852791878175
679,202503,Amroha,hgquAmZaNBu,indicator_32,39.43089430894309
680,202503,Amroha,hgquAmZaNBu,indicator_4,1.1334655709832815
681,202503,Amroha,hgquAmZaNBu,indicator_5,100.0
682,202503,Amroha,hgquAmZaNBu,indicator_6,0.9896948878561326
683,202503,Amroha,hgquAmZaNBu,indicator_7,94.6060899111878
684,202503,Amroha,hgquAmZaNBu,indicator_8,0.9695746735887026
685,202503,Amroha,hgquAmZaNBu,indicator_9,5.316392673301813
686,202503,Amroha,hgquAmZaNBu,indicator_10,100.0
687,202503,Amroha,hgquAmZaNBu,indicator_11,100.0
688,202503,Amroha,hgquAmZaNBu,indicator_12,5212.475633528267
689,202503,Chitrakoot,i2fSZZ3QAJJ,indicator_1,100.0
690,202503,Chitrakoot,i2fSZZ3QAJJ,indicator_2,68.49672497708448
691,202503,Chitrakoot,i2fSZZ3QAJJ,indicator_31,2.015677491601344
692,202503,Chitrakoot,i2fSZZ3QAJJ,indicator_32,6.6115702479338845
693,202503,Chitrakoot,i2fSZZ3QAJJ,indicator_4,9.216589861751151
694,202503,Chitrakoot,i2fSZZ3QAJJ,indicator_5,100.0
695,202503,Chitrakoot,i2fSZZ3QAJJ,indicator_6,1.4502473886750962
696,202503,Chitrakoot,i2fSZZ3QAJJ,indicator_7,100.0
697,202503,Chitrakoot,i2fSZZ3QAJJ,indicator_8,0.9537114202156911
698,202503,Chitrakoot,i2fSZZ3QAJJ,indicator_9,6.774639743601116
699,202503,Chitrakoot,i2fSZZ3QAJJ,indicator_10,100.0
700,202503,Chitrakoot,i2fSZZ3QAJJ,indicator_11,100.0
701,202503,Chitrakoot,i2fSZZ3QAJJ,indicator_12,7928.571428571431
702,202503,Bahraich,iE0E3nLioFr,indicator_1,100.0
703,202503,Bahraich,iE0E3nLioFr,indicator_2,75.38529266495378
704,202503,Bahraich,iE0E3nLioFr,indicator_31,0.9425625920471281
705,202503,Bahraich,iE0E3nLioFr,indicator_32,29.71938775510204
706,202503,Bahraich,iE0E3nLioFr,indicator_4,9.865470852017937
707,202503,Bahraich,iE0E3nLioFr,indicator_5,77.40725642070933
708,202503,Bahraich,iE0E3nLioFr,indicator_6,1.2499231793506094
709,202503,Bahraich,iE0E3nLioFr,indicator_7,100.0
710,202503,Bahraich,iE0E3nLioFr,indicator_8,0.7534596901909062
711,202503,Bahraich,iE0E3nLioFr,indicator_9,9.06420109016759
712,202503,Bahraich,iE0E3nLioFr,indicator_10,100.0
713,202503,Bahraich,iE0E3nLioFr,indicator_11,100.0
714,202503,Bahraich,iE0E3nLioFr,indicator_12,9312.704552216603
715,202503,Fatehpur,ibLiLcaKzw2,indicator_1,100.0
716,202503,Fatehpur,ibLiLcaKzw2,indicator_2,66.17492596862678
717,202503,Fatehpur,ibLiLcaKzw2,indicator_31,0.6609385327164574
718,202503,Fatehpur,ibLiLcaKzw2,indicator_32,16.477272727272727
719,202503,Fatehpur,ibLiLcaKzw2,indicator_4,4.725554343874954
720,202503,Fatehpur,ibLiLcaKzw2,indicator_5,53.89555313219435
721,202503,Fatehpur,ibLiLcaKzw2,indicator_6,1.0828631307431889
722,202503,Fatehpur,ibLiLcaKzw2,indicator_7,100.0
723,202503,Fatehpur,ibLiLcaKzw2,indicator_8,0.3015250825660379
724,202503,Fatehpur,ibLiLcaKzw2,indicator_9,4.568760490185401
725,202503,Fatehpur,ibLiLcaKzw2,indicator_10,100.0
726,202503,Fatehpur,ibLiLcaKzw2,indicator_11,100.0
727,202503,Fatehpur,ibLiLcaKzw2,indicator_12,5738.269479121824
728,202503,Ambedkar Nagar,jM27ji8tyrM,indicator_1,100.0
729,202503,Ambedkar Nagar,jM27ji8tyrM,indicator_2,77.38154905720725
730,202503,Ambedkar Nagar,jM27ji8tyrM,indicator_31,1.1816838995568686
731,202503,Ambedkar Nagar,jM27ji8tyrM,indicator_32,47.9253112033195
732,202503,Ambedkar Nagar,jM27ji8tyrM,indicator_4,40.51431344007763
733,202503,Ambedkar Nagar,jM27ji8tyrM,indicator_5,95.75448811256672
734,202503,Ambedkar Nagar,jM27ji8tyrM,indicator_6,1.0982228167399197
735,202503,Ambedkar Nagar,jM27ji8tyrM,indicator_7,100.0
736,202503,Ambedkar Nagar,jM27ji8tyrM,indicator_8,0.7200961917323719
737,202503,Ambedkar Nagar,jM27ji8tyrM,indicator_9,8.190464726242679
738,202503,Ambedkar Nagar,jM27ji8tyrM,indicator_10,96.57701711491443
739,202503,Ambedkar Nagar,jM27ji8tyrM,indicator_11,100.0
740,202503,Ambedkar Nagar,jM27ji8tyrM,indicator_12,5820.364606491778
741,202503,Kanpur Dehat,k3D0AumUCiC,indicator_1,100.0
742,202503,Kanpur Dehat,k3D0AumUCiC,indicator_2,60.41752495404252
743,202503,Kanpur Dehat,k3D0AumUCiC,indicator_31,1.392515230635335
744,202503,Kanpur Dehat,k3D0AumUCiC,indicator_32,21.301775147928996
745,202503,Kanpur Dehat,k3D0AumUCiC,indicator_4,2.9013539651837523
746,202503,Kanpur Dehat,k3D0AumUCiC,indicator_5,100.0
747,202503,Kanpur Dehat,k3D0AumUCiC,indicator_6,1.3730382293762575
748,202503,Kanpur Dehat,k3D0AumUCiC,indicator_7,98.08834866038295
749,202503,Kanpur Dehat,k3D0AumUCiC,indicator_8,0.235828149196693
750,202503,Kanpur Dehat,k3D0AumUCiC,indicator_9,4.401018277262229
751,202503,Kanpur Dehat,k3D0AumUCiC,indicator_10,100.0
752,202503,Kanpur Dehat,k3D0AumUCiC,indicator_11,100.0
753,202503,Kanpur Dehat,k3D0AumUCiC,indicator_12,5781.339439038345
754,202503,Rae Bareli,lLvTDpBDY8u,indicator_1,100.0
755,202503,Rae Bareli,lLvTDpBDY8u,indicator_2,65.08833951367909
756,202503,Rae Bareli,lLvTDpBDY8u,indicator_31,2.31832367365136
757,202503,Rae Bareli,lLvTDpBDY8u,indicator_32,47.10982658959538
758,202503,Rae Bareli,lLvTDpBDY8u,indicator_4,13.31883664039141
759,202503,Rae Bareli,lLvTDpBDY8u,indicator_5,100.0
760,202503,Rae Bareli,lLvTDpBDY8u,indicator_6,1.0540757381258024
761,202503,Rae Bareli,lLvTDpBDY8u,indicator_7,100.0
762,202503,Rae Bareli,lLvTDpBDY8u,indicator_8,0.9158741202842163
763,202503,Rae Bareli,lLvTDpBDY8u,indicator_9,3.768167809169347
764,202503,Rae Bareli,lLvTDpBDY8u,indicator_10,100.0
765,202503,Rae Bareli,lLvTDpBDY8u,indicator_11,100.0
766,202503,Rae Bareli,lLvTDpBDY8u,indicator_12,6640.449438202246
767,202503,Hathras,m1IAjmqkoFC,indicator_1,100.0
768,202503,Hathras,m1IAjmqkoFC,indicator_2,85.16160940590468
769,202503,Hathras,m1IAjmqkoFC,indicator_31,3.2885906040268456
770,202503,Hathras,m1IAjmqkoFC,indicator_32,12.615384615384615
771,202503,Hathras,m1IAjmqkoFC,indicator_4,2.4407252440725244
772,202503,Hathras,m1IAjmqkoFC,indicator_5,94.1771269177127
773,202503,Hathras,m1IAjmqkoFC,indicator_6,1.0845654993514915
774,202503,Hathras,m1IAjmqkoFC,indicator_7,100.0
775,202503,Hathras,m1IAjmqkoFC,indicator_8,2.8614976284235425
776,202503,Hathras,m1IAjmqkoFC,indicator_9,13.290956117474945
777,202503,Hathras,m1IAjmqkoFC,indicator_10,94.82758620689656
778,202503,Hathras,m1IAjmqkoFC,indicator_11,100.0
779,202503,Hathras,m1IAjmqkoFC,indicator_12,7602.523659305993
780,202503,Sultanpur,o4ZQTVcMI7U,indicator_1,100.0
781,202503,Sultanpur,o4ZQTVcMI7U,indicator_2,75.5456539303624
782,202503,Sultanpur,o4ZQTVcMI7U,indicator_31,1.966101694915254
783,202503,Sultanpur,o4ZQTVcMI7U,indicator_32,43.04093567251462
784,202503,Sultanpur,o4ZQTVcMI7U,indicator_4,10.10759700032605
785,202503,Sultanpur,o4ZQTVcMI7U,indicator_5,100.0
786,202503,Sultanpur,o4ZQTVcMI7U,indicator_6,1.4929613514205273
787,202503,Sultanpur,o4ZQTVcMI7U,indicator_7,100.0
788,202503,Sultanpur,o4ZQTVcMI7U,indicator_8,0.7183975373534199
789,202503,Sultanpur,o4ZQTVcMI7U,indicator_9,8.630924477037555
790,202503,Sultanpur,o4ZQTVcMI7U,indicator_10,96.2566844919786
791,202503,Sultanpur,o4ZQTVcMI7U,indicator_11,100.0
792,202503,Sultanpur,o4ZQTVcMI7U,indicator_12,6332.300542215337
793,202503,Ballia,oNDvGBE5fLq,indicator_1,100.0
794,202503,Ballia,oNDvGBE5fLq,indicator_2,51.538715852805495
795,202503,Ballia,oNDvGBE5fLq,indicator_31,2.2666666666666666
796,202503,Ballia,oNDvGBE5fLq,indicator_32,16.865079365079367
797,202503,Ballia,oNDvGBE5fLq,indicator_4,2.6034133641886026
798,202503,Ballia,oNDvGBE5fLq,indicator_5,100.0
799,202503,Ballia,oNDvGBE5fLq,indicator_6,0.9611834618788722
800,202503,Ballia,oNDvGBE5fLq,indicator_7,97.72578233492999
801,202503,Ballia,oNDvGBE5fLq,indicator_8,0.5382259143055423
802,202503,Ballia,oNDvGBE5fLq,indicator_9,5.105345810333006
803,202503,Ballia,oNDvGBE5fLq,indicator_10,100.0
804,202503,Ballia,oNDvGBE5fLq,indicator_11,100.0
805,202503,Ballia,oNDvGBE5fLq,indicator_12,6059.6914822266945
806,202503,Bulandshahar,ogBt4gWCiem,indicator_1,100.0
807,202503,Bulandshahar,ogBt4gWCiem,indicator_2,66.18149091822815
808,202503,Bulandshahar,ogBt4gWCiem,indicator_31,2.021478205938092
809,202503,Bulandshahar,ogBt4gWCiem,indicator_32,10.199004975124378
810,202503,Bulandshahar,ogBt4gWCiem,indicator_4,0.949780363290989
811,202503,Bulandshahar,ogBt4gWCiem,indicator_5,75.68562269975068
812,202503,Bulandshahar,ogBt4gWCiem,indicator_6,0.7439351093912785
813,202503,Bulandshahar,ogBt4gWCiem,indicator_7,100.0
814,202503,Bulandshahar,ogBt4gWCiem,indicator_8,0.4655548111929859
815,202503,Bulandshahar,ogBt4gWCiem,indicator_9,7.383874986581584
816,202503,Bulandshahar,ogBt4gWCiem,indicator_10,100.0
817,202503,Bulandshahar,ogBt4gWCiem,indicator_11,100.0
818,202503,Bulandshahar,ogBt4gWCiem,indicator_12,8176.684146833402
819,202503,Shrawasti,oyTwneTbWDx,indicator_1,100.0
820,202503,Shrawasti,oyTwneTbWDx,indicator_2,79.43219639006621
821,202503,Shrawasti,oyTwneTbWDx,indicator_31,1.5103838892385149
822,202503,Shrawasti,oyTwneTbWDx,indicator_32,27.23112128146453
823,202503,Shrawasti,oyTwneTbWDx,indicator_4,6.324495256628557
824,202503,Shrawasti,oyTwneTbWDx,indicator_5,100.0
825,202503,Shrawasti,oyTwneTbWDx,indicator_6,1.2197261446298673
826,202503,Shrawasti,oyTwneTbWDx,indicator_7,100.0
827,202503,Shrawasti,oyTwneTbWDx,indicator_8,1.4684101145446127
828,202503,Shrawasti,oyTwneTbWDx,indicator_9,31.336496699749922
829,202503,Shrawasti,oyTwneTbWDx,indicator_10,100.0
830,202503,Shrawasti,oyTwneTbWDx,indicator_11,100.0
831,202503,Shrawasti,oyTwneTbWDx,indicator_12,7693.535514764563
832,202503,Mahoba,sUQMxIc3yXj,indicator_1,97.24844837675852
833,202503,Mahoba,sUQMxIc3yXj,indicator_2,55.87510183040575
834,202503,Mahoba,sUQMxIc3yXj,indicator_31,0.6036217303822937
835,202503,Mahoba,sUQMxIc3yXj,indicator_32,18.36283185840708
836,202503,Mahoba,sUQMxIc3yXj,indicator_4,13.592233009708737
837,202503,Mahoba,sUQMxIc3yXj,indicator_5,99.70873786407766
838,202503,Mahoba,sUQMxIc3yXj,indicator_6,1.6429539295392954
839,202503,Mahoba,sUQMxIc3yXj,indicator_7,95.34320347846736
840,202503,Mahoba,sUQMxIc3yXj,indicator_8,0.7352077036067084
841,202503,Mahoba,sUQMxIc3yXj,indicator_9,8.76869675765074
842,202503,Mahoba,sUQMxIc3yXj,indicator_10,100.0
843,202503,Mahoba,sUQMxIc3yXj,indicator_11,100.0
844,202503,Mahoba,sUQMxIc3yXj,indicator_12,7151.607963246553
845,202503,Prayagraj,tXgaew1Pd2Y,indicator_1,100.0
846,202503,Prayagraj,tXgaew1Pd2Y,indicator_2,72.21234270006568
847,202503,Prayagraj,tXgaew1Pd2Y,indicator_31,3.6981695928277922
848,202503,Prayagraj,tXgaew1Pd2Y,indicator_32,54.595588235294116
849,202503,Prayagraj,tXgaew1Pd2Y,indicator_4,0.25769875016106175
850,202503,Prayagraj,tXgaew1Pd2Y,indicator_5,97.42945496714341
851,202503,Prayagraj,tXgaew1Pd2Y,indicator_6,1.0253088480801336
852,202503,Prayagraj,tXgaew1Pd2Y,indicator_7,100.0
853,202503,Prayagraj,tXgaew1Pd2Y,indicator_8,1.6622261481683016
854,202503,Prayagraj,tXgaew1Pd2Y,indicator_9,10.72057211334414
855,202503,Prayagraj,tXgaew1Pd2Y,indicator_10,90.11904761904762
856,202503,Prayagraj,tXgaew1Pd2Y,indicator_11,100.0
857,202503,Prayagraj,tXgaew1Pd2Y,indicator_12,6690.068139582903
858,202503,Barabanki,tzH6nJu9SwS,indicator_1,100.0
859,202503,Barabanki,tzH6nJu9SwS,indicator_2,61.855515746258305
860,202503,Barabanki,tzH6nJu9SwS,indicator_31,1.6129032258064515
861,202503,Barabanki,tzH6nJu9SwS,indicator_32,60.80305927342257
862,202503,Barabanki,tzH6nJu9SwS,indicator_4,6.801275239107333
863,202503,Barabanki,tzH6nJu9SwS,indicator_5,100.0
864,202503,Barabanki,tzH6nJu9SwS,indicator_6,1.4401390958768008
865,202503,Barabanki,tzH6nJu9SwS,indicator_7,100.0
866,202503,Barabanki,tzH6nJu9SwS,indicator_8,0.3580659146228125
867,202503,Barabanki,tzH6nJu9SwS,indicator_9,5.581829562470341
868,202503,Barabanki,tzH6nJu9SwS,indicator_10,100.0
869,202503,Barabanki,tzH6nJu9SwS,indicator_11,100.0
870,202503,Barabanki,tzH6nJu9SwS,indicator_12,6041.169451073985
871,202503,Bijnor,uCYjHW7FuGG,indicator_1,100.0
872,202503,Bijnor,uCYjHW7FuGG,indicator_2,77.1097213093123
873,202503,Bijnor,uCYjHW7FuGG,indicator_31,1.403061224489796
874,202503,Bijnor,uCYjHW7FuGG,indicator_32,46.28975265017668
875,202503,Bijnor,uCYjHW7FuGG,indicator_4,1.6179215930304915
876,202503,Bijnor,uCYjHW7FuGG,indicator_5,97.48599875544492
877,202503,Bijnor,uCYjHW7FuGG,indicator_6,0.9445809177557237
878,202503,Bijnor,uCYjHW7FuGG,indicator_7,100.0
879,202503,Bijnor,uCYjHW7FuGG,indicator_8,0.4649367265519838
880,202503,Bijnor,uCYjHW7FuGG,indicator_9,3.1982498698454807
881,202503,Bijnor,uCYjHW7FuGG,indicator_10,99.0405117270789
882,202503,Bijnor,uCYjHW7FuGG,indicator_11,100.0
883,202503,Bijnor,uCYjHW7FuGG,indicator_12,5302.679457492556
884,202503,Farrukhabad,uEEwlAGZXWW,indicator_1,100.0
885,202503,Farrukhabad,uEEwlAGZXWW,indicator_2,62.68864586211749
886,202503,Farrukhabad,uEEwlAGZXWW,indicator_31,0.07147962830593281
887,202503,Farrukhabad,uEEwlAGZXWW,indicator_32,6.951871657754011
888,202503,Farrukhabad,uEEwlAGZXWW,indicator_4,10.73729420186113
889,202503,Farrukhabad,uEEwlAGZXWW,indicator_5,100.0
890,202503,Farrukhabad,uEEwlAGZXWW,indicator_6,1.0155555555555555
891,202503,Farrukhabad,uEEwlAGZXWW,indicator_7,100.0
892,202503,Farrukhabad,uEEwlAGZXWW,indicator_8,0.27293153141578164
893,202503,Farrukhabad,uEEwlAGZXWW,indicator_9,9.25513889677336
894,202503,Farrukhabad,uEEwlAGZXWW,indicator_10,100.0
895,202503,Farrukhabad,uEEwlAGZXWW,indicator_11,100.0
896,202503,Farrukhabad,uEEwlAGZXWW,indicator_12,7939.142461964044
897,202503,Balrampur,uS0pNSxN3sS,indicator_1,100.0
898,202503,Balrampur,uS0pNSxN3sS,indicator_2,64.44725700595477
899,202503,Balrampur,uS0pNSxN3sS,indicator_31,0.8379888268156425
900,202503,Balrampur,uS0pNSxN3sS,indicator_32,41.21212121212121
901,202503,Balrampur,uS0pNSxN3sS,indicator_4,9.401214926236621
902,202503,Balrampur,uS0pNSxN3sS,indicator_5,100.0
903,202503,Balrampur,uS0pNSxN3sS,indicator_6,1.1857638888888888
904,202503,Balrampur,uS0pNSxN3sS,indicator_7,100.0
905,202503,Balrampur,uS0pNSxN3sS,indicator_8,0.17253938305341626
906,202503,Balrampur,uS0pNSxN3sS,indicator_9,6.400132740137659
907,202503,Balrampur,uS0pNSxN3sS,indicator_10,100.0
908,202503,Balrampur,uS0pNSxN3sS,indicator_11,96.22493436958695
909,202503,Balrampur,uS0pNSxN3sS,indicator_12,2257.9121398204984
910,202503,Meerut,v8YGmR7nOdj,indicator_1,93.52028442460023
911,202503,Meerut,v8YGmR7nOdj,indicator_2,81.42635225328819
912,202503,Meerut,v8YGmR7nOdj,indicator_31,8.338983050847459
913,202503,Meerut,v8YGmR7nOdj,indicator_32,53.34088335220838
914,202503,Meerut,v8YGmR7nOdj,indicator_4,11.091393078970718
915,202503,Meerut,v8YGmR7nOdj,indicator_5,100.0
916,202503,Meerut,v8YGmR7nOdj,indicator_6,0.9498121869782972
917,202503,Meerut,v8YGmR7nOdj,indicator_7,99.81145950336021
918,202503,Meerut,v8YGmR7nOdj,indicator_8,0.7897233008346971
919,202503,Meerut,v8YGmR7nOdj,indicator_9,7.616673414629381
920,202503,Meerut,v8YGmR7nOdj,indicator_10,100.0
921,202503,Meerut,v8YGmR7nOdj,indicator_11,100.0
922,202503,Meerut,v8YGmR7nOdj,indicator_12,7507.246376811594
923,202503,Gorakhpur,vR85cHdsw1w,indicator_1,100.0
924,202503,Gorakhpur,vR85cHdsw1w,indicator_2,55.17507680398461
925,202503,Gorakhpur,vR85cHdsw1w,indicator_31,5.663615560640732
926,202503,Gorakhpur,vR85cHdsw1w,indicator_32,62.06896551724138
927,202503,Gorakhpur,vR85cHdsw1w,indicator_4,3.638698630136986
928,202503,Gorakhpur,vR85cHdsw1w,indicator_5,100.0
929,202503,Gorakhpur,vR85cHdsw1w,indicator_6,0.9958416756507008
930,202503,Gorakhpur,vR85cHdsw1w,indicator_7,100.0
931,202503,Gorakhpur,vR85cHdsw1w,indicator_8,1.5654562031291979
932,202503,Gorakhpur,vR85cHdsw1w,indicator_9,7.268294311435845
933,202503,Gorakhpur,vR85cHdsw1w,indicator_10,100.0
934,202503,Gorakhpur,vR85cHdsw1w,indicator_11,100.0
935,202503,Gorakhpur,vR85cHdsw1w,indicator_12,6109.833971902933
936,202503,Bareilly,vVqY3DPcpHf,indicator_1,100.0
937,202503,Bareilly,vVqY3DPcpHf,indicator_2,65.98123584138696
938,202503,Bareilly,vVqY3DPcpHf,indicator_31,2.762645914396887
939,202503,Bareilly,vVqY3DPcpHf,indicator_32,31.194690265486724
940,202503,Bareilly,vVqY3DPcpHf,indicator_4,7.787539936102236
941,202503,Bareilly,vVqY3DPcpHf,indicator_5,92.72164536741214
942,202503,Bareilly,vVqY3DPcpHf,indicator_6,0.9058943089430894
943,202503,Bareilly,vVqY3DPcpHf,indicator_7,100.0
944,202503,Bareilly,vVqY3DPcpHf,indicator_8,0.5792700844822426
945,202503,Bareilly,vVqY3DPcpHf,indicator_9,9.051444870810693
946,202503,Bareilly,vVqY3DPcpHf,indicator_10,98.60583016476554
947,202503,Bareilly,vVqY3DPcpHf,indicator_11,98.98240137861681
948,202503,Bareilly,vVqY3DPcpHf,indicator_12,6033.222591362131
949,202503,Kushinagar,xUeHwd9FQkg,indicator_1,100.0
950,202503,Kushinagar,xUeHwd9FQkg,indicator_2,59.17707818113376
951,202503,Kushinagar,xUeHwd9FQkg,indicator_31,1.9834710743801653
952,202503,Kushinagar,xUeHwd9FQkg,indicator_32,34.59119496855346
953,202503,Kushinagar,xUeHwd9FQkg,indicator_4,3.006804874188954
954,202503,Kushinagar,xUeHwd9FQkg,indicator_5,97.34135147966451
955,202503,Kushinagar,xUeHwd9FQkg,indicator_6,0.9935313411078717
956,202503,Kushinagar,xUeHwd9FQkg,indicator_7,100.0
957,202503,Kushinagar,xUeHwd9FQkg,indicator_8,1.6524987185814397
958,202503,Kushinagar,xUeHwd9FQkg,indicator_9,6.122668189113028
959,202503,Kushinagar,xUeHwd9FQkg,indicator_10,100.0
960,202503,Kushinagar,xUeHwd9FQkg,indicator_11,100.0
961,202503,Kushinagar,xUeHwd9FQkg,indicator_12,5433.0927262631885
962,202503,Gonda,y8WarEkWCul,indicator_1,100.0
963,202503,Gonda,y8WarEkWCul,indicator_2,65.65500717222646
964,202503,Gonda,y8WarEkWCul,indicator_31,0.5882352941176471
965,202503,Gonda,y8WarEkWCul,indicator_32,36.201298701298704
966,202503,Gonda,y8WarEkWCul,indicator_4,5.527856058963797
967,202503,Gonda,y8WarEkWCul,indicator_5,86.22371558638629
968,202503,Gonda,y8WarEkWCul,indicator_6,1.0139934273295876
969,202503,Gonda,y8WarEkWCul,indicator_7,100.0
970,202503,Gonda,y8WarEkWCul,indicator_8,0.5599134040710282
971,202503,Gonda,y8WarEkWCul,indicator_9,7.30463713961375
972,202503,Gonda,y8WarEkWCul,indicator_10,100.0
973,202503,Gonda,y8WarEkWCul,indicator_11,100.0
974,202503,Gonda,y8WarEkWCul,indicator_12,4470.345234582473
6675,202503,Agra,N5WWbRtsjWp,indicator_13,4.654955999999999
6676,202503,Aligarh,frD2HOp3wAs,indicator_13,2.7444189999999997
6677,202503,Ambedkar Nagar,jM27ji8tyrM,indicator_13,1.560817
6678,202503,Amethi,StsLkYw1G0m,indicator_13,1.642325
6679,202503,Amroha,hgquAmZaNBu,indicator_13,5.2766910000000005
6680,202503,Auraiya,Bd6E8zkVvVt,indicator_13,3.882396
6681,202503,Ayodhya,b4XkXzoGqFY,indicator_13,2.463151
6682,202503,Azamgarh,NjckKfm3g0k,indicator_13,3.2953410000000005
6683,202503,Bagpat,HJIS3IrQ0Nj,indicator_13,4.169775
6684,202503,Bahraich,iE0E3nLioFr,indicator_13,3.3477129999999997
6685,202503,Ballia,oNDvGBE5fLq,indicator_13,0.9562985999999999
6686,202503,Balrampur,uS0pNSxN3sS,indicator_13,3.065716
6687,202503,Banda,DggJGxqbWHn,indicator_13,1.591636
6688,202503,Barabanki,tzH6nJu9SwS,indicator_13,2.368527
6689,202503,Bareilly,vVqY3DPcpHf,indicator_13,4.335241000000001
6690,202503,Basti,J1P16zQEOUT,indicator_13,2.1951110000000003
6691,202503,Bhadohi,PeUY1vj02UQ,indicator_13,3.010255
6692,202503,Bijnor,uCYjHW7FuGG,indicator_13,2.683814
6693,202503,Budaun,eA37kyBRRuZ,indicator_13,2.916074
6694,202503,Bulandshahar,ogBt4gWCiem,indicator_13,3.551277
6695,202503,Chandauli,ClbehnmwSec,indicator_13,2.836879
6696,202503,Chitrakoot,i2fSZZ3QAJJ,indicator_13,1.995
6697,202503,Deoria,Tf9b9qcbghH,indicator_13,2.552243
6698,202503,Etah,ZLcx4iOVyN5,indicator_13,5.193336
6699,202503,Etawah,Pm0jLk6EAiE,indicator_13,3.5926089999999995
6700,202503,Farrukhabad,uEEwlAGZXWW,indicator_13,3.3499830000000004
6701,202503,Fatehpur,ibLiLcaKzw2,indicator_13,1.812244
6702,202503,Firozabad,eJTsuE56XDF,indicator_13,4.976946
6703,202503,Gautam Buddha Nagar,bNmwkrQeP3e,indicator_13,4.216053
6704,202503,Ghaziabad,M5NHlfAaKYI,indicator_13,4.786985
6705,202503,Ghazipur,dScWdMRN8PL,indicator_13,3.4500480000000002
6706,202503,Gonda,y8WarEkWCul,indicator_13,2.078602
6707,202503,Gorakhpur,vR85cHdsw1w,indicator_13,2.845792
6708,202503,Hamirpur,VSI7HobT5qL,indicator_13,1.6818919999999997
6709,202503,Hapur,CZ8kLjgqvSH,indicator_13,3.626493
6710,202503,Hardoi,MTIkUw5q5pX,indicator_13,1.906407
6711,202503,Hathras,m1IAjmqkoFC,indicator_13,2.997884
6712,202503,Jalaun,NL5xiiHZQSC,indicator_13,2.141273
6713,202503,Jaunpur,gmw76vAUMqz,indicator_13,2.371108
6714,202503,Jhansi,Mq751wBMqGF,indicator_13,2.035398
6715,202503,Kannauj,IhQbDYRiF8w,indicator_13,3.8498330000000003
6716,202503,Kanpur Dehat,k3D0AumUCiC,indicator_13,2.77337
6717,202503,Kanpur Nagar,QVMRMhzVrrS,indicator_13,2.7463330000000004
6718,202503,Kasganj,hITp09XOBLZ,indicator_13,2.147007
6719,202503,Kaushambi,PAj0oVY0Dxu,indicator_13,2.422218
6720,202503,Kushinagar,xUeHwd9FQkg,indicator_13,2.7668779999999997
6721,202503,Lakhimpur Kheri,d9ZuMopgX29,indicator_13,2.162098
6722,202503,Lalitpur,fagfcadhxej,indicator_13,2.6461
6723,202503,Lucknow,MfHac5N78aK,indicator_13,3.5755559999999997
6724,202503,Maharajganj,AcnMkNGgc3S,indicator_13,1.689122
6725,202503,Mahoba,sUQMxIc3yXj,indicator_13,2.524913
6726,202503,Mainpuri,XBLhrSWGytu,indicator_13,2.207977
6727,202503,Mathura,KP2BUB1npih,indicator_13,4.085967
6728,202503,Maunathbhanjan,CBSB9v92AwT,indicator_13,3.9295139999999997
6729,202503,Meerut,v8YGmR7nOdj,indicator_13,1.9006319999999999
6730,202503,Mirzapur,UAicdMLyuk4,indicator_13,2.060218
6731,202503,Moradabad,YQNQoPjAIpV,indicator_13,4.398649
6732,202503,Muzaffarnagar,MVQs2RrS1Nw,indicator_13,3.6001260000000004
6733,202503,Pilibhit,c96jwckSd6j,indicator_13,2.863382
6734,202503,Pratapgarh,fz7bJo3egPX,indicator_13,2.593425
6735,202503,Prayagraj,tXgaew1Pd2Y,indicator_13,1.0713409999999999
6736,202503,Rae Bareli,lLvTDpBDY8u,indicator_13,2.0639830000000003
6737,202503,Rampur,IU006h5U7jj,indicator_13,2.249971
6738,202503,Saharanpur,FKYZ3JbWq84,indicator_13,3.562996
6739,202503,Sambhal,YzHpzrN0eLv,indicator_13,3.0959849999999998
6740,202503,Sant Kabir Nagar,fe1yBApr2sl,indicator_13,3.078491
6741,202503,Shahjahanpur,GaiLSoQq1ue,indicator_13,3.1086240000000003
6742,202503,Shamli,AdiUcz9BXhx,indicator_13,3.049954
6743,202503,Shrawasti,oyTwneTbWDx,indicator_13,3.832249
6744,202503,Siddharth Nagar,cP0p8qfm3il,indicator_13,4.982387999999999
6745,202503,Sitapur,XxaOowFtkiJ,indicator_13,3.086403
6746,202503,Sonbhadra,NNk3JP90QZ5,indicator_13,2.94696
6747,202503,Sultanpur,o4ZQTVcMI7U,indicator_13,2.463956
6748,202503,Unnav,aT03mfdlNiF,indicator_13,1.629923
6749,202503,Varanasi,LeuBT7KfuuA,indicator_13,4.667007
6675,202503,Agra,N5WWbRtsjWp,indicator_14,98.51524
6676,202503,Aligarh,frD2HOp3wAs,indicator_14,97.9211
6677,202503,Ambedkar Nagar,jM27ji8tyrM,indicator_14,96.75063
6678,202503,Amethi,StsLkYw1G0m,indicator_14,98.16238
6679,202503,Amroha,hgquAmZaNBu,indicator_14,90.62299
6680,202503,Auraiya,Bd6E8zkVvVt,indicator_14,88.13423
6681,202503,Ayodhya,b4XkXzoGqFY,indicator_14,94.7516
6682,202503,Azamgarh,NjckKfm3g0k,indicator_14,95.98087
6683,202503,Bagpat,HJIS3IrQ0Nj,indicator_14,98.92317
6684,202503,Bahraich,iE0E3nLioFr,indicator_14,98.28137
6685,202503,Ballia,oNDvGBE5fLq,indicator_14,96.67069000000001
6686,202503,Balrampur,uS0pNSxN3sS,indicator_14,97.8774
6687,202503,Banda,DggJGxqbWHn,indicator_14,98.40862
6688,202503,Barabanki,tzH6nJu9SwS,indicator_14,98.09454000000001
6689,202503,Bareilly,vVqY3DPcpHf,indicator_14,97.73428
6690,202503,Basti,J1P16zQEOUT,indicator_14,91.70008
6691,202503,Bhadohi,PeUY1vj02UQ,indicator_14,96.0799
6692,202503,Bijnor,uCYjHW7FuGG,indicator_14,98.36398
6693,202503,Budaun,eA37kyBRRuZ,indicator_14,96.28623
6694,202503,Bulandshahar,ogBt4gWCiem,indicator_14,98.66264
6695,202503,Chandauli,ClbehnmwSec,indicator_14,95.46259
6696,202503,Chitrakoot,i2fSZZ3QAJJ,indicator_14,96.18584
6697,202503,Deoria,Tf9b9qcbghH,indicator_14,92.93226999999999
6698,202503,Etah,ZLcx4iOVyN5,indicator_14,98.91131999999999
6699,202503,Etawah,Pm0jLk6EAiE,indicator_14,93.38067
6700,202503,Farrukhabad,uEEwlAGZXWW,indicator_14,83.41291
6701,202503,Fatehpur,ibLiLcaKzw2,indicator_14,97.87763000000001
6702,202503,Firozabad,eJTsuE56XDF,indicator_14,97.52027
6703,202503,Gautam Buddha Nagar,bNmwkrQeP3e,indicator_14,98.12534000000001
6704,202503,Ghaziabad,M5NHlfAaKYI,indicator_14,99.022
6705,202503,Ghazipur,dScWdMRN8PL,indicator_14,94.99589
6706,202503,Gonda,y8WarEkWCul,indicator_14,95.33664
6707,202503,Gorakhpur,vR85cHdsw1w,indicator_14,92.93428
6708,202503,Hamirpur,VSI7HobT5qL,indicator_14,96.97865
6709,202503,Hapur,CZ8kLjgqvSH,indicator_14,98.38129
6710,202503,Hardoi,MTIkUw5q5pX,indicator_14,92.88658000000001
6711,202503,Hathras,m1IAjmqkoFC,indicator_14,99.61501
6712,202503,Jalaun,NL5xiiHZQSC,indicator_14,96.62843000000001
6713,202503,Jaunpur,gmw76vAUMqz,indicator_14,98.41479
6714,202503,Jhansi,Mq751wBMqGF,indicator_14,99.22408
6715,202503,Kannauj,IhQbDYRiF8w,indicator_14,95.81541
6716,202503,Kanpur Dehat,k3D0AumUCiC,indicator_14,98.11665
6717,202503,Kanpur Nagar,QVMRMhzVrrS,indicator_14,95.6507
6718,202503,Kasganj,hITp09XOBLZ,indicator_14,100.0
6719,202503,Kaushambi,PAj0oVY0Dxu,indicator_14,97.19251
6720,202503,Kushinagar,xUeHwd9FQkg,indicator_14,98.7305
6721,202503,Lakhimpur Kheri,d9ZuMopgX29,indicator_14,97.72445
6722,202503,Lalitpur,fagfcadhxej,indicator_14,97.84772
6723,202503,Lucknow,MfHac5N78aK,indicator_14,96.4268
6724,202503,Maharajganj,AcnMkNGgc3S,indicator_14,98.81342
6725,202503,Mahoba,sUQMxIc3yXj,indicator_14,97.06206999999999
6726,202503,Mainpuri,XBLhrSWGytu,indicator_14,99.30544
6727,202503,Mathura,KP2BUB1npih,indicator_14,98.8344
6728,202503,Maunathbhanjan,CBSB9v92AwT,indicator_14,97.05386
6729,202503,Meerut,v8YGmR7nOdj,indicator_14,97.62098
6730,202503,Mirzapur,UAicdMLyuk4,indicator_14,96.93486999999999
6731,202503,Moradabad,YQNQoPjAIpV,indicator_14,97.67746
6732,202503,Muzaffarnagar,MVQs2RrS1Nw,indicator_14,98.5363
6733,202503,Pilibhit,c96jwckSd6j,indicator_14,98.27834
6734,202503,Pratapgarh,fz7bJo3egPX,indicator_14,90.78123000000001
6735,202503,Prayagraj,tXgaew1Pd2Y,indicator_14,98.83971
6736,202503,Rae Bareli,lLvTDpBDY8u,indicator_14,98.34019
6737,202503,Rampur,IU006h5U7jj,indicator_14,99.27124
6738,202503,Saharanpur,FKYZ3JbWq84,indicator_14,95.54988
6739,202503,Sambhal,YzHpzrN0eLv,indicator_14,95.49133
6740,202503,Sant Kabir Nagar,fe1yBApr2sl,indicator_14,90.68226
6741,202503,Shahjahanpur,GaiLSoQq1ue,indicator_14,92.3392
6742,202503,Shamli,AdiUcz9BXhx,indicator_14,87.2087
6743,202503,Shrawasti,oyTwneTbWDx,indicator_14,99.41025
6744,202503,Siddharth Nagar,cP0p8qfm3il,indicator_14,94.60191999999999
6745,202503,Sitapur,XxaOowFtkiJ,indicator_14,92.27535
6746,202503,Sonbhadra,NNk3JP90QZ5,indicator_14,96.56489
6747,202503,Sultanpur,o4ZQTVcMI7U,indicator_14,94.9174
6748,202503,Unnav,aT03mfdlNiF,indicator_14,97.65414
6749,202503,Varanasi,LeuBT7KfuuA,indicator_14,98.2489
