,district_id,perc_point,date,indicator_id
0,N5WWbRtsjWp,100.0,202503,indicator_1
1,eJTsuE56XDF,100.0,202503,indicator_1
2,XBLhrSWGytu,100.0,202503,indicator_1
3,KP2BUB1npih,100.0,202503,indicator_1
4,ibLiLcaKzw2,100.0,202503,indicator_1
5,PAj0oVY0Dxu,100.0,202503,indicator_1
6,fz7bJo3egPX,100.0,202503,indicator_1
7,tXgaew1Pd2Y,100.0,202503,indicator_1
8,jM27ji8tyrM,100.0,202503,indicator_1
9,NjckKfm3g0k,97.27680199546901,202503,indicator_1
10,StsLkYw1G0m,100.0,202503,indicator_1
11,b4XkXzoGqFY,100.0,202503,indicator_1
12,tzH6nJu9SwS,100.0,202503,indicator_1
13,o4ZQTVcMI7U,100.0,202503,indicator_1
14,MTIkUw5q5pX,100.0,202503,indicator_1
15,d9ZuMopgX29,100.0,202503,indicator_1
16,MfHac5N78aK,100.0,202503,indicator_1
17,iE0E3nLioFr,100.0,202503,indicator_1
18,lLvTDpBDY8u,100.0,202503,indicator_1
19,XxaOowFtkiJ,100.0,202503,indicator_1
20,aT03mfdlNiF,100.0,202503,indicator_1
21,HJIS3IrQ0Nj,100.0,202503,indicator_1
22,ogBt4gWCiem,100.0,202503,indicator_1
23,bNmwkrQeP3e,100.0,202503,indicator_1
24,M5NHlfAaKYI,100.0,202503,indicator_1
25,CZ8kLjgqvSH,100.0,202503,indicator_1
26,frD2HOp3wAs,100.0,202503,indicator_1
27,v8YGmR7nOdj,93.21277835168745,202503,indicator_1
28,ZLcx4iOVyN5,100.0,202503,indicator_1
29,m1IAjmqkoFC,100.0,202503,indicator_1
30,hITp09XOBLZ,100.0,202503,indicator_1
31,oNDvGBE5fLq,100.0,202503,indicator_1
32,CBSB9v92AwT,100.0,202503,indicator_1
33,eA37kyBRRuZ,100.0,202503,indicator_1
34,vVqY3DPcpHf,100.0,202503,indicator_1
35,c96jwckSd6j,100.0,202503,indicator_1
36,GaiLSoQq1ue,100.0,202503,indicator_1
37,J1P16zQEOUT,100.0,202503,indicator_1
38,fe1yBApr2sl,100.0,202503,indicator_1
39,cP0p8qfm3il,100.0,202503,indicator_1
40,DggJGxqbWHn,100.0,202503,indicator_1
41,i2fSZZ3QAJJ,100.0,202503,indicator_1
42,VSI7HobT5qL,100.0,202503,indicator_1
43,sUQMxIc3yXj,99.37966088306102,202503,indicator_1
44,uS0pNSxN3sS,100.0,202503,indicator_1
45,y8WarEkWCul,100.0,202503,indicator_1
46,oyTwneTbWDx,100.0,202503,indicator_1
47,Tf9b9qcbghH,100.0,202503,indicator_1
48,vR85cHdsw1w,100.0,202503,indicator_1
49,xUeHwd9FQkg,100.0,202503,indicator_1
50,AcnMkNGgc3S,100.0,202503,indicator_1
51,NL5xiiHZQSC,100.0,202503,indicator_1
52,Mq751wBMqGF,100.0,202503,indicator_1
53,fagfcadhxej,81.28622377160085,202503,indicator_1
54,Bd6E8zkVvVt,100.0,202503,indicator_1
55,Pm0jLk6EAiE,100.0,202503,indicator_1
56,uEEwlAGZXWW,100.0,202503,indicator_1
57,IhQbDYRiF8w,100.0,202503,indicator_1
58,k3D0AumUCiC,100.0,202503,indicator_1
59,QVMRMhzVrrS,99.80775564278434,202503,indicator_1
60,PeUY1vj02UQ,97.16320681665292,202503,indicator_1
61,UAicdMLyuk4,100.0,202503,indicator_1
62,NNk3JP90QZ5,99.98388868072851,202503,indicator_1
63,hgquAmZaNBu,100.0,202503,indicator_1
64,uCYjHW7FuGG,100.0,202503,indicator_1
65,YQNQoPjAIpV,100.0,202503,indicator_1
66,IU006h5U7jj,100.0,202503,indicator_1
67,YzHpzrN0eLv,100.0,202503,indicator_1
68,MVQs2RrS1Nw,100.0,202503,indicator_1
69,FKYZ3JbWq84,100.0,202503,indicator_1
70,AdiUcz9BXhx,95.70265484817205,202503,indicator_1
71,ClbehnmwSec,100.0,202503,indicator_1
72,dScWdMRN8PL,100.0,202503,indicator_1
73,gmw76vAUMqz,100.0,202503,indicator_1
74,LeuBT7KfuuA,100.0,202503,indicator_1
0,AcnMkNGgc3S,60.07134582443234,202503,indicator_2
1,AdiUcz9BXhx,70.50700823065237,202503,indicator_2
2,Bd6E8zkVvVt,71.78119301128089,202503,indicator_2
3,CBSB9v92AwT,84.583053264953,202503,indicator_2
4,CZ8kLjgqvSH,78.47655109324654,202503,indicator_2
5,ClbehnmwSec,78.61136091653002,202503,indicator_2
6,DggJGxqbWHn,58.9149170255766,202503,indicator_2
7,FKYZ3JbWq84,63.4800513209532,202503,indicator_2
8,GaiLSoQq1ue,57.945128848889716,202503,indicator_2
9,HJIS3IrQ0Nj,76.26541294521985,202503,indicator_2
10,IU006h5U7jj,67.32333528204359,202503,indicator_2
11,IhQbDYRiF8w,78.7726384859133,202503,indicator_2
12,J1P16zQEOUT,53.47373690448547,202503,indicator_2
13,KP2BUB1npih,81.15544830872042,202503,indicator_2
14,LeuBT7KfuuA,84.5336589088564,202503,indicator_2
15,M5NHlfAaKYI,68.49410651855212,202503,indicator_2
16,MTIkUw5q5pX,60.35531381197035,202503,indicator_2
17,MVQs2RrS1Nw,79.11784941641181,202503,indicator_2
18,MfHac5N78aK,91.53652049587532,202503,indicator_2
19,Mq751wBMqGF,60.916669409828515,202503,indicator_2
20,N5WWbRtsjWp,88.03723770975036,202503,indicator_2
21,NL5xiiHZQSC,60.192354157528314,202503,indicator_2
22,NNk3JP90QZ5,71.01714666948007,202503,indicator_2
23,NjckKfm3g0k,78.38341507813627,202503,indicator_2
24,PAj0oVY0Dxu,71.71705333894415,202503,indicator_2
25,PeUY1vj02UQ,81.87721950099726,202503,indicator_2
26,Pm0jLk6EAiE,74.17412866559138,202503,indicator_2
27,QVMRMhzVrrS,58.02899641849915,202503,indicator_2
28,StsLkYw1G0m,69.28358770358034,202503,indicator_2
29,Tf9b9qcbghH,63.28732468071087,202503,indicator_2
30,UAicdMLyuk4,88.19334388823887,202503,indicator_2
31,VSI7HobT5qL,62.70516042709716,202503,indicator_2
32,XBLhrSWGytu,64.48480344401588,202503,indicator_2
33,XxaOowFtkiJ,70.00099515727965,202503,indicator_2
34,YQNQoPjAIpV,60.29975242514659,202503,indicator_2
35,YzHpzrN0eLv,74.5411420461343,202503,indicator_2
36,ZLcx4iOVyN5,64.8461691287886,202503,indicator_2
37,aT03mfdlNiF,62.94515064116777,202503,indicator_2
38,b4XkXzoGqFY,70.36433372644075,202503,indicator_2
39,bNmwkrQeP3e,96.9894430031313,202503,indicator_2
40,c96jwckSd6j,68.0230486096417,202503,indicator_2
41,cP0p8qfm3il,47.42613704158532,202503,indicator_2
42,d9ZuMopgX29,76.19197809987318,202503,indicator_2
43,dScWdMRN8PL,60.95368767429802,202503,indicator_2
44,eA37kyBRRuZ,67.43720961777177,202503,indicator_2
45,eJTsuE56XDF,63.74825262725019,202503,indicator_2
46,fagfcadhxej,60.102395362728004,202503,indicator_2
47,fe1yBApr2sl,62.72914887315469,202503,indicator_2
48,frD2HOp3wAs,83.4647709007158,202503,indicator_2
49,fz7bJo3egPX,68.62160398563746,202503,indicator_2
50,gmw76vAUMqz,57.71685307664707,202503,indicator_2
51,hITp09XOBLZ,69.20485327267805,202503,indicator_2
52,hgquAmZaNBu,76.24183111743547,202503,indicator_2
53,i2fSZZ3QAJJ,72.4768482978819,202503,indicator_2
54,iE0E3nLioFr,73.97379721827197,202503,indicator_2
55,ibLiLcaKzw2,68.7937987311519,202503,indicator_2
56,jM27ji8tyrM,77.63338341338672,202503,indicator_2
57,k3D0AumUCiC,63.237919439578924,202503,indicator_2
58,lLvTDpBDY8u,63.4507258294286,202503,indicator_2
59,m1IAjmqkoFC,100.0,202503,indicator_2
60,o4ZQTVcMI7U,74.07470279771448,202503,indicator_2
61,oNDvGBE5fLq,55.17739817464091,202503,indicator_2
62,ogBt4gWCiem,70.75282532227621,202503,indicator_2
63,oyTwneTbWDx,76.90154284537194,202503,indicator_2
64,sUQMxIc3yXj,55.79950070567753,202503,indicator_2
65,tXgaew1Pd2Y,74.37105508261867,202503,indicator_2
66,tzH6nJu9SwS,62.131893917345515,202503,indicator_2
67,uCYjHW7FuGG,74.74767981474167,202503,indicator_2
68,uEEwlAGZXWW,60.57789434931611,202503,indicator_2
69,uS0pNSxN3sS,62.468166609210485,202503,indicator_2
70,v8YGmR7nOdj,80.61101595245027,202503,indicator_2
71,vR85cHdsw1w,60.184028312441654,202503,indicator_2
72,vVqY3DPcpHf,64.78004583155669,202503,indicator_2
73,xUeHwd9FQkg,61.38914848089626,202503,indicator_2
74,y8WarEkWCul,65.65500717222646,202503,indicator_2
0,N5WWbRtsjWp,1.0707844905320107,202503,indicator_31
1,eJTsuE56XDF,1.6898608349900597,202503,indicator_31
2,XBLhrSWGytu,0.9212730318257957,202503,indicator_31
3,KP2BUB1npih,3.2516601786123194,202503,indicator_31
4,ibLiLcaKzw2,0.7851239669421488,202503,indicator_31
5,PAj0oVY0Dxu,2.7572815533980584,202503,indicator_31
6,fz7bJo3egPX,4.093097913322633,202503,indicator_31
7,tXgaew1Pd2Y,3.442513368983957,202503,indicator_31
8,jM27ji8tyrM,1.3513513513513513,202503,indicator_31
9,StsLkYw1G0m,3.2465859314609635,202503,indicator_31
10,b4XkXzoGqFY,1.2934751365334867,202503,indicator_31
11,tzH6nJu9SwS,1.555104800540906,202503,indicator_31
12,o4ZQTVcMI7U,1.9269102990033222,202503,indicator_31
13,MTIkUw5q5pX,0.3707365299060801,202503,indicator_31
14,d9ZuMopgX29,1.1626850758470344,202503,indicator_31
15,MfHac5N78aK,13.314763231197771,202503,indicator_31
16,lLvTDpBDY8u,2.0027104351754255,202503,indicator_31
17,XxaOowFtkiJ,2.3494262239424186,202503,indicator_31
18,aT03mfdlNiF,2.109500805152979,202503,indicator_31
19,HJIS3IrQ0Nj,0.8355488036460311,202503,indicator_31
20,ogBt4gWCiem,1.9101876675603215,202503,indicator_31
21,bNmwkrQeP3e,2.181457610312345,202503,indicator_31
22,M5NHlfAaKYI,18.328734726054392,202503,indicator_31
23,CZ8kLjgqvSH,1.621017328116266,202503,indicator_31
24,v8YGmR7nOdj,7.5524475524475525,202503,indicator_31
25,frD2HOp3wAs,2.2263450834879404,202503,indicator_31
26,ZLcx4iOVyN5,0.6987143655673561,202503,indicator_31
27,m1IAjmqkoFC,4.296935160942553,202503,indicator_31
28,hITp09XOBLZ,2.042205582028591,202503,indicator_31
29,NjckKfm3g0k,2.163575844032335,202503,indicator_31
30,oNDvGBE5fLq,2.3055881203595154,202503,indicator_31
31,CBSB9v92AwT,7.364685004436557,202503,indicator_31
32,vVqY3DPcpHf,3.4473435176422873,202503,indicator_31
33,eA37kyBRRuZ,0.6602216458382457,202503,indicator_31
34,c96jwckSd6j,0.9320505111244739,202503,indicator_31
35,GaiLSoQq1ue,1.2774229380727575,202503,indicator_31
36,J1P16zQEOUT,2.6406790317510214,202503,indicator_31
37,fe1yBApr2sl,13.317422434367543,202503,indicator_31
38,cP0p8qfm3il,3.6041539401343923,202503,indicator_31
39,DggJGxqbWHn,0.40056550424128184,202503,indicator_31
40,i2fSZZ3QAJJ,1.38217000691085,202503,indicator_31
41,VSI7HobT5qL,0.87070091423596,202503,indicator_31
42,sUQMxIc3yXj,0.19329896907216496,202503,indicator_31
43,iE0E3nLioFr,0.9830579376699434,202503,indicator_31
44,uS0pNSxN3sS,0.8778625954198473,202503,indicator_31
45,y8WarEkWCul,0.7022900763358778,202503,indicator_31
46,oyTwneTbWDx,1.4556682840758712,202503,indicator_31
47,Tf9b9qcbghH,2.4634146341463414,202503,indicator_31
48,vR85cHdsw1w,6.03310197544047,202503,indicator_31
49,xUeHwd9FQkg,1.8799710773680405,202503,indicator_31
50,AcnMkNGgc3S,2.1125242509161457,202503,indicator_31
51,NL5xiiHZQSC,1.9190654985398414,202503,indicator_31
52,Mq751wBMqGF,4.661168877733955,202503,indicator_31
53,fagfcadhxej,0.40816326530612246,202503,indicator_31
54,Bd6E8zkVvVt,0.18848167539267016,202503,indicator_31
55,Pm0jLk6EAiE,1.3337468982630272,202503,indicator_31
56,uEEwlAGZXWW,0.5374968006142821,202503,indicator_31
57,IhQbDYRiF8w,0.024795437639474338,202503,indicator_31
58,k3D0AumUCiC,1.221498371335505,202503,indicator_31
59,QVMRMhzVrrS,6.434195725534309,202503,indicator_31
60,PeUY1vj02UQ,4.287690179806362,202503,indicator_31
61,UAicdMLyuk4,1.450381679389313,202503,indicator_31
62,NNk3JP90QZ5,2.410575427682737,202503,indicator_31
63,hgquAmZaNBu,2.6009582477754964,202503,indicator_31
64,uCYjHW7FuGG,1.0757507844016136,202503,indicator_31
65,YQNQoPjAIpV,3.1885073580939034,202503,indicator_31
66,IU006h5U7jj,3.967761934283943,202503,indicator_31
67,YzHpzrN0eLv,1.0718678615357582,202503,indicator_31
68,MVQs2RrS1Nw,3.1118794764139297,202503,indicator_31
69,FKYZ3JbWq84,3.1105228325612178,202503,indicator_31
70,AdiUcz9BXhx,3.1266846361185987,202503,indicator_31
71,ClbehnmwSec,2.65017667844523,202503,indicator_31
72,dScWdMRN8PL,4.939919893190922,202503,indicator_31
73,gmw76vAUMqz,4.497751124437781,202503,indicator_31
74,LeuBT7KfuuA,25.010084711577246,202503,indicator_31
0,N5WWbRtsjWp,37.17990275526743,202503,indicator_32
1,eJTsuE56XDF,10.121457489878543,202503,indicator_32
2,XBLhrSWGytu,22.460391425908668,202503,indicator_32
3,KP2BUB1npih,15.72379367720466,202503,indicator_32
4,frD2HOp3wAs,27.945859872611468,202503,indicator_32
5,ZLcx4iOVyN5,22.10796915167095,202503,indicator_32
6,m1IAjmqkoFC,8.06282722513089,202503,indicator_32
7,hITp09XOBLZ,35.82887700534759,202503,indicator_32
8,jM27ji8tyrM,45.55555555555556,202503,indicator_32
9,StsLkYw1G0m,38.95582329317269,202503,indicator_32
10,b4XkXzoGqFY,54.97076023391813,202503,indicator_32
11,tzH6nJu9SwS,58.86308068459658,202503,indicator_32
12,o4ZQTVcMI7U,39.84575835475578,202503,indicator_32
13,NjckKfm3g0k,42.347908745247146,202503,indicator_32
14,oNDvGBE5fLq,18.409236690186017,202503,indicator_32
15,CBSB9v92AwT,25.671140939597315,202503,indicator_32
16,eA37kyBRRuZ,20.70063694267516,202503,indicator_32
17,vVqY3DPcpHf,30.955882352941178,202503,indicator_32
18,c96jwckSd6j,51.678376268540205,202503,indicator_32
19,GaiLSoQq1ue,21.5235792019347,202503,indicator_32
20,J1P16zQEOUT,59.21610169491526,202503,indicator_32
21,fe1yBApr2sl,60.24464831804281,202503,indicator_32
22,cP0p8qfm3il,18.82640586797066,202503,indicator_32
23,DggJGxqbWHn,23.626373626373624,202503,indicator_32
24,i2fSZZ3QAJJ,6.22568093385214,202503,indicator_32
25,VSI7HobT5qL,16.830294530154276,202503,indicator_32
26,sUQMxIc3yXj,17.98010711553175,202503,indicator_32
27,iE0E3nLioFr,29.626485568760614,202503,indicator_32
28,uS0pNSxN3sS,36.35724331926863,202503,indicator_32
29,y8WarEkWCul,35.50453817405233,202503,indicator_32
30,oyTwneTbWDx,24.291497975708502,202503,indicator_32
31,Tf9b9qcbghH,29.423076923076923,202503,indicator_32
32,vR85cHdsw1w,60.93251533742331,202503,indicator_32
33,xUeHwd9FQkg,32.48366013071895,202503,indicator_32
34,AcnMkNGgc3S,47.712418300653596,202503,indicator_32
35,NL5xiiHZQSC,21.462423832092078,202503,indicator_32
36,Mq751wBMqGF,36.107554417413574,202503,indicator_32
37,fagfcadhxej,9.36087798579729,202503,indicator_32
38,Bd6E8zkVvVt,7.026143790849673,202503,indicator_32
39,Pm0jLk6EAiE,32.9727713539724,202503,indicator_32
40,uEEwlAGZXWW,4.7309833024118735,202503,indicator_32
41,IhQbDYRiF8w,12.43124312431243,202503,indicator_32
42,k3D0AumUCiC,18.363636363636363,202503,indicator_32
43,QVMRMhzVrrS,45.81316553727009,202503,indicator_32
44,MTIkUw5q5pX,22.86158631415241,202503,indicator_32
45,d9ZuMopgX29,14.349775784753364,202503,indicator_32
46,MfHac5N78aK,58.2007520971941,202503,indicator_32
47,lLvTDpBDY8u,43.93869019972132,202503,indicator_32
48,XxaOowFtkiJ,16.297043010752688,202503,indicator_32
49,aT03mfdlNiF,32.58631132646881,202503,indicator_32
50,HJIS3IrQ0Nj,23.251748251748253,202503,indicator_32
51,ogBt4gWCiem,7.895807895807897,202503,indicator_32
52,bNmwkrQeP3e,27.23152022315202,202503,indicator_32
53,M5NHlfAaKYI,39.27900863687571,202503,indicator_32
54,CZ8kLjgqvSH,2.7199999999999998,202503,indicator_32
55,v8YGmR7nOdj,52.23996883521621,202503,indicator_32
56,PeUY1vj02UQ,6.165703275529865,202503,indicator_32
57,UAicdMLyuk4,53.148788927335644,202503,indicator_32
58,NNk3JP90QZ5,42.523364485981304,202503,indicator_32
59,hgquAmZaNBu,39.346811819595644,202503,indicator_32
60,uCYjHW7FuGG,43.463497453310694,202503,indicator_32
61,YQNQoPjAIpV,38.93557422969188,202503,indicator_32
62,IU006h5U7jj,20.946915351506455,202503,indicator_32
63,YzHpzrN0eLv,3.187250996015936,202503,indicator_32
64,ibLiLcaKzw2,17.92369121561668,202503,indicator_32
65,PAj0oVY0Dxu,17.757712565838975,202503,indicator_32
66,fz7bJo3egPX,52.85888077858881,202503,indicator_32
67,tXgaew1Pd2Y,55.352941176470594,202503,indicator_32
68,MVQs2RrS1Nw,44.33912585571353,202503,indicator_32
69,FKYZ3JbWq84,53.945249597423505,202503,indicator_32
70,AdiUcz9BXhx,32.19512195121951,202503,indicator_32
71,ClbehnmwSec,54.469507101086045,202503,indicator_32
72,dScWdMRN8PL,34.69945355191257,202503,indicator_32
73,gmw76vAUMqz,40.987983978638184,202503,indicator_32
74,LeuBT7KfuuA,66.0149511213341,202503,indicator_32
0,N5WWbRtsjWp,3.3334776397246637,202503,indicator_4
1,eJTsuE56XDF,1.99501246882793,202503,indicator_4
2,XBLhrSWGytu,7.4895578280282304,202503,indicator_4
3,KP2BUB1npih,1.478269439243126,202503,indicator_4
4,ibLiLcaKzw2,8.277673117542959,202503,indicator_4
5,PAj0oVY0Dxu,6.656739949198563,202503,indicator_4
6,fz7bJo3egPX,4.831594426160633,202503,indicator_4
7,tXgaew1Pd2Y,0.31634224012484974,202503,indicator_4
8,jM27ji8tyrM,18.087408048463868,202503,indicator_4
9,NjckKfm3g0k,8.752549286199864,202503,indicator_4
10,StsLkYw1G0m,2.449979583503471,202503,indicator_4
11,b4XkXzoGqFY,5.781584582441114,202503,indicator_4
12,tzH6nJu9SwS,8.759763486385868,202503,indicator_4
13,o4ZQTVcMI7U,8.452844524646215,202503,indicator_4
14,MTIkUw5q5pX,7.494269088344208,202503,indicator_4
15,d9ZuMopgX29,3.840877914951989,202503,indicator_4
16,MfHac5N78aK,9.26418103120966,202503,indicator_4
17,iE0E3nLioFr,10.178834288577782,202503,indicator_4
18,lLvTDpBDY8u,13.757203941253021,202503,indicator_4
19,XxaOowFtkiJ,7.046410388843799,202503,indicator_4
20,aT03mfdlNiF,2.46573355573283,202503,indicator_4
21,HJIS3IrQ0Nj,2.755543891877706,202503,indicator_4
22,ogBt4gWCiem,2.332524724762082,202503,indicator_4
23,bNmwkrQeP3e,7.913669064748201,202503,indicator_4
24,M5NHlfAaKYI,1.568291987453664,202503,indicator_4
25,CZ8kLjgqvSH,1.5653535090007826,202503,indicator_4
26,frD2HOp3wAs,10.309278350515465,202503,indicator_4
27,v8YGmR7nOdj,14.491636475757343,202503,indicator_4
28,ZLcx4iOVyN5,1.4322543683758235,202503,indicator_4
29,m1IAjmqkoFC,1.6226449112052646,202503,indicator_4
30,hITp09XOBLZ,6.734992679355783,202503,indicator_4
31,oNDvGBE5fLq,2.369044485390892,202503,indicator_4
32,CBSB9v92AwT,0.22476961114857272,202503,indicator_4
33,eA37kyBRRuZ,3.5343746437122334,202503,indicator_4
34,vVqY3DPcpHf,6.437768240343348,202503,indicator_4
35,c96jwckSd6j,3.567351598173516,202503,indicator_4
36,GaiLSoQq1ue,9.614639063348067,202503,indicator_4
37,J1P16zQEOUT,4.539385847797062,202503,indicator_4
38,fe1yBApr2sl,0.2623983206507478,202503,indicator_4
39,cP0p8qfm3il,2.8215539192072123,202503,indicator_4
40,DggJGxqbWHn,14.093959731543624,202503,indicator_4
41,i2fSZZ3QAJJ,9.637071970473652,202503,indicator_4
42,VSI7HobT5qL,10.146295422369041,202503,indicator_4
43,sUQMxIc3yXj,16.25487646293888,202503,indicator_4
44,uS0pNSxN3sS,7.745699627804044,202503,indicator_4
45,y8WarEkWCul,9.287352919410939,202503,indicator_4
46,oyTwneTbWDx,7.169682485489928,202503,indicator_4
47,Tf9b9qcbghH,0.9433153245862276,202503,indicator_4
48,vR85cHdsw1w,2.61519302615193,202503,indicator_4
49,xUeHwd9FQkg,2.6016100530139408,202503,indicator_4
50,AcnMkNGgc3S,2.6395173453996983,202503,indicator_4
51,NL5xiiHZQSC,3.571428571428571,202503,indicator_4
52,Mq751wBMqGF,3.0596131069877615,202503,indicator_4
53,fagfcadhxej,9.731543624161073,202503,indicator_4
54,Bd6E8zkVvVt,1.0976948408342482,202503,indicator_4
55,Pm0jLk6EAiE,2.196595277320154,202503,indicator_4
56,uEEwlAGZXWW,7.900160293107396,202503,indicator_4
57,IhQbDYRiF8w,5.904723779023219,202503,indicator_4
58,k3D0AumUCiC,3.386699507389163,202503,indicator_4
59,QVMRMhzVrrS,8.499483676225276,202503,indicator_4
60,PeUY1vj02UQ,4.07955124936257,202503,indicator_4
61,UAicdMLyuk4,6.4966704563911,202503,indicator_4
62,NNk3JP90QZ5,7.1829011913104415,202503,indicator_4
63,hgquAmZaNBu,1.6991593632623858,202503,indicator_4
64,uCYjHW7FuGG,1.5740661958648856,202503,indicator_4
65,YQNQoPjAIpV,0.972830241122924,202503,indicator_4
66,IU006h5U7jj,3.027592375971926,202503,indicator_4
67,YzHpzrN0eLv,1.5217391304347825,202503,indicator_4
68,MVQs2RrS1Nw,0.7525162261311259,202503,indicator_4
69,FKYZ3JbWq84,1.537095231589015,202503,indicator_4
70,AdiUcz9BXhx,0.6343165239454488,202503,indicator_4
71,ClbehnmwSec,3.442340791738382,202503,indicator_4
72,dScWdMRN8PL,2.0066889632107023,202503,indicator_4
73,gmw76vAUMqz,2.707406691162251,202503,indicator_4
74,LeuBT7KfuuA,0.7121239095602635,202503,indicator_4
0,N5WWbRtsjWp,100.0,202503,indicator_5
1,eJTsuE56XDF,100.0,202503,indicator_5
2,XBLhrSWGytu,100.0,202503,indicator_5
3,KP2BUB1npih,100.0,202503,indicator_5
4,ibLiLcaKzw2,72.08426100359651,202503,indicator_5
5,PAj0oVY0Dxu,98.55478672155557,202503,indicator_5
6,fz7bJo3egPX,100.0,202503,indicator_5
7,tXgaew1Pd2Y,97.00107556361642,202503,indicator_5
8,jM27ji8tyrM,94.31414971873647,202503,indicator_5
9,NjckKfm3g0k,100.0,202503,indicator_5
10,StsLkYw1G0m,100.0,202503,indicator_5
11,b4XkXzoGqFY,100.0,202503,indicator_5
12,tzH6nJu9SwS,100.0,202503,indicator_5
13,o4ZQTVcMI7U,100.0,202503,indicator_5
14,MTIkUw5q5pX,100.0,202503,indicator_5
15,d9ZuMopgX29,94.80109739368999,202503,indicator_5
16,MfHac5N78aK,67.59814716379375,202503,indicator_5
17,iE0E3nLioFr,87.13395345923767,202503,indicator_5
18,lLvTDpBDY8u,100.0,202503,indicator_5
19,XxaOowFtkiJ,99.29904818121449,202503,indicator_5
20,aT03mfdlNiF,100.0,202503,indicator_5
21,HJIS3IrQ0Nj,100.0,202503,indicator_5
22,ogBt4gWCiem,77.0059712632954,202503,indicator_5
23,bNmwkrQeP3e,46.67756703727927,202503,indicator_5
24,M5NHlfAaKYI,92.17754966257961,202503,indicator_5
25,CZ8kLjgqvSH,100.0,202503,indicator_5
26,frD2HOp3wAs,91.71837592221625,202503,indicator_5
27,v8YGmR7nOdj,100.0,202503,indicator_5
28,ZLcx4iOVyN5,100.0,202503,indicator_5
29,m1IAjmqkoFC,95.10502118453078,202503,indicator_5
30,hITp09XOBLZ,100.0,202503,indicator_5
31,oNDvGBE5fLq,100.0,202503,indicator_5
32,CBSB9v92AwT,100.0,202503,indicator_5
33,eA37kyBRRuZ,85.28864059590316,202503,indicator_5
34,vVqY3DPcpHf,100.0,202503,indicator_5
35,c96jwckSd6j,100.0,202503,indicator_5
36,GaiLSoQq1ue,100.0,202503,indicator_5
37,J1P16zQEOUT,100.0,202503,indicator_5
38,fe1yBApr2sl,100.0,202503,indicator_5
39,cP0p8qfm3il,76.07184639735738,202503,indicator_5
40,DggJGxqbWHn,90.62639821029083,202503,indicator_5
41,i2fSZZ3QAJJ,100.0,202503,indicator_5
42,VSI7HobT5qL,100.0,202503,indicator_5
43,sUQMxIc3yXj,99.02470741222366,202503,indicator_5
44,uS0pNSxN3sS,98.98903530831909,202503,indicator_5
45,y8WarEkWCul,86.57218974321023,202503,indicator_5
46,oyTwneTbWDx,100.0,202503,indicator_5
47,Tf9b9qcbghH,100.0,202503,indicator_5
48,vR85cHdsw1w,100.0,202503,indicator_5
49,xUeHwd9FQkg,97.98252503436089,202503,indicator_5
50,AcnMkNGgc3S,100.0,202503,indicator_5
51,NL5xiiHZQSC,91.49068322981367,202503,indicator_5
52,Mq751wBMqGF,72.749703908409,202503,indicator_5
53,fagfcadhxej,92.4496644295302,202503,indicator_5
54,Bd6E8zkVvVt,100.0,202503,indicator_5
55,Pm0jLk6EAiE,100.0,202503,indicator_5
56,uEEwlAGZXWW,100.0,202503,indicator_5
57,IhQbDYRiF8w,100.0,202503,indicator_5
58,k3D0AumUCiC,100.0,202503,indicator_5
59,QVMRMhzVrrS,100.0,202503,indicator_5
60,PeUY1vj02UQ,77.7919428862825,202503,indicator_5
61,UAicdMLyuk4,91.11580315088517,202503,indicator_5
62,NNk3JP90QZ5,89.47967764540995,202503,indicator_5
63,hgquAmZaNBu,100.0,202503,indicator_5
64,uCYjHW7FuGG,97.8771377520633,202503,indicator_5
65,YQNQoPjAIpV,100.0,202503,indicator_5
66,IU006h5U7jj,100.0,202503,indicator_5
67,YzHpzrN0eLv,100.0,202503,indicator_5
68,MVQs2RrS1Nw,100.0,202503,indicator_5
69,FKYZ3JbWq84,100.0,202503,indicator_5
70,AdiUcz9BXhx,100.0,202503,indicator_5
71,ClbehnmwSec,100.0,202503,indicator_5
72,dScWdMRN8PL,100.0,202503,indicator_5
73,gmw76vAUMqz,100.0,202503,indicator_5
74,LeuBT7KfuuA,62.73099519316361,202503,indicator_5
0,N5WWbRtsjWp,1.0235920852359208,202503,indicator_6
1,eJTsuE56XDF,0.9698892621624985,202503,indicator_6
2,XBLhrSWGytu,1.090090855056466,202503,indicator_6
3,KP2BUB1npih,1.2320425116051796,202503,indicator_6
4,ibLiLcaKzw2,1.0123996678660394,202503,indicator_6
5,PAj0oVY0Dxu,0.967362115265441,202503,indicator_6
6,fz7bJo3egPX,0.9743982691787614,202503,indicator_6
7,tXgaew1Pd2Y,1.0071000565291124,202503,indicator_6
8,jM27ji8tyrM,1.0383394237105374,202503,indicator_6
9,NjckKfm3g0k,1.0361496723275316,202503,indicator_6
10,StsLkYw1G0m,1.10452858203415,202503,indicator_6
11,b4XkXzoGqFY,1.0716005503324926,202503,indicator_6
12,tzH6nJu9SwS,1.1510192498699332,202503,indicator_6
13,o4ZQTVcMI7U,1.2674952919020717,202503,indicator_6
14,MTIkUw5q5pX,1.2235247723524771,202503,indicator_6
15,d9ZuMopgX29,1.0140849749194432,202503,indicator_6
16,MfHac5N78aK,1.0793423581857593,202503,indicator_6
17,iE0E3nLioFr,1.0253110644641172,202503,indicator_6
18,lLvTDpBDY8u,1.0294833342764982,202503,indicator_6
19,XxaOowFtkiJ,1.2244320074621893,202503,indicator_6
20,aT03mfdlNiF,1.3031512036786583,202503,indicator_6
21,HJIS3IrQ0Nj,0.9804501743633097,202503,indicator_6
22,ogBt4gWCiem,0.8895804372551498,202503,indicator_6
23,bNmwkrQeP3e,0.9866206064593958,202503,indicator_6
24,M5NHlfAaKYI,1.1799722387467777,202503,indicator_6
25,CZ8kLjgqvSH,0.8320119318627835,202503,indicator_6
26,frD2HOp3wAs,0.9415614773258532,202503,indicator_6
27,v8YGmR7nOdj,0.8999529956249774,202503,indicator_6
28,ZLcx4iOVyN5,1.042648709315376,202503,indicator_6
29,m1IAjmqkoFC,1.0562045031318774,202503,indicator_6
30,hITp09XOBLZ,1.0155460551884958,202503,indicator_6
31,oNDvGBE5fLq,0.9350818843935503,202503,indicator_6
32,CBSB9v92AwT,1.0027032372914881,202503,indicator_6
33,eA37kyBRRuZ,0.9742713782427672,202503,indicator_6
34,vVqY3DPcpHf,0.8611951839169336,202503,indicator_6
35,c96jwckSd6j,0.8949855295020968,202503,indicator_6
36,GaiLSoQq1ue,0.9128986960882648,202503,indicator_6
37,J1P16zQEOUT,1.012349931115922,202503,indicator_6
38,fe1yBApr2sl,1.0095369412846145,202503,indicator_6
39,cP0p8qfm3il,0.9949808711522937,202503,indicator_6
40,DggJGxqbWHn,1.3312236286919832,202503,indicator_6
41,i2fSZZ3QAJJ,1.376767495972794,202503,indicator_6
42,VSI7HobT5qL,1.3743871347323005,202503,indicator_6
43,sUQMxIc3yXj,1.5427989130434783,202503,indicator_6
44,uS0pNSxN3sS,1.0761724439265947,202503,indicator_6
45,y8WarEkWCul,0.9473446876409172,202503,indicator_6
46,oyTwneTbWDx,1.1017940717628705,202503,indicator_6
47,Tf9b9qcbghH,1.0234892591849025,202503,indicator_6
48,vR85cHdsw1w,0.9662339752185807,202503,indicator_6
49,xUeHwd9FQkg,0.951141795007966,202503,indicator_6
50,AcnMkNGgc3S,0.9998623916334113,202503,indicator_6
51,NL5xiiHZQSC,1.2654645629852241,202503,indicator_6
52,Mq751wBMqGF,0.9305834262356002,202503,indicator_6
53,fagfcadhxej,1.131226212146285,202503,indicator_6
54,Bd6E8zkVvVt,1.1740994854202402,202503,indicator_6
55,Pm0jLk6EAiE,1.1549421193232414,202503,indicator_6
56,uEEwlAGZXWW,1.010617353396147,202503,indicator_6
57,IhQbDYRiF8w,1.0993744955609361,202503,indicator_6
58,k3D0AumUCiC,1.238938053097345,202503,indicator_6
59,QVMRMhzVrrS,1.1683399209486165,202503,indicator_6
60,PeUY1vj02UQ,0.9777313215778949,202503,indicator_6
61,UAicdMLyuk4,1.1823342101619825,202503,indicator_6
62,NNk3JP90QZ5,0.9705438609095481,202503,indicator_6
63,hgquAmZaNBu,1.2457826598666144,202503,indicator_6
64,uCYjHW7FuGG,0.8652653812086939,202503,indicator_6
65,YQNQoPjAIpV,1.0469667318982387,202503,indicator_6
66,IU006h5U7jj,0.9954466608846487,202503,indicator_6
67,YzHpzrN0eLv,0.9620406748324474,202503,indicator_6
68,MVQs2RrS1Nw,1.0906976744186045,202503,indicator_6
69,FKYZ3JbWq84,1.1311770307925646,202503,indicator_6
70,AdiUcz9BXhx,1.0037115056675694,202503,indicator_6
71,ClbehnmwSec,0.9750978539613983,202503,indicator_6
72,dScWdMRN8PL,0.978876229566202,202503,indicator_6
73,gmw76vAUMqz,1.0114442350522528,202503,indicator_6
74,LeuBT7KfuuA,1.0600515463917526,202503,indicator_6
0,N5WWbRtsjWp,93.85566180164389,202503,indicator_7
1,eJTsuE56XDF,100.0,202503,indicator_7
2,XBLhrSWGytu,96.5798865350212,202503,indicator_7
3,KP2BUB1npih,100.0,202503,indicator_7
4,ibLiLcaKzw2,98.41762763806241,202503,indicator_7
5,PAj0oVY0Dxu,100.0,202503,indicator_7
6,fz7bJo3egPX,95.01670553774562,202503,indicator_7
7,tXgaew1Pd2Y,99.88371071191881,202503,indicator_7
8,jM27ji8tyrM,98.89587876857544,202503,indicator_7
9,NjckKfm3g0k,88.46531926592306,202503,indicator_7
10,StsLkYw1G0m,99.79430166764813,202503,indicator_7
11,b4XkXzoGqFY,100.0,202503,indicator_7
12,tzH6nJu9SwS,98.17364764942945,202503,indicator_7
13,o4ZQTVcMI7U,100.0,202503,indicator_7
14,MTIkUw5q5pX,100.0,202503,indicator_7
15,d9ZuMopgX29,100.0,202503,indicator_7
16,MfHac5N78aK,100.0,202503,indicator_7
17,iE0E3nLioFr,100.0,202503,indicator_7
18,lLvTDpBDY8u,99.30280101590908,202503,indicator_7
19,XxaOowFtkiJ,100.0,202503,indicator_7
20,aT03mfdlNiF,97.97694798853392,202503,indicator_7
21,HJIS3IrQ0Nj,100.0,202503,indicator_7
22,ogBt4gWCiem,100.0,202503,indicator_7
23,bNmwkrQeP3e,100.0,202503,indicator_7
24,M5NHlfAaKYI,100.0,202503,indicator_7
25,CZ8kLjgqvSH,100.0,202503,indicator_7
26,frD2HOp3wAs,91.28304556963704,202503,indicator_7
27,v8YGmR7nOdj,95.38567258972795,202503,indicator_7
28,ZLcx4iOVyN5,100.0,202503,indicator_7
29,m1IAjmqkoFC,100.0,202503,indicator_7
30,hITp09XOBLZ,86.34544218805827,202503,indicator_7
31,oNDvGBE5fLq,95.59924584609169,202503,indicator_7
32,CBSB9v92AwT,100.0,202503,indicator_7
33,eA37kyBRRuZ,98.92923786633673,202503,indicator_7
34,vVqY3DPcpHf,100.0,202503,indicator_7
35,c96jwckSd6j,98.15210017359965,202503,indicator_7
36,GaiLSoQq1ue,99.16220620357761,202503,indicator_7
37,J1P16zQEOUT,100.0,202503,indicator_7
38,fe1yBApr2sl,100.0,202503,indicator_7
39,cP0p8qfm3il,99.19155044536633,202503,indicator_7
40,DggJGxqbWHn,90.34232429456344,202503,indicator_7
41,i2fSZZ3QAJJ,94.28209141385364,202503,indicator_7
42,VSI7HobT5qL,86.69678632597997,202503,indicator_7
43,sUQMxIc3yXj,93.4342013264878,202503,indicator_7
44,uS0pNSxN3sS,100.0,202503,indicator_7
45,y8WarEkWCul,99.46999588824964,202503,indicator_7
46,oyTwneTbWDx,100.0,202503,indicator_7
47,Tf9b9qcbghH,100.0,202503,indicator_7
48,vR85cHdsw1w,100.0,202503,indicator_7
49,xUeHwd9FQkg,99.28811505256677,202503,indicator_7
50,AcnMkNGgc3S,100.0,202503,indicator_7
51,NL5xiiHZQSC,80.20499293320971,202503,indicator_7
52,Mq751wBMqGF,100.0,202503,indicator_7
53,fagfcadhxej,71.45154311669079,202503,indicator_7
54,Bd6E8zkVvVt,95.65229064391266,202503,indicator_7
55,Pm0jLk6EAiE,99.6690505134342,202503,indicator_7
56,uEEwlAGZXWW,100.0,202503,indicator_7
57,IhQbDYRiF8w,93.13236176347836,202503,indicator_7
58,k3D0AumUCiC,98.51322435845904,202503,indicator_7
59,QVMRMhzVrrS,100.0,202503,indicator_7
60,PeUY1vj02UQ,90.13173615471999,202503,indicator_7
61,UAicdMLyuk4,91.61046075394559,202503,indicator_7
62,NNk3JP90QZ5,86.25890657129189,202503,indicator_7
63,hgquAmZaNBu,100.0,202503,indicator_7
64,uCYjHW7FuGG,97.96336884002612,202503,indicator_7
65,YQNQoPjAIpV,100.0,202503,indicator_7
66,IU006h5U7jj,100.0,202503,indicator_7
67,YzHpzrN0eLv,100.0,202503,indicator_7
68,MVQs2RrS1Nw,100.0,202503,indicator_7
69,FKYZ3JbWq84,100.0,202503,indicator_7
70,AdiUcz9BXhx,85.81673941481573,202503,indicator_7
71,ClbehnmwSec,90.34643038342139,202503,indicator_7
72,dScWdMRN8PL,98.95306734600776,202503,indicator_7
73,gmw76vAUMqz,97.6158943269419,202503,indicator_7
74,LeuBT7KfuuA,100.0,202503,indicator_7
0,N5WWbRtsjWp,8.407881233863527,202503,indicator_8
1,eJTsuE56XDF,3.2524116024116814,202503,indicator_8
2,XBLhrSWGytu,1.433043369297336,202503,indicator_8
3,KP2BUB1npih,7.496364597383192,202503,indicator_8
4,ibLiLcaKzw2,1.717381992006564,202503,indicator_8
5,PAj0oVY0Dxu,5.440890718839536,202503,indicator_8
6,fz7bJo3egPX,2.926917394598956,202503,indicator_8
7,tXgaew1Pd2Y,8.269181815966599,202503,indicator_8
8,jM27ji8tyrM,3.0616677242886863,202503,indicator_8
9,NjckKfm3g0k,4.3392278781001865,202503,indicator_8
10,StsLkYw1G0m,3.429261107873252,202503,indicator_8
11,b4XkXzoGqFY,2.0776251265642136,202503,indicator_8
12,tzH6nJu9SwS,2.3283372417859027,202503,indicator_8
13,o4ZQTVcMI7U,2.3354266231983973,202503,indicator_8
14,MTIkUw5q5pX,2.0442209965263545,202503,indicator_8
15,d9ZuMopgX29,5.236476572266514,202503,indicator_8
16,MfHac5N78aK,3.1443703185521445,202503,indicator_8
17,iE0E3nLioFr,3.177493446159929,202503,indicator_8
18,lLvTDpBDY8u,4.101807667272882,202503,indicator_8
19,XxaOowFtkiJ,6.802655727980515,202503,indicator_8
20,aT03mfdlNiF,2.4752090293007654,202503,indicator_8
21,HJIS3IrQ0Nj,1.945120154908729,202503,indicator_8
22,ogBt4gWCiem,2.3875056166462936,202503,indicator_8
23,bNmwkrQeP3e,3.2886428268472567,202503,indicator_8
24,M5NHlfAaKYI,1.6510864079723775,202503,indicator_8
25,CZ8kLjgqvSH,2.0849037700826805,202503,indicator_8
26,frD2HOp3wAs,3.8548346568025282,202503,indicator_8
27,v8YGmR7nOdj,2.3224099702178265,202503,indicator_8
28,ZLcx4iOVyN5,3.5995203642467257,202503,indicator_8
29,m1IAjmqkoFC,15.243978275056326,202503,indicator_8
30,hITp09XOBLZ,1.761996745560438,202503,indicator_8
31,oNDvGBE5fLq,3.796832808524967,202503,indicator_8
32,CBSB9v92AwT,5.653989161981769,202503,indicator_8
33,eA37kyBRRuZ,2.0207888265934058,202503,indicator_8
34,vVqY3DPcpHf,2.5185655847054025,202503,indicator_8
35,c96jwckSd6j,2.3717029276351806,202503,indicator_8
36,GaiLSoQq1ue,2.206950850122649,202503,indicator_8
37,J1P16zQEOUT,2.215645776261601,202503,indicator_8
38,fe1yBApr2sl,4.314377674330782,202503,indicator_8
39,cP0p8qfm3il,1.6228889498322066,202503,indicator_8
40,DggJGxqbWHn,7.226904867562638,202503,indicator_8
41,i2fSZZ3QAJJ,11.460980342936839,202503,indicator_8
42,VSI7HobT5qL,5.79467045182078,202503,indicator_8
43,sUQMxIc3yXj,12.265416323585086,202503,indicator_8
44,uS0pNSxN3sS,1.2077756813739138,202503,indicator_8
45,y8WarEkWCul,2.0730536156862915,202503,indicator_8
46,oyTwneTbWDx,5.82156917752084,202503,indicator_8
47,Tf9b9qcbghH,3.805766361513446,202503,indicator_8
48,vR85cHdsw1w,4.9267122119098845,202503,indicator_8
49,xUeHwd9FQkg,5.38866997187904,202503,indicator_8
50,AcnMkNGgc3S,8.427795732901023,202503,indicator_8
51,NL5xiiHZQSC,6.388121857978481,202503,indicator_8
52,Mq751wBMqGF,11.545370789647652,202503,indicator_8
53,fagfcadhxej,19.55046379816137,202503,indicator_8
54,Bd6E8zkVvVt,5.427992063547416,202503,indicator_8
55,Pm0jLk6EAiE,3.8641326475188857,202503,indicator_8
56,uEEwlAGZXWW,2.1129193836570064,202503,indicator_8
57,IhQbDYRiF8w,1.883192739472971,202503,indicator_8
58,k3D0AumUCiC,2.3250662596857055,202503,indicator_8
59,QVMRMhzVrrS,1.2954756383888897,202503,indicator_8
60,PeUY1vj02UQ,9.26681959320503,202503,indicator_8
61,UAicdMLyuk4,14.910414166028799,202503,indicator_8
62,NNk3JP90QZ5,16.216033554702012,202503,indicator_8
63,hgquAmZaNBu,3.1885341614662037,202503,indicator_8
64,uCYjHW7FuGG,1.1293618755691788,202503,indicator_8
65,YQNQoPjAIpV,3.104267738772676,202503,indicator_8
66,IU006h5U7jj,1.5592763360760546,202503,indicator_8
67,YzHpzrN0eLv,3.05790024094953,202503,indicator_8
68,MVQs2RrS1Nw,2.1696888688631275,202503,indicator_8
69,FKYZ3JbWq84,1.7914110221096968,202503,indicator_8
70,AdiUcz9BXhx,0.36998398665213883,202503,indicator_8
71,ClbehnmwSec,13.899075036456574,202503,indicator_8
72,dScWdMRN8PL,6.84671343884521,202503,indicator_8
73,gmw76vAUMqz,5.5006996496115805,202503,indicator_8
74,LeuBT7KfuuA,7.810993493927642,202503,indicator_8
0,N5WWbRtsjWp,23.353747470782324,202503,indicator_9
1,eJTsuE56XDF,53.578044173161935,202503,indicator_9
2,XBLhrSWGytu,24.196141155380353,202503,indicator_9
3,KP2BUB1npih,19.99302758452416,202503,indicator_9
4,ibLiLcaKzw2,13.361057100661752,202503,indicator_9
5,PAj0oVY0Dxu,29.201795046201227,202503,indicator_9
6,fz7bJo3egPX,11.554555628261383,202503,indicator_9
7,tXgaew1Pd2Y,29.758829487041496,202503,indicator_9
8,jM27ji8tyrM,24.123222423034463,202503,indicator_9
9,NjckKfm3g0k,11.12125791708412,202503,indicator_9
10,StsLkYw1G0m,20.174092176073863,202503,indicator_9
11,b4XkXzoGqFY,11.813333135632208,202503,indicator_9
12,tzH6nJu9SwS,17.639744677230432,202503,indicator_9
13,o4ZQTVcMI7U,23.768042905441952,202503,indicator_9
14,MTIkUw5q5pX,20.292531410941614,202503,indicator_9
15,d9ZuMopgX29,24.448170103150606,202503,indicator_9
16,MfHac5N78aK,18.27886982924316,202503,indicator_9
17,iE0E3nLioFr,26.048640816148403,202503,indicator_9
18,lLvTDpBDY8u,11.753717876980776,202503,indicator_9
19,XxaOowFtkiJ,20.62247177910595,202503,indicator_9
20,aT03mfdlNiF,17.48481625800807,202503,indicator_9
21,HJIS3IrQ0Nj,33.188612643130185,202503,indicator_9
22,ogBt4gWCiem,17.91595458319272,202503,indicator_9
23,bNmwkrQeP3e,23.40221725890414,202503,indicator_9
24,M5NHlfAaKYI,20.792645875587414,202503,indicator_9
25,CZ8kLjgqvSH,22.724520333289572,202503,indicator_9
26,frD2HOp3wAs,17.7137652457862,202503,indicator_9
27,v8YGmR7nOdj,21.41604898710935,202503,indicator_9
28,ZLcx4iOVyN5,17.565529430940472,202503,indicator_9
29,m1IAjmqkoFC,62.42867343465572,202503,indicator_9
30,hITp09XOBLZ,10.691034307522116,202503,indicator_9
31,oNDvGBE5fLq,16.421740667996275,202503,indicator_9
32,CBSB9v92AwT,23.07510968657715,202503,indicator_9
33,eA37kyBRRuZ,32.678473076640856,202503,indicator_9
34,vVqY3DPcpHf,25.346564203854648,202503,indicator_9
35,c96jwckSd6j,18.682839920375216,202503,indicator_9
36,GaiLSoQq1ue,24.45120901830725,202503,indicator_9
37,J1P16zQEOUT,20.818421392565952,202503,indicator_9
38,fe1yBApr2sl,37.908647736040585,202503,indicator_9
39,cP0p8qfm3il,28.756964554416268,202503,indicator_9
40,DggJGxqbWHn,25.591621230969498,202503,indicator_9
41,i2fSZZ3QAJJ,21.836702862869615,202503,indicator_9
42,VSI7HobT5qL,35.26682006118768,202503,indicator_9
43,sUQMxIc3yXj,27.58822078046148,202503,indicator_9
44,uS0pNSxN3sS,18.52372032750036,202503,indicator_9
45,y8WarEkWCul,21.29731966405138,202503,indicator_9
46,oyTwneTbWDx,76.56040395088453,202503,indicator_9
47,Tf9b9qcbghH,20.098256484807074,202503,indicator_9
48,vR85cHdsw1w,24.111253272938367,202503,indicator_9
49,xUeHwd9FQkg,18.4662720882256,202503,indicator_9
50,AcnMkNGgc3S,40.07847549934695,202503,indicator_9
51,NL5xiiHZQSC,27.80052115445444,202503,indicator_9
52,Mq751wBMqGF,19.804418807710206,202503,indicator_9
53,fagfcadhxej,33.610042794137684,202503,indicator_9
54,Bd6E8zkVvVt,65.03481665126407,202503,indicator_9
55,Pm0jLk6EAiE,32.03040074087944,202503,indicator_9
56,uEEwlAGZXWW,27.069287952888814,202503,indicator_9
57,IhQbDYRiF8w,24.789036170603843,202503,indicator_9
58,k3D0AumUCiC,12.987155821958726,202503,indicator_9
59,QVMRMhzVrrS,21.928823121794235,202503,indicator_9
60,PeUY1vj02UQ,26.979472640588433,202503,indicator_9
61,UAicdMLyuk4,12.692201821137125,202503,indicator_9
62,NNk3JP90QZ5,23.254333525132722,202503,indicator_9
63,hgquAmZaNBu,14.550127316404962,202503,indicator_9
64,uCYjHW7FuGG,8.960891234929237,202503,indicator_9
65,YQNQoPjAIpV,28.644923414971924,202503,indicator_9
66,IU006h5U7jj,22.516924840648276,202503,indicator_9
67,YzHpzrN0eLv,38.8936274793681,202503,indicator_9
68,MVQs2RrS1Nw,27.852081473591603,202503,indicator_9
69,FKYZ3JbWq84,30.153769322435778,202503,indicator_9
70,AdiUcz9BXhx,30.045251329854725,202503,indicator_9
71,ClbehnmwSec,24.880112219955414,202503,indicator_9
72,dScWdMRN8PL,21.27806387605561,202503,indicator_9
73,gmw76vAUMqz,20.623196725541106,202503,indicator_9
74,LeuBT7KfuuA,25.03718975956959,202503,indicator_9
0,N5WWbRtsjWp,70.0339558573854,202501,indicator_10
1,eJTsuE56XDF,74.80719794344472,202501,indicator_10
2,XBLhrSWGytu,87.44354110207769,202501,indicator_10
3,KP2BUB1npih,81.89269746646795,202501,indicator_10
4,frD2HOp3wAs,76.30448127685698,202501,indicator_10
5,ZLcx4iOVyN5,85.05933117583602,202501,indicator_10
6,m1IAjmqkoFC,75.86206896551724,202501,indicator_10
7,hITp09XOBLZ,66.9753086419753,202501,indicator_10
8,jM27ji8tyrM,73.0236348818256,202501,indicator_10
9,StsLkYw1G0m,99.79035639412997,202501,indicator_10
10,b4XkXzoGqFY,85.08905852417303,202501,indicator_10
11,tzH6nJu9SwS,69.13254073095553,202501,indicator_10
12,o4ZQTVcMI7U,82.4420677361854,202501,indicator_10
13,NjckKfm3g0k,72.70311313591495,202501,indicator_10
14,oNDvGBE5fLq,78.17785051827605,202501,indicator_10
15,CBSB9v92AwT,85.02758077226163,202501,indicator_10
16,eA37kyBRRuZ,73.30367074527253,202501,indicator_10
17,vVqY3DPcpHf,65.20912547528516,202501,indicator_10
18,c96jwckSd6j,89.80044345898004,202501,indicator_10
19,GaiLSoQq1ue,68.54609929078013,202501,indicator_10
20,J1P16zQEOUT,71.13507960965589,202501,indicator_10
21,fe1yBApr2sl,86.85897435897436,202501,indicator_10
22,cP0p8qfm3il,100.0,202501,indicator_10
23,DggJGxqbWHn,68.53512705530643,202501,indicator_10
24,i2fSZZ3QAJJ,81.08465608465607,202501,indicator_10
25,VSI7HobT5qL,66.22950819672131,202501,indicator_10
26,sUQMxIc3yXj,68.42105263157895,202501,indicator_10
27,iE0E3nLioFr,79.22182109907742,202501,indicator_10
28,uS0pNSxN3sS,81.91570881226053,202501,indicator_10
29,y8WarEkWCul,80.09201171058135,202501,indicator_10
30,oyTwneTbWDx,93.14641744548287,202501,indicator_10
31,Tf9b9qcbghH,66.05504587155964,202501,indicator_10
32,vR85cHdsw1w,87.45463970969413,202501,indicator_10
33,xUeHwd9FQkg,71.37014314928425,202501,indicator_10
34,AcnMkNGgc3S,88.03763440860214,202501,indicator_10
35,NL5xiiHZQSC,75.39094650205762,202501,indicator_10
36,Mq751wBMqGF,63.911111111111104,202501,indicator_10
37,fagfcadhxej,68.45694799658995,202501,indicator_10
38,Bd6E8zkVvVt,71.2994350282486,202501,indicator_10
39,Pm0jLk6EAiE,88.78016960208741,202501,indicator_10
40,uEEwlAGZXWW,67.30007917656373,202501,indicator_10
41,IhQbDYRiF8w,92.98245614035088,202501,indicator_10
42,k3D0AumUCiC,72.45564892623716,202501,indicator_10
43,QVMRMhzVrrS,67.52544529262087,202501,indicator_10
44,MTIkUw5q5pX,78.93805309734513,202501,indicator_10
45,d9ZuMopgX29,68.65767501605652,202501,indicator_10
46,MfHac5N78aK,71.65813424345848,202501,indicator_10
47,lLvTDpBDY8u,81.72043010752688,202501,indicator_10
48,XxaOowFtkiJ,71.67305236270754,202501,indicator_10
49,aT03mfdlNiF,74.93158182813356,202501,indicator_10
50,HJIS3IrQ0Nj,83.93051031487514,202501,indicator_10
51,ogBt4gWCiem,68.83852691218131,202501,indicator_10
52,bNmwkrQeP3e,72.57476294675419,202501,indicator_10
53,M5NHlfAaKYI,74.32206925323321,202501,indicator_10
54,CZ8kLjgqvSH,69.84536082474226,202501,indicator_10
55,v8YGmR7nOdj,75.79648121730861,202501,indicator_10
56,PeUY1vj02UQ,69.0566037735849,202501,indicator_10
57,UAicdMLyuk4,71.09959700633276,202501,indicator_10
58,NNk3JP90QZ5,71.27024722932651,202501,indicator_10
59,hgquAmZaNBu,83.9724680432645,202501,indicator_10
60,uCYjHW7FuGG,73.27647476901208,202501,indicator_10
61,YQNQoPjAIpV,75.53826199740597,202501,indicator_10
62,IU006h5U7jj,71.34717134717134,202501,indicator_10
63,YzHpzrN0eLv,84.17639429312581,202501,indicator_10
64,ibLiLcaKzw2,76.0960960960961,202501,indicator_10
65,PAj0oVY0Dxu,75.249500998004,202501,indicator_10
66,fz7bJo3egPX,67.67857142857143,202501,indicator_10
67,tXgaew1Pd2Y,64.58333333333334,202501,indicator_10
68,MVQs2RrS1Nw,63.5884973673552,202501,indicator_10
69,FKYZ3JbWq84,68.29131652661064,202501,indicator_10
70,AdiUcz9BXhx,65.86586586586587,202501,indicator_10
71,ClbehnmwSec,67.23809523809524,202501,indicator_10
72,dScWdMRN8PL,72.264631043257,202501,indicator_10
73,gmw76vAUMqz,82.59983700081499,202501,indicator_10
74,LeuBT7KfuuA,65.14664953971312,202501,indicator_10
0,N5WWbRtsjWp,100.0,202503,indicator_11
1,eJTsuE56XDF,100.0,202503,indicator_11
2,XBLhrSWGytu,100.0,202503,indicator_11
3,KP2BUB1npih,92.59720623768365,202503,indicator_11
4,ibLiLcaKzw2,100.0,202503,indicator_11
5,PAj0oVY0Dxu,100.0,202503,indicator_11
6,fz7bJo3egPX,100.0,202503,indicator_11
7,tXgaew1Pd2Y,100.0,202503,indicator_11
8,jM27ji8tyrM,100.0,202503,indicator_11
9,NjckKfm3g0k,95.49496536389024,202503,indicator_11
10,StsLkYw1G0m,100.0,202503,indicator_11
11,b4XkXzoGqFY,100.0,202503,indicator_11
12,tzH6nJu9SwS,100.0,202503,indicator_11
13,o4ZQTVcMI7U,100.0,202503,indicator_11
14,MTIkUw5q5pX,100.0,202503,indicator_11
15,d9ZuMopgX29,100.0,202503,indicator_11
16,MfHac5N78aK,100.0,202503,indicator_11
17,iE0E3nLioFr,100.0,202503,indicator_11
18,lLvTDpBDY8u,100.0,202503,indicator_11
19,XxaOowFtkiJ,100.0,202503,indicator_11
20,aT03mfdlNiF,100.0,202503,indicator_11
21,HJIS3IrQ0Nj,100.0,202503,indicator_11
22,ogBt4gWCiem,100.0,202503,indicator_11
23,bNmwkrQeP3e,100.0,202503,indicator_11
24,M5NHlfAaKYI,100.0,202503,indicator_11
25,CZ8kLjgqvSH,100.0,202503,indicator_11
26,frD2HOp3wAs,100.0,202503,indicator_11
27,v8YGmR7nOdj,100.0,202503,indicator_11
28,ZLcx4iOVyN5,100.0,202503,indicator_11
29,m1IAjmqkoFC,100.0,202503,indicator_11
30,hITp09XOBLZ,100.0,202503,indicator_11
31,oNDvGBE5fLq,100.0,202503,indicator_11
32,CBSB9v92AwT,100.0,202503,indicator_11
33,eA37kyBRRuZ,100.0,202503,indicator_11
34,vVqY3DPcpHf,100.0,202503,indicator_11
35,c96jwckSd6j,100.0,202503,indicator_11
36,GaiLSoQq1ue,100.0,202503,indicator_11
37,J1P16zQEOUT,100.0,202503,indicator_11
38,fe1yBApr2sl,100.0,202503,indicator_11
39,cP0p8qfm3il,100.0,202503,indicator_11
40,DggJGxqbWHn,100.0,202503,indicator_11
41,i2fSZZ3QAJJ,100.0,202503,indicator_11
42,VSI7HobT5qL,100.0,202503,indicator_11
43,sUQMxIc3yXj,100.0,202503,indicator_11
44,uS0pNSxN3sS,87.5227339597309,202503,indicator_11
45,y8WarEkWCul,100.0,202503,indicator_11
46,oyTwneTbWDx,100.0,202503,indicator_11
47,Tf9b9qcbghH,100.0,202503,indicator_11
48,vR85cHdsw1w,100.0,202503,indicator_11
49,xUeHwd9FQkg,100.0,202503,indicator_11
50,AcnMkNGgc3S,100.0,202503,indicator_11
51,NL5xiiHZQSC,100.0,202503,indicator_11
52,Mq751wBMqGF,100.0,202503,indicator_11
53,fagfcadhxej,77.26033110164269,202503,indicator_11
54,Bd6E8zkVvVt,100.0,202503,indicator_11
55,Pm0jLk6EAiE,100.0,202503,indicator_11
56,uEEwlAGZXWW,100.0,202503,indicator_11
57,IhQbDYRiF8w,100.0,202503,indicator_11
58,k3D0AumUCiC,100.0,202503,indicator_11
59,QVMRMhzVrrS,98.67987324926514,202503,indicator_11
60,PeUY1vj02UQ,100.0,202503,indicator_11
61,UAicdMLyuk4,100.0,202503,indicator_11
62,NNk3JP90QZ5,100.0,202503,indicator_11
63,hgquAmZaNBu,100.0,202503,indicator_11
64,uCYjHW7FuGG,100.0,202503,indicator_11
65,YQNQoPjAIpV,100.0,202503,indicator_11
66,IU006h5U7jj,100.0,202503,indicator_11
67,YzHpzrN0eLv,100.0,202503,indicator_11
68,MVQs2RrS1Nw,100.0,202503,indicator_11
69,FKYZ3JbWq84,100.0,202503,indicator_11
70,AdiUcz9BXhx,100.0,202503,indicator_11
71,ClbehnmwSec,100.0,202503,indicator_11
72,dScWdMRN8PL,100.0,202503,indicator_11
73,gmw76vAUMqz,100.0,202503,indicator_11
74,LeuBT7KfuuA,100.0,202503,indicator_11
0,N5WWbRtsjWp,8024.208566108005,202503,indicator_12
1,eJTsuE56XDF,6746.617466174661,202503,indicator_12
2,XBLhrSWGytu,6010.554089709762,202503,indicator_12
3,KP2BUB1npih,6452.254641909815,202503,indicator_12
4,frD2HOp3wAs,6770.609318996419,202503,indicator_12
5,ZLcx4iOVyN5,6117.974058060532,202503,indicator_12
6,m1IAjmqkoFC,6817.823343848579,202503,indicator_12
7,hITp09XOBLZ,5758.859784283513,202503,indicator_12
8,jM27ji8tyrM,5504.668741662962,202503,indicator_12
9,StsLkYw1G0m,5697.222222222226,202503,indicator_12
10,b4XkXzoGqFY,4846.938775510204,202503,indicator_12
11,tzH6nJu9SwS,5531.026252983293,202503,indicator_12
12,o4ZQTVcMI7U,5687.451587916345,202503,indicator_12
13,NjckKfm3g0k,5631.750816377796,202503,indicator_12
14,oNDvGBE5fLq,5268.276324614353,202503,indicator_12
15,CBSB9v92AwT,5411.1675126903565,202503,indicator_12
16,eA37kyBRRuZ,5640.1642403882015,202503,indicator_12
17,vVqY3DPcpHf,5634.5514950166125,202503,indicator_12
18,c96jwckSd6j,6024.890190336746,202503,indicator_12
19,GaiLSoQq1ue,2103.2028469750894,202503,indicator_12
20,J1P16zQEOUT,4934.754240974334,202503,indicator_12
21,fe1yBApr2sl,4258.385744234801,202503,indicator_12
22,cP0p8qfm3il,6537.40697218958,202503,indicator_12
23,DggJGxqbWHn,5799.6266334785305,202503,indicator_12
24,i2fSZZ3QAJJ,6648.809523809523,202503,indicator_12
25,VSI7HobT5qL,4989.47368421053,202503,indicator_12
26,sUQMxIc3yXj,6286.370597243489,202503,indicator_12
27,iE0E3nLioFr,7283.54656352276,202503,indicator_12
28,uS0pNSxN3sS,3559.282002834195,202503,indicator_12
29,y8WarEkWCul,4902.626143405134,202503,indicator_12
30,oyTwneTbWDx,7043.096568236233,202503,indicator_12
31,Tf9b9qcbghH,6145.5981941309265,202503,indicator_12
32,vR85cHdsw1w,5480.204342273307,202503,indicator_12
33,xUeHwd9FQkg,5083.287062742922,202503,indicator_12
34,AcnMkNGgc3S,7245.84460765365,202503,indicator_12
35,NL5xiiHZQSC,6005.02512562814,202503,indicator_12
36,Mq751wBMqGF,4574.961360123647,202503,indicator_12
37,fagfcadhxej,6317.097415506956,202503,indicator_12
38,Bd6E8zkVvVt,5487.139516757598,202503,indicator_12
39,Pm0jLk6EAiE,6875.529212531752,202503,indicator_12
40,uEEwlAGZXWW,6635.546334716461,202503,indicator_12
41,IhQbDYRiF8w,6138.239339752407,202503,indicator_12
42,k3D0AumUCiC,5520.892959358896,202503,indicator_12
43,QVMRMhzVrrS,5698.2392228293875,202503,indicator_12
44,MTIkUw5q5pX,3458.767013610889,202503,indicator_12
45,d9ZuMopgX29,6312.535132096685,202503,indicator_12
46,MfHac5N78aK,6374.228923920494,202503,indicator_12
47,lLvTDpBDY8u,5898.876404494382,202503,indicator_12
48,XxaOowFtkiJ,7408.568443051203,202503,indicator_12
49,aT03mfdlNiF,5533.864541832669,202503,indicator_12
50,HJIS3IrQ0Nj,5309.446254071662,202503,indicator_12
51,ogBt4gWCiem,6791.044776119405,202503,indicator_12
52,bNmwkrQeP3e,6859.861591695502,202503,indicator_12
53,M5NHlfAaKYI,6837.539432176654,202503,indicator_12
54,CZ8kLjgqvSH,5683.192261185006,202503,indicator_12
55,v8YGmR7nOdj,6762.318840579709,202503,indicator_12
56,PeUY1vj02UQ,6846.84684684685,202503,indicator_12
57,UAicdMLyuk4,6725.774225774225,202503,indicator_12
58,NNk3JP90QZ5,6087.830080367392,202503,indicator_12
59,hgquAmZaNBu,5045.484080571802,202503,indicator_12
60,uCYjHW7FuGG,5124.048957988753,202503,indicator_12
61,YQNQoPjAIpV,6068.627450980396,202503,indicator_12
62,IU006h5U7jj,5873.959571938167,202503,indicator_12
63,YzHpzrN0eLv,5951.877313590694,202503,indicator_12
64,ibLiLcaKzw2,5639.259578131726,202503,indicator_12
65,PAj0oVY0Dxu,6653.620352250493,202503,indicator_12
66,fz7bJo3egPX,5433.382137628113,202503,indicator_12
67,tXgaew1Pd2Y,5959.116250258103,202503,indicator_12
68,MVQs2RrS1Nw,6478.136882129275,202503,indicator_12
69,FKYZ3JbWq84,6471.804511278194,202503,indicator_12
70,AdiUcz9BXhx,6371.308016877635,202503,indicator_12
71,ClbehnmwSec,5647.187329328235,202503,indicator_12
72,dScWdMRN8PL,5814.289846687876,202503,indicator_12
73,gmw76vAUMqz,5610.610610610609,202503,indicator_12
74,LeuBT7KfuuA,5503.562945368167,202503,indicator_12
0,AcnMkNGgc3S,1.7451503333333331,202503,indicator_13
1,AdiUcz9BXhx,2.870934666666667,202503,indicator_13
2,Bd6E8zkVvVt,3.9265559999999997,202503,indicator_13
3,CBSB9v92AwT,4.203393,202503,indicator_13
4,CZ8kLjgqvSH,3.255792,202503,indicator_13
5,ClbehnmwSec,2.4082980000000003,202503,indicator_13
6,DggJGxqbWHn,1.7753326666666667,202503,indicator_13
7,FKYZ3JbWq84,3.599577333333334,202503,indicator_13
8,GaiLSoQq1ue,3.1271796666666667,202503,indicator_13
9,HJIS3IrQ0Nj,3.679653666666667,202503,indicator_13
10,IU006h5U7jj,2.236914,202503,indicator_13
11,IhQbDYRiF8w,3.5672033333333335,202503,indicator_13
12,J1P16zQEOUT,2.2279036666666667,202503,indicator_13
13,KP2BUB1npih,3.5141733333333334,202503,indicator_13
14,LeuBT7KfuuA,4.727256666666666,202503,indicator_13
15,M5NHlfAaKYI,4.801103666666667,202503,indicator_13
16,MTIkUw5q5pX,1.8260796666666665,202503,indicator_13
17,MVQs2RrS1Nw,3.424173666666667,202503,indicator_13
18,MfHac5N78aK,3.5943199999999997,202503,indicator_13
19,Mq751wBMqGF,2.095616,202503,indicator_13
20,N5WWbRtsjWp,4.556134333333333,202503,indicator_13
21,NL5xiiHZQSC,1.994675,202503,indicator_13
22,NNk3JP90QZ5,2.846601666666667,202503,indicator_13
23,NjckKfm3g0k,3.205075666666667,202503,indicator_13
24,PAj0oVY0Dxu,2.3121093333333333,202503,indicator_13
25,PeUY1vj02UQ,2.9899466666666665,202503,indicator_13
26,Pm0jLk6EAiE,2.9813426666666665,202503,indicator_13
27,QVMRMhzVrrS,2.6702093333333337,202503,indicator_13
28,StsLkYw1G0m,1.6937749999999998,202503,indicator_13
29,Tf9b9qcbghH,2.5958483333333335,202503,indicator_13
30,UAicdMLyuk4,2.0499366666666665,202503,indicator_13
31,VSI7HobT5qL,1.6983279999999998,202503,indicator_13
32,XBLhrSWGytu,2.1097026666666667,202503,indicator_13
33,XxaOowFtkiJ,2.974701666666667,202503,indicator_13
34,YQNQoPjAIpV,4.155405666666667,202503,indicator_13
35,YzHpzrN0eLv,3.2080919999999993,202503,indicator_13
36,ZLcx4iOVyN5,4.948377333333334,202503,indicator_13
37,aT03mfdlNiF,1.5516863333333333,202503,indicator_13
38,b4XkXzoGqFY,2.450548,202503,indicator_13
39,bNmwkrQeP3e,3.685396666666667,202503,indicator_13
40,c96jwckSd6j,2.8929349999999996,202503,indicator_13
41,cP0p8qfm3il,4.798112666666667,202503,indicator_13
42,d9ZuMopgX29,2.2079086666666665,202503,indicator_13
43,dScWdMRN8PL,3.3446903333333338,202503,indicator_13
44,eA37kyBRRuZ,3.0487863333333336,202503,indicator_13
45,eJTsuE56XDF,5.015821333333333,202503,indicator_13
46,fagfcadhxej,2.4806353333333337,202503,indicator_13
47,fe1yBApr2sl,3.0397966666666663,202503,indicator_13
48,frD2HOp3wAs,2.635107666666667,202503,indicator_13
49,fz7bJo3egPX,2.518348,202503,indicator_13
50,gmw76vAUMqz,2.145982,202503,indicator_13
51,hITp09XOBLZ,2.078412,202503,indicator_13
52,hgquAmZaNBu,4.290697000000001,202503,indicator_13
53,i2fSZZ3QAJJ,2.0040473333333333,202503,indicator_13
54,iE0E3nLioFr,3.347549666666667,202503,indicator_13
55,ibLiLcaKzw2,1.9235833333333332,202503,indicator_13
56,jM27ji8tyrM,1.4995833333333335,202503,indicator_13
57,k3D0AumUCiC,2.714041333333333,202503,indicator_13
58,lLvTDpBDY8u,1.9128886666666667,202503,indicator_13
59,m1IAjmqkoFC,3.2504830000000005,202503,indicator_13
60,o4ZQTVcMI7U,2.404856666666667,202503,indicator_13
61,oNDvGBE5fLq,0.9585060333333333,202503,indicator_13
62,ogBt4gWCiem,3.3001276666666666,202503,indicator_13
63,oyTwneTbWDx,3.4389000000000003,202503,indicator_13
64,sUQMxIc3yXj,2.5389916666666665,202503,indicator_13
65,tXgaew1Pd2Y,1.0248422,202503,indicator_13
66,tzH6nJu9SwS,2.2783976666666668,202503,indicator_13
67,uCYjHW7FuGG,2.660050666666667,202503,indicator_13
68,uEEwlAGZXWW,3.278374,202503,indicator_13
69,uS0pNSxN3sS,2.769961,202503,indicator_13
70,v8YGmR7nOdj,1.9804116666666667,202503,indicator_13
71,vR85cHdsw1w,2.968365,202503,indicator_13
72,vVqY3DPcpHf,4.431512333333334,202503,indicator_13
73,xUeHwd9FQkg,2.769816666666667,202503,indicator_13
74,y8WarEkWCul,2.0594756666666667,202503,indicator_13
0,AcnMkNGgc3S,99.11998666666666,202503,indicator_14
1,AdiUcz9BXhx,88.19379333333332,202503,indicator_14
2,Bd6E8zkVvVt,92.93257333333332,202503,indicator_14
3,CBSB9v92AwT,97.00695999999999,202503,indicator_14
4,CZ8kLjgqvSH,97.91361666666667,202503,indicator_14
5,ClbehnmwSec,96.70177666666666,202503,indicator_14
6,DggJGxqbWHn,98.64549,202503,indicator_14
7,FKYZ3JbWq84,96.62597666666666,202503,indicator_14
8,GaiLSoQq1ue,94.66087666666668,202503,indicator_14
9,HJIS3IrQ0Nj,98.75191333333333,202503,indicator_14
10,IU006h5U7jj,99.51081333333332,202503,indicator_14
11,IhQbDYRiF8w,91.80679333333332,202503,indicator_14
12,J1P16zQEOUT,93.45085999999999,202503,indicator_14
13,KP2BUB1npih,98.80130333333334,202503,indicator_14
14,LeuBT7KfuuA,98.68311333333334,202503,indicator_14
15,M5NHlfAaKYI,98.41546999999998,202503,indicator_14
16,MTIkUw5q5pX,92.69440999999999,202503,indicator_14
17,MVQs2RrS1Nw,98.97864,202503,indicator_14
18,MfHac5N78aK,94.25139666666666,202503,indicator_14
19,Mq751wBMqGF,99.22298666666666,202503,indicator_14
20,N5WWbRtsjWp,98.51836333333334,202503,indicator_14
21,NL5xiiHZQSC,97.80586999999998,202503,indicator_14
22,NNk3JP90QZ5,96.06223666666666,202503,indicator_14
23,NjckKfm3g0k,94.59624000000001,202503,indicator_14
24,PAj0oVY0Dxu,96.47187666666666,202503,indicator_14
25,PeUY1vj02UQ,96.16813,202503,indicator_14
26,Pm0jLk6EAiE,96.01031666666667,202503,indicator_14
27,QVMRMhzVrrS,89.66297999999999,202503,indicator_14
28,StsLkYw1G0m,98.01387999999999,202503,indicator_14
29,Tf9b9qcbghH,93.15116,202503,indicator_14
30,UAicdMLyuk4,96.99956666666667,202503,indicator_14
31,VSI7HobT5qL,98.44835666666667,202503,indicator_14
32,XBLhrSWGytu,99.26891,202503,indicator_14
33,XxaOowFtkiJ,95.53995333333334,202503,indicator_14
34,YQNQoPjAIpV,97.96598333333333,202503,indicator_14
35,YzHpzrN0eLv,96.36620333333333,202503,indicator_14
36,ZLcx4iOVyN5,99.18879666666665,202503,indicator_14
37,aT03mfdlNiF,97.95539666666666,202503,indicator_14
38,b4XkXzoGqFY,96.74717,202503,indicator_14
39,bNmwkrQeP3e,98.36660666666667,202503,indicator_14
40,c96jwckSd6j,97.96482666666667,202503,indicator_14
41,cP0p8qfm3il,95.48338333333334,202503,indicator_14
42,d9ZuMopgX29,97.83361666666667,202503,indicator_14
43,dScWdMRN8PL,95.33366000000001,202503,indicator_14
44,eA37kyBRRuZ,96.41201333333333,202503,indicator_14
45,eJTsuE56XDF,97.53532666666666,202503,indicator_14
46,fagfcadhxej,97.72054666666666,202503,indicator_14
47,fe1yBApr2sl,92.29243000000001,202503,indicator_14
48,frD2HOp3wAs,97.94518000000001,202503,indicator_14
49,fz7bJo3egPX,91.76218333333333,202503,indicator_14
50,gmw76vAUMqz,96.17320666666666,202503,indicator_14
51,hITp09XOBLZ,99.96563333333334,202503,indicator_14
52,hgquAmZaNBu,95.34104666666667,202503,indicator_14
53,i2fSZZ3QAJJ,96.77807333333334,202503,indicator_14
54,iE0E3nLioFr,98.44562333333333,202503,indicator_14
55,ibLiLcaKzw2,98.04750333333334,202503,indicator_14
56,jM27ji8tyrM,96.47359666666667,202503,indicator_14
57,k3D0AumUCiC,98.12542333333334,202503,indicator_14
58,lLvTDpBDY8u,98.48389000000002,202503,indicator_14
59,m1IAjmqkoFC,99.62355666666667,202503,indicator_14
60,o4ZQTVcMI7U,94.96795333333334,202503,indicator_14
61,oNDvGBE5fLq,96.88613666666667,202503,indicator_14
62,ogBt4gWCiem,94.07389666666667,202503,indicator_14
63,oyTwneTbWDx,99.46116,202503,indicator_14
64,sUQMxIc3yXj,96.98861999999998,202503,indicator_14
65,tXgaew1Pd2Y,98.72281666666667,202503,indicator_14
66,tzH6nJu9SwS,97.3404,202503,indicator_14
67,uCYjHW7FuGG,98.39280000000001,202503,indicator_14
68,uEEwlAGZXWW,90.29758,202503,indicator_14
69,uS0pNSxN3sS,98.03978666666667,202503,indicator_14
70,v8YGmR7nOdj,97.63283999999999,202503,indicator_14
71,vR85cHdsw1w,96.91259000000001,202503,indicator_14
72,vVqY3DPcpHf,98.76370333333334,202503,indicator_14
73,xUeHwd9FQkg,99.13353333333333,202503,indicator_14
74,y8WarEkWCul,95.92,202503,indicator_14
